user_id,age,subscription_plan,monthly_watch_time_mins,country,favorite_genre,last_login_date,customer_support_tickets
10000,39,Estandar,805.8,Brasil,Crimen,2025-03-04,5
10001,37,Estandar,1173.4,Colombia,Crimen,2019-04-02,2
10002,28,Basico,401.0,Colombia,Crimen,2018-04-13,0
10003,43,Basico,62.4,Uruguay,Thriller,2021-01-31,0
10004,51,Basico,477.8,Peru,Thriller,2020-09-30,1
10005,20,Basico,670.2,Uruguay,Drama,2020-07-03,2
10006,37,Basico,346.6,Peru,Thriller,2019-07-26,1
10007,31,Estandar,974.6,Chile,Accion,2019-02-24,1
10008,36,Premium,1432.2,Colombia,Romance,2025-08-03,2
10009,37,Estandar,1375.4,Argentina,Thriller,2024-02-12,1
10010,23,Basico,385.7,Argentina,Drama,2018-12-23,0
10011,46,Estandar,1148.0,Brasil,Comedia,2024-08-15,0
10012,15,Basico,901.9,Peru,Accion,2022-09-25,0
10013,43,Premium,1584.0,Argentina,Documental,2018-05-11,0
10014,45,Estandar,1104.6,Peru,Accion,2018-05-03,1
10015,29,Basico,530.5,Peru,Romance,2019-01-19,1
10016,24,Estandar,985.7,Peru,Documental,2020-06-14,0
10017,35,Estandar,1044.6,Uruguay,Comedia,2020-08-10,1
10018,32,Basico,244.3,Uruguay,Accion,2023-09-01,1
10019,30,Premium,874.3,Argentina,Drama,2024-10-01,1
10020,17,Basico,223.9,Mexico,Drama,2018-04-19,1
10021,23,Basico,288.4,Argentina,Thriller,2024-04-17,0
10022,33,Basico,14.5,Argentina,Drama,2020-03-25,0
10023,33,Basico,660.4,Argentina,Drama,2025-04-15,0
10024,33,Premium,776.0,Peru,Thriller,2025-11-12,0
10025,18,Premium,3628.4,Brasil,Thriller,2024-02-11,1
10026,40,Basico,723.9,Mexico,Accion,2022-09-15,2
10027,42,Premium,845.5,Uruguay,Romance,2020-06-21,0
10028,22,Premium,1168.3,Argentina,Documental,2023-01-14,0
10029,29,Estandar,1028.0,Chile,Drama,2024-08-10,1
10030,46,Basico,598.8,Argentina,Drama,2021-02-13,3
10031,44,Basico,1122.4,Argentina,Documental,2018-01-27,1
10032,32,Basico,0.0,Brasil,Drama,2019-10-16,0
10033,33,Basico,427.3,Peru,Documental,2025-10-30,1
10034,31,Basico,308.8,Colombia,Accion,2022-09-28,1
10035,37,Estandar,1114.7,Colombia,Drama,2021-10-25,1
10036,41,Basico,275.7,Mexico,Drama,2021-02-12,0
10037,33,Basico,611.0,Colombia,Documental,2019-09-29,2
10038,59,Premium,1119.3,Uruguay,Romance,2020-05-31,0
10039,26,Estandar,589.7,Chile,Drama,2021-10-10,0
10040,20,Basico,994.7,Chile,Comedia,2019-02-23,0
10041,39,Basico,1119.3,Chile,Documental,2019-01-15,0
10042,25,Basico,612.5,Uruguay,Crimen,2022-04-06,0
10043,32,Basico,330.1,Mexico,Romance,2019-02-01,0
10044,15,Estandar,1490.1,Mexico,Drama,2022-01-10,0
10045,29,Basico,740.6,Peru,Accion,2021-11-09,1
10046,27,Premium,1398.6,Peru,Thriller,2024-10-08,1
10047,53,Basico,313.4,Brasil,Comedia,2020-12-19,1
10048,26,Basico,822.8,Peru,Comedia,2018-06-27,0
10049,33,Basico,1081.6,Argentina,Romance,2023-02-25,0
10050,55,Estandar,979.6,Brasil,Drama,2024-01-06,2
10051,18,Basico,1140.0,Mexico,Crimen,2019-05-27,0
10052,25,Basico,465.7,Colombia,Accion,2022-03-31,1
10053,27,Estandar,1201.0,Brasil,Romance,2018-11-19,0
10054,34,Estandar,1091.9,Brasil,Thriller,2024-03-11,4
10055,41,Estandar,1180.4,Argentina,Documental,2021-04-15,2
10056,40,Basico,889.4,Brasil,Crimen,2025-01-18,0
10057,28,Estandar,814.3,Peru,Drama,2024-12-08,1
10058,20,Basico,960.2,Peru,Thriller,2022-02-14,1
10059,39,Estandar,824.8,Brasil,Drama,2024-06-22,1
10060,26,Basico,672.5,Peru,Accion,2020-02-27,1
10061,47,Basico,824.5,Colombia,Drama,2025-11-25,1
10062,15,Basico,280.3,Uruguay,Thriller,2018-10-12,2
10063,35,Estandar,935.6,Chile,Romance,2018-07-07,0
10064,36,Estandar,592.5,Brasil,Thriller,2025-01-06,2
10065,37,Estandar,1386.1,Peru,Thriller,2020-07-22,3
10066,16,Basico,427.3,Mexico,Accion,2021-03-31,0
10067,15,Estandar,875.3,Brasil,Drama,2018-11-23,1
10068,36,Basico,814.4,Uruguay,Romance,2020-08-11,1
10069,21,Basico,816.2,Colombia,Documental,2022-02-14,0
10070,51,Estandar,237.2,Brasil,Romance,2022-04-06,2
10071,32,Basico,678.5,Argentina,Accion,2021-02-12,0
10072,13,Basico,741.7,Brasil,Documental,2023-02-01,1
10073,28,Basico,619.5,Argentina,Accion,2025-02-16,0
10074,51,Premium,925.5,Chile,Accion,2022-02-03,1
10075,23,Estandar,658.2,Chile,Thriller,2019-10-29,1
10076,38,Basico,1150.4,Uruguay,Crimen,2022-02-14,1
10077,18,Premium,3628.4,Chile,Documental,2021-12-26,0
10078,33,Premium,1059.7,Peru,Drama,2020-05-08,0
10079,26,Premium,1168.3,Argentina,Crimen,2025-07-08,0
10080,38,Estandar,1461.7,Mexico,Crimen,2020-12-29,1
10081,26,Basico,983.9,Argentina,Drama,2025-11-14,0
10082,23,Premium,935.3,Chile,Thriller,2025-08-31,0
10083,33,Estandar,713.7,Mexico,Documental,2025-04-08,0
10084,27,Basico,1362.6,Brasil,Crimen,2018-10-20,3
10085,34,Estandar,926.9,Peru,Documental,2024-10-31,0
10086,38,Estandar,1400.0,Peru,Documental,2025-02-13,0
10087,56,Estandar,922.8,Chile,Drama,2019-12-02,1
10088,38,Estandar,839.5,Brasil,Accion,2023-12-28,1
10089,38,Basico,249.2,Argentina,Documental,2020-09-29,2
10090,17,Premium,1311.3,Chile,Thriller,2019-11-01,0
10091,34,Estandar,693.6,Uruguay,Comedia,2023-03-09,1
10092,19,Basico,178.7,Peru,Drama,2022-04-04,1
10093,29,Basico,210.9,Uruguay,Drama,2021-01-10,0
10094,36,Estandar,861.4,Colombia,Accion,2025-03-06,1
10095,53,Basico,470.3,Mexico,Romance,2022-02-14,2
10096,19,Basico,19.1,Peru,Crimen,2024-03-31,0
10097,48,Basico,621.5,Colombia,Thriller,2020-06-18,0
10098,29,Basico,0.0,Argentina,Crimen,2025-09-05,1
10099,38,Estandar,1377.0,Uruguay,Documental,2021-08-21,0
10100,42,Estandar,757.4,Mexico,Documental,2018-08-18,2
10101,26,Basico,394.1,Colombia,Accion,2020-07-27,0
10102,13,Premium,1369.1,Peru,Accion,2018-05-12,0
10103,27,Basico,791.7,Mexico,Accion,2022-02-14,2
10104,45,Basico,306.2,Colombia,Thriller,2022-07-02,0
10105,14,Basico,565.4,Chile,Accion,2021-01-01,0
10106,20,Estandar,935.7,Mexico,Documental,2018-09-29,0
10107,23,Basico,426.9,Uruguay,Comedia,2020-05-14,0
10108,26,Estandar,1093.3,Argentina,Drama,2024-05-12,1
10109,13,Premium,819.6,Colombia,Thriller,2021-07-12,1
10110,36,Basico,578.6,Mexico,Drama,2020-05-20,1
10111,32,Estandar,886.4,Colombia,Thriller,2025-05-08,0
10112,38,Estandar,715.3,Chile,Accion,2023-08-07,0
10113,30,Premium,1453.2,Peru,Accion,2022-06-09,2
10114,57,Basico,44.6,Peru,Romance,2025-03-18,1
10115,36,Basico,60.2,Mexico,Romance,2022-02-14,2
10116,33,Estandar,1187.4,Mexico,Thriller,2019-08-09,3
10117,29,Estandar,713.9,Brasil,Documental,2020-12-20,1
10118,13,Estandar,1066.3,Uruguay,Romance,2019-07-26,1
10119,43,Estandar,554.9,Peru,Documental,2020-10-07,1
10120,24,Basico,151.7,Chile,Accion,2024-04-18,0
10121,13,Estandar,656.4,Chile,Crimen,2024-01-17,0
10122,30,Estandar,709.2,Mexico,Thriller,2020-12-12,0
10123,26,Basico,966.6,Mexico,Crimen,2024-07-22,0
10124,30,Basico,399.5,Uruguay,Accion,2022-10-21,1
10125,21,Estandar,616.6,Peru,Drama,2024-07-18,1
10126,39,Basico,972.0,Uruguay,Drama,2022-06-24,2
10127,44,Estandar,837.7,Mexico,Thriller,2022-01-22,1
10128,19,Basico,638.7,Argentina,Drama,2020-06-17,1
10129,25,Estandar,640.4,Argentina,Thriller,2019-07-21,1
10130,35,Basico,911.5,Peru,Drama,2023-09-19,0
10131,17,Estandar,238.4,Colombia,Accion,2023-07-15,0
10132,33,Estandar,676.1,Chile,Drama,2019-01-08,1
10133,13,Basico,899.3,Colombia,Documental,2018-07-12,0
10134,37,Premium,1068.5,Chile,Comedia,2022-02-14,2
10135,30,Estandar,1177.8,Mexico,Romance,2019-09-19,1
10136,35,Basico,508.3,Argentina,Thriller,2025-01-14,0
10137,31,Estandar,730.1,Colombia,Documental,2019-10-18,2
10138,13,Basico,261.8,Chile,Romance,2022-02-14,2
10139,37,Estandar,1128.4,Argentina,Romance,2022-09-26,1
10140,28,Basico,898.3,Uruguay,Crimen,2024-09-08,0
10141,26,Premium,1130.7,Mexico,Thriller,2018-09-18,2
10142,37,Estandar,862.3,Argentina,Comedia,2022-04-26,0
10143,37,Estandar,302.7,Peru,Drama,2022-04-13,0
10144,18,Basico,582.3,Mexico,Accion,2024-09-06,1
10145,14,Estandar,1026.6,Argentina,Accion,2023-04-02,1
10146,53,Estandar,1352.6,Peru,Comedia,2023-12-08,1
10147,38,Basico,0.0,Uruguay,Accion,2020-10-26,1
10148,16,Basico,735.9,Mexico,Thriller,2024-03-16,1
10149,22,Estandar,1692.4,Colombia,Accion,2018-02-17,1
10150,27,Estandar,889.0,Brasil,Documental,2025-08-18,0
10151,29,Basico,627.6,Argentina,Drama,2019-04-15,1
10152,15,Premium,1021.9,Brasil,Thriller,2025-08-24,1
10153,13,Basico,916.1,Mexico,Drama,2024-01-09,0
10154,33,Basico,748.6,Colombia,Documental,2020-12-28,2
10155,44,Basico,696.9,Argentina,Thriller,2025-03-10,0
10156,43,Basico,592.8,Brasil,Romance,2021-10-25,0
10157,33,Premium,1368.1,Peru,Documental,2019-04-02,0
10158,17,Basico,710.3,Chile,Documental,2021-04-17,1
10159,30,Basico,593.2,Argentina,Thriller,2022-11-16,1
10160,44,Estandar,940.6,Colombia,Comedia,2019-10-10,0
10161,34,Premium,1491.0,Mexico,Documental,2023-02-02,1
10162,27,Estandar,1301.0,Argentina,Thriller,2022-02-14,2
10163,52,Basico,382.7,Mexico,Crimen,2020-12-14,0
10164,21,Basico,213.7,Argentina,Drama,2023-08-13,1
10165,31,Basico,267.4,Mexico,Comedia,2020-01-02,1
10166,37,Premium,1166.1,Mexico,Accion,2023-09-11,1
10167,35,Estandar,1007.6,Brasil,Accion,2019-03-12,0
10168,27,Basico,358.3,Mexico,Accion,2025-01-05,2
10169,64,Estandar,1000.3,Mexico,Comedia,2021-05-07,1
10170,60,Estandar,636.9,Argentina,Drama,2025-03-02,2
10171,16,Estandar,620.9,Mexico,Documental,2023-09-11,1
10172,40,Estandar,785.8,Chile,Thriller,2024-10-30,0
10173,44,Estandar,545.8,Colombia,Crimen,2020-03-25,0
10174,27,Premium,1221.6,Brasil,Accion,2019-09-19,2
10175,42,Basico,1140.9,Colombia,Documental,2022-03-12,1
10176,30,Basico,3628.4,Brasil,Drama,2019-10-24,1
10177,22,Premium,1340.2,Brasil,Comedia,2024-01-19,1
10178,36,Basico,501.2,Chile,Accion,2023-12-13,1
10179,41,Basico,0.0,Chile,Thriller,2018-01-03,0
10180,31,Basico,610.7,Peru,Comedia,2024-09-19,0
10181,29,Basico,904.4,Brasil,Crimen,2021-08-20,1
10182,39,Estandar,656.8,Colombia,Drama,2023-06-25,0
10183,58,Estandar,613.2,Uruguay,Romance,2018-03-21,0
10184,28,Premium,1130.7,Mexico,Comedia,2019-04-04,0
10185,32,Premium,758.0,Mexico,Crimen,2022-01-26,2
10186,44,Estandar,691.7,Uruguay,Accion,2021-06-13,0
10187,13,Basico,368.7,Colombia,Romance,2020-09-07,1
10188,38,Estandar,1070.8,Uruguay,Documental,2018-08-26,1
10189,38,Estandar,996.2,Colombia,Comedia,2020-09-13,2
10190,48,Estandar,1007.2,Colombia,Romance,2024-05-12,0
10191,25,Basico,1126.3,Argentina,Thriller,2018-11-19,0
10192,14,Estandar,1030.7,Mexico,Crimen,2018-12-17,0
10193,57,Basico,426.8,Peru,Romance,2023-06-14,2
10194,34,Basico,820.7,Uruguay,Drama,2018-10-11,1
10195,16,Basico,521.3,Chile,Thriller,2023-12-22,0
10196,46,Basico,579.3,Brasil,Thriller,2019-05-31,0
10197,41,Premium,836.8,Chile,Romance,2019-06-10,2
10198,36,Estandar,1131.7,Peru,Drama,2025-05-26,2
10199,27,Premium,1498.5,Peru,Documental,2023-05-01,2
10200,58,Estandar,629.5,Chile,Accion,2024-03-01,0
10201,21,Estandar,680.6,Peru,Documental,2019-11-08,0
10202,40,Estandar,210.8,Uruguay,Comedia,2020-12-21,0
10203,29,Basico,98.2,Peru,Thriller,2023-12-02,0
10204,32,Premium,1310.9,Brasil,Thriller,2024-10-20,2
10205,45,Estandar,840.6,Chile,Crimen,2022-09-30,0
10206,52,Estandar,1375.0,Peru,Comedia,2020-05-17,1
10207,18,Estandar,354.4,Brasil,Romance,2024-01-18,0
10208,28,Estandar,1294.3,Chile,Thriller,2025-09-26,0
10209,13,Basico,671.1,Argentina,Accion,2020-04-03,0
10210,53,Estandar,2872.1,Uruguay,Comedia,2025-12-30,0
10211,18,Basico,893.4,Mexico,Crimen,2021-06-30,0
10212,54,Basico,1042.0,Peru,Drama,2022-06-23,0
10213,32,Basico,868.6,Brasil,Comedia,2025-07-14,1
10214,60,Premium,746.8,Argentina,Accion,2025-04-15,0
10215,30,Premium,1814.6,Uruguay,Thriller,2022-03-10,2
10216,30,Basico,405.7,Argentina,Romance,2022-11-30,0
10217,36,Estandar,563.7,Uruguay,Crimen,2023-10-21,1
10218,34,Basico,678.0,Mexico,Comedia,2023-01-24,0
10219,21,Basico,579.4,Uruguay,Comedia,2019-11-05,0
10220,37,Basico,341.8,Brasil,Romance,2020-10-12,0
10221,44,Premium,1308.6,Chile,Accion,2020-07-09,1
10222,36,Basico,886.2,Argentina,Accion,2018-09-20,3
10223,44,Basico,1130.9,Chile,Comedia,2021-10-16,1
10224,29,Basico,616.0,Mexico,Thriller,2018-03-28,3
10225,43,Basico,424.7,Colombia,Accion,2024-08-06,1
10226,50,Estandar,1357.6,Mexico,Thriller,2024-03-18,1
10227,13,Basico,1115.9,Mexico,Documental,2020-07-31,0
10228,49,Estandar,1073.3,Brasil,Comedia,2024-08-07,4
10229,35,Basico,172.0,Uruguay,Romance,2020-06-21,0
10230,53,Estandar,954.0,Mexico,Crimen,2018-01-30,1
10231,35,Basico,671.6,Uruguay,Crimen,2018-10-18,1
10232,38,Estandar,494.8,Colombia,Documental,2025-12-09,2
10233,37,Basico,396.6,Brasil,Thriller,2025-01-28,1
10234,27,Basico,714.3,Argentina,Comedia,2018-08-30,0
10235,32,Basico,804.8,Colombia,Drama,2020-07-26,0
10236,21,Basico,571.9,Colombia,Accion,2018-10-04,1
10237,40,Basico,921.4,Argentina,Crimen,2018-05-09,2
10238,23,Estandar,511.3,Uruguay,Thriller,2021-09-15,2
10239,31,Basico,189.2,Argentina,Documental,2018-10-18,1
10240,18,Basico,596.2,Mexico,Thriller,2023-10-07,0
10241,18,Estandar,1090.9,Argentina,Accion,2020-09-01,0
10242,42,Estandar,354.1,Chile,Accion,2021-02-14,0
10243,46,Estandar,3628.4,Colombia,Thriller,2025-07-03,2
10244,47,Basico,1099.0,Argentina,Documental,2023-06-12,0
10245,21,Premium,1119.3,Uruguay,Accion,2020-05-27,0
10246,17,Estandar,1113.7,Mexico,Accion,2024-01-18,0
10247,17,Basico,489.5,Uruguay,Comedia,2019-06-26,0
10248,33,Basico,586.3,Colombia,Thriller,2024-05-27,0
10249,35,Estandar,970.9,Peru,Comedia,2024-06-18,0
10250,53,Basico,451.8,Uruguay,Thriller,2023-04-21,1
10251,24,Estandar,1102.6,Uruguay,Accion,2020-09-22,0
10252,39,Estandar,957.4,Uruguay,Accion,2023-04-22,0
10253,25,Basico,174.2,Chile,Documental,2022-02-14,0
10254,49,Basico,562.5,Chile,Thriller,2020-02-19,1
10255,38,Estandar,1298.7,Uruguay,Comedia,2019-01-22,1
10256,60,Estandar,1067.8,Chile,Accion,2019-02-02,1
10257,40,Basico,382.8,Mexico,Comedia,2025-05-23,0
10258,42,Estandar,888.5,Brasil,Accion,2022-11-01,0
10259,21,Premium,1246.6,Colombia,Crimen,2021-12-22,0
10260,24,Estandar,962.5,Uruguay,Drama,2022-10-01,0
10261,36,Premium,839.8,Uruguay,Comedia,2022-08-11,0
10262,34,Basico,476.2,Peru,Documental,2023-03-28,1
10263,33,Estandar,376.3,Peru,Romance,2018-08-10,1
10264,26,Estandar,753.2,Uruguay,Drama,2025-07-21,2
10265,15,Estandar,1142.0,Uruguay,Accion,2025-04-30,0
10266,17,Basico,478.1,Uruguay,Accion,2022-02-14,3
10267,27,Basico,0.0,Peru,Crimen,2019-02-08,1
10268,16,Basico,608.7,Chile,Crimen,2018-09-06,3
10269,35,Estandar,538.6,Uruguay,Romance,2022-07-08,0
10270,42,Premium,753.7,Brasil,Thriller,2021-10-21,1
10271,37,Premium,916.2,Chile,Thriller,2019-03-24,0
10272,37,Basico,496.6,Brasil,Thriller,2020-10-15,1
10273,37,Estandar,1105.8,Uruguay,Crimen,2020-02-24,1
10274,35,Estandar,1401.1,Brasil,Drama,2020-02-19,2
10275,13,Estandar,909.4,Uruguay,Documental,2022-02-14,3
10276,48,Premium,445.0,Chile,Accion,2023-01-12,0
10277,45,Estandar,861.2,Argentina,Drama,2019-07-29,0
10278,30,Estandar,769.7,Colombia,Drama,2022-09-25,1
10279,26,Premium,1446.9,Colombia,Crimen,2020-01-22,1
10280,40,Basico,893.2,Peru,Drama,2021-02-14,1
10281,21,Basico,0.0,Argentina,Comedia,2023-03-10,1
10282,31,Premium,1061.4,Brasil,Documental,2020-10-20,1
10283,29,Estandar,1025.8,Brasil,Crimen,2018-11-05,0
10284,18,Basico,624.9,Colombia,Accion,2022-12-21,2
10285,32,Estandar,822.5,Mexico,Comedia,2024-03-04,0
10286,48,Estandar,856.8,Mexico,Crimen,2019-02-06,1
10287,40,Estandar,286.6,Peru,Thriller,2018-07-27,2
10288,30,Basico,543.7,Brasil,Documental,2025-04-25,1
10289,49,Basico,414.7,Chile,Crimen,2024-01-24,2
10290,48,Estandar,654.9,Colombia,Comedia,2018-03-02,1
10291,24,Premium,1357.4,Argentina,Thriller,2019-01-18,0
10292,28,Premium,887.5,Brasil,Comedia,2020-08-26,0
10293,54,Premium,1022.1,Mexico,Comedia,2019-11-13,0
10294,54,Basico,309.7,Colombia,Accion,2022-07-23,0
10295,27,Estandar,841.0,Brasil,Comedia,2023-06-13,1
10296,53,Premium,1456.1,Peru,Thriller,2023-05-26,1
10297,47,Estandar,642.2,Peru,Thriller,2020-05-25,1
10298,28,Basico,266.5,Chile,Romance,2022-07-01,0
10299,52,Premium,1351.9,Uruguay,Accion,2018-08-29,1
10300,48,Basico,736.3,Colombia,Romance,2019-11-06,5
10301,56,Basico,1043.8,Brasil,Comedia,2022-02-14,0
10302,27,Estandar,1096.9,Brasil,Documental,2018-01-09,1
10303,46,Premium,1087.6,Brasil,Thriller,2022-05-19,1
10304,20,Basico,533.5,Peru,Romance,2020-12-22,1
10305,44,Basico,799.0,Uruguay,Thriller,2023-02-07,0
10306,43,Premium,1085.7,Colombia,Thriller,2021-03-14,0
10307,44,Premium,928.3,Colombia,Romance,2022-09-29,1
10308,33,Basico,310.9,Uruguay,Comedia,2025-10-24,1
10309,13,Basico,832.9,Peru,Romance,2024-03-26,0
10310,34,Estandar,877.9,Peru,Crimen,2025-06-04,0
10311,15,Estandar,680.7,Chile,Crimen,2023-06-17,0
10312,20,Estandar,1031.5,Mexico,Documental,2022-02-14,2
10313,25,Premium,890.7,Peru,Drama,2020-02-17,1
10314,39,Basico,771.8,Colombia,Drama,2021-04-30,1
10315,21,Basico,0.0,Chile,Accion,2020-06-10,2
10316,55,Estandar,519.0,Peru,Accion,2018-08-28,1
10317,26,Basico,294.3,Peru,Thriller,2024-06-30,1
10318,37,Premium,1069.2,Uruguay,Accion,2024-01-30,0
10319,37,Estandar,839.8,Peru,Comedia,2018-09-07,0
10320,44,Estandar,825.1,Uruguay,Documental,2021-07-08,0
10321,46,Basico,711.7,Mexico,Crimen,2018-08-23,1
10322,13,Estandar,914.2,Uruguay,Crimen,2018-07-25,2
10323,34,Basico,822.9,Uruguay,Accion,2024-07-20,1
10324,34,Basico,420.8,Brasil,Thriller,2023-05-07,1
10325,23,Premium,1113.2,Brasil,Romance,2023-08-22,0
10326,22,Premium,1525.6,Chile,Romance,2023-12-16,1
10327,26,Basico,638.7,Uruguay,Comedia,2019-10-07,0
10328,37,Basico,526.0,Argentina,Thriller,2018-08-21,1
10329,37,Basico,784.3,Chile,Accion,2023-09-12,1
10330,40,Premium,881.2,Colombia,Drama,2018-11-25,0
10331,29,Estandar,554.8,Chile,Documental,2020-02-01,1
10332,45,Estandar,711.9,Peru,Documental,2018-10-08,1
10333,19,Estandar,1230.1,Uruguay,Romance,2024-09-03,0
10334,29,Premium,1317.8,Peru,Romance,2018-10-06,0
10335,29,Basico,688.5,Brasil,Documental,2025-07-28,1
10336,38,Basico,620.4,Argentina,Documental,2020-08-21,0
10337,37,Premium,1388.9,Mexico,Romance,2022-07-12,0
10338,15,Basico,93.0,Brasil,Accion,2019-05-07,0
10339,27,Estandar,821.0,Chile,Accion,2024-05-22,0
10340,28,Premium,1390.2,Chile,Documental,2020-10-05,1
10341,44,Basico,381.4,Peru,Thriller,2024-06-29,0
10342,38,Basico,3628.4,Colombia,Drama,2024-09-01,0
10343,13,Estandar,755.2,Mexico,Drama,2018-12-06,0
10344,45,Premium,1123.6,Peru,Romance,2024-12-11,0
10345,42,Basico,342.2,Mexico,Accion,2018-12-02,2
10346,22,Basico,626.3,Brasil,Drama,2022-09-14,3
10347,13,Basico,766.9,Uruguay,Accion,2025-05-16,2
10348,59,Estandar,493.8,Uruguay,Drama,2024-07-18,1
10349,22,Basico,559.7,Brasil,Documental,2024-05-04,2
10350,34,Estandar,1392.4,Colombia,Accion,2023-11-12,0
10351,28,Basico,0.0,Mexico,Thriller,2021-07-19,1
10352,61,Estandar,687.9,Brasil,Thriller,2020-12-04,0
10353,31,Basico,552.2,Colombia,Documental,2020-04-16,1
10354,13,Basico,88.8,Chile,Documental,2025-07-06,0
10355,43,Basico,363.8,Argentina,Crimen,2021-07-10,0
10356,46,Estandar,856.8,Mexico,Accion,2020-09-04,1
10357,25,Basico,65.6,Uruguay,Crimen,2020-12-23,1
10358,45,Premium,976.4,Chile,Crimen,2022-06-10,0
10359,28,Basico,597.0,Peru,Drama,2019-06-21,1
10360,30,Estandar,564.8,Chile,Crimen,2025-07-14,0
10361,52,Basico,392.9,Chile,Romance,2025-03-28,0
10362,36,Estandar,991.4,Chile,Documental,2021-05-13,1
10363,42,Estandar,924.6,Uruguay,Documental,2023-02-16,1
10364,20,Basico,584.7,Colombia,Thriller,2021-07-19,0
10365,66,Basico,394.6,Brasil,Accion,2018-10-25,1
10366,44,Premium,1085.7,Colombia,Documental,2018-02-08,5
10367,19,Basico,844.1,Chile,Accion,2023-02-21,0
10368,40,Premium,1306.4,Peru,Drama,2024-12-19,0
10369,43,Basico,0.0,Argentina,Accion,2022-02-14,2
10370,30,Basico,161.4,Argentina,Drama,2019-02-14,1
10371,13,Basico,657.0,Peru,Romance,2018-10-28,2
10372,35,Premium,1119.3,Uruguay,Accion,2024-01-12,1
10373,33,Basico,183.1,Mexico,Documental,2020-05-23,1
10374,20,Basico,434.2,Mexico,Crimen,2023-09-04,1
10375,32,Premium,1223.3,Uruguay,Comedia,2020-12-22,2
10376,32,Basico,693.3,Colombia,Thriller,2019-06-27,2
10377,27,Premium,933.5,Mexico,Comedia,2022-02-14,2
10378,58,Basico,577.3,Mexico,Romance,2018-10-09,1
10379,37,Basico,435.5,Brasil,Drama,2020-09-27,1
10380,46,Estandar,647.0,Peru,Crimen,2022-02-22,0
10381,39,Premium,1393.4,Peru,Documental,2021-03-13,2
10382,29,Estandar,939.6,Uruguay,Drama,2019-10-09,2
10383,38,Estandar,840.6,Colombia,Romance,2022-11-30,0
10384,73,Estandar,451.8,Peru,Romance,2024-02-04,2
10385,40,Estandar,948.2,Uruguay,Documental,2025-11-21,1
10386,32,Premium,1594.9,Uruguay,Crimen,2021-05-24,0
10387,41,Estandar,0.0,Peru,Romance,2024-11-10,0
10388,57,Estandar,772.7,Colombia,Comedia,2025-05-02,0
10389,22,Premium,708.5,Mexico,Accion,2023-12-07,1
10390,27,Basico,824.1,Argentina,Thriller,2018-02-02,2
10391,43,Estandar,1091.4,Peru,Drama,2025-06-28,2
10392,24,Basico,542.3,Colombia,Romance,2024-03-21,0
10393,24,Premium,1051.5,Brasil,Comedia,2021-05-11,0
10394,25,Premium,1257.6,Uruguay,Accion,2025-06-10,0
10395,32,Basico,322.9,Uruguay,Comedia,2019-03-01,0
10396,43,Basico,488.0,Brasil,Romance,2019-07-05,0
10397,34,Estandar,857.4,Brasil,Documental,2020-12-19,1
10398,34,Basico,871.2,Chile,Thriller,2019-04-18,1
10399,20,Estandar,1100.3,Uruguay,Crimen,2019-03-15,1
10400,20,Estandar,870.9,Chile,Thriller,2024-03-16,1
10401,38,Basico,246.8,Uruguay,Drama,2019-09-29,0
10402,34,Basico,547.0,Colombia,Accion,2021-01-20,2
10403,39,Basico,494.4,Uruguay,Documental,2021-02-28,1
10404,46,Estandar,910.7,Chile,Romance,2024-10-13,1
10405,41,Estandar,795.7,Argentina,Comedia,2020-05-12,0
10406,42,Premium,1185.5,Peru,Comedia,2021-11-05,0
10407,40,Basico,434.8,Uruguay,Documental,2020-04-13,2
10408,36,Estandar,758.9,Chile,Drama,2025-09-16,0
10409,34,Basico,742.4,Peru,Comedia,2025-02-10,2
10410,30,Estandar,954.8,Uruguay,Romance,2020-12-17,1
10411,38,Estandar,1051.5,Uruguay,Crimen,2023-09-02,1
10412,42,Basico,497.4,Mexico,Thriller,2023-06-25,1
10413,29,Estandar,1478.7,Brasil,Thriller,2020-10-25,0
10414,46,Estandar,1015.5,Brasil,Thriller,2018-07-28,0
10415,21,Premium,1402.3,Chile,Accion,2022-02-14,2
10416,23,Premium,1119.3,Uruguay,Crimen,2025-02-11,1
10417,58,Basico,619.2,Uruguay,Romance,2022-10-01,0
10418,24,Basico,593.4,Argentina,Comedia,2021-02-07,0
10419,13,Basico,318.0,Peru,Comedia,2018-06-30,0
10420,45,Estandar,1464.1,Brasil,Thriller,2018-01-15,2
10421,49,Estandar,907.5,Brasil,Accion,2021-09-28,0
10422,37,Premium,1331.2,Chile,Thriller,2019-06-20,1
10423,44,Premium,1717.3,Peru,Crimen,2025-02-22,1
10424,44,Estandar,1484.1,Argentina,Documental,2020-12-08,2
10425,28,Basico,826.7,Brasil,Crimen,2019-10-24,2
10426,34,Premium,1315.6,Colombia,Accion,2022-12-15,1
10427,30,Basico,598.6,Brasil,Drama,2024-03-09,1
10428,14,Estandar,909.1,Brasil,Accion,2025-11-30,0
10429,44,Estandar,652.4,Chile,Accion,2022-10-18,0
10430,16,Basico,3628.4,Argentina,Drama,2022-02-14,3
10431,14,Basico,697.9,Mexico,Romance,2018-02-09,0
10432,35,Basico,563.2,Mexico,Crimen,2019-04-04,3
10433,32,Estandar,452.1,Peru,Accion,2018-11-05,1
10434,36,Estandar,465.0,Colombia,Thriller,2025-10-01,0
10435,18,Basico,743.4,Chile,Romance,2019-09-03,1
10436,28,Estandar,828.8,Brasil,Crimen,2024-02-13,0
10437,24,Premium,648.8,Mexico,Drama,2018-05-28,0
10438,26,Basico,972.8,Brasil,Accion,2022-02-14,3
10439,25,Estandar,1103.0,Mexico,Comedia,2024-07-13,1
10440,34,Basico,244.7,Argentina,Crimen,2024-03-13,0
10441,36,Basico,489.4,Brasil,Thriller,2019-08-30,1
10442,34,Estandar,1693.0,Mexico,Crimen,2022-10-27,0
10443,31,Estandar,840.6,Chile,Thriller,2019-06-07,1
10444,18,Basico,666.4,Peru,Accion,2018-06-21,0
10445,34,Basico,777.1,Mexico,Romance,2021-06-16,0
10446,46,Estandar,1087.0,Mexico,Comedia,2022-02-02,2
10447,27,Basico,523.9,Colombia,Comedia,2018-06-13,0
10448,42,Basico,0.0,Chile,Romance,2022-01-05,0
10449,33,Premium,1079.6,Colombia,Romance,2020-05-10,0
10450,47,Estandar,559.7,Argentina,Crimen,2025-08-25,2
10451,27,Basico,784.9,Argentina,Accion,2020-10-19,0
10452,42,Estandar,609.6,Argentina,Documental,2025-06-24,0
10453,35,Basico,0.0,Chile,Accion,2019-02-26,0
10454,14,Estandar,1103.7,Brasil,Crimen,2021-12-19,0
10455,57,Basico,577.9,Argentina,Romance,2024-04-12,2
10456,43,Estandar,826.3,Peru,Crimen,2022-07-23,1
10457,27,Basico,722.8,Colombia,Comedia,2022-02-14,3
10458,41,Estandar,878.2,Mexico,Comedia,2019-09-26,0
10459,42,Basico,821.7,Mexico,Documental,2020-08-27,1
10460,15,Estandar,735.8,Mexico,Accion,2019-10-28,2
10461,55,Premium,1162.8,Brasil,Accion,2019-12-27,1
10462,28,Basico,273.9,Colombia,Documental,2022-08-16,1
10463,39,Premium,1091.4,Peru,Documental,2018-04-12,1
10464,29,Basico,414.8,Brasil,Documental,2020-01-05,0
10465,42,Basico,506.0,Uruguay,Accion,2021-09-22,1
10466,25,Basico,475.3,Colombia,Crimen,2022-08-14,0
10467,27,Premium,750.0,Uruguay,Accion,2025-07-06,1
10468,42,Estandar,3028.4,Uruguay,Crimen,2020-10-13,0
10469,33,Premium,1064.5,Chile,Drama,2020-12-28,2
10470,38,Basico,138.0,Argentina,Thriller,2019-10-15,0
10471,38,Estandar,840.6,Chile,Thriller,2025-11-12,1
10472,37,Basico,208.6,Peru,Accion,2019-03-19,0
10473,55,Estandar,649.1,Mexico,Romance,2022-04-16,1
10474,23,Estandar,1315.6,Argentina,Drama,2018-06-08,1
10475,14,Basico,604.2,Uruguay,Drama,2023-04-12,0
10476,59,Basico,237.2,Mexico,Crimen,2020-06-30,0
10477,53,Estandar,1081.9,Uruguay,Drama,2020-03-28,0
10478,15,Estandar,1014.6,Argentina,Comedia,2023-03-01,0
10479,29,Estandar,984.5,Colombia,Drama,2021-12-03,1
10480,42,Basico,446.7,Argentina,Thriller,2021-06-04,2
10481,37,Estandar,3628.4,Chile,Thriller,2020-07-21,0
10482,46,Basico,714.0,Uruguay,Romance,2020-07-02,0
10483,22,Basico,2897.0,Argentina,Documental,2018-04-07,1
10484,43,Basico,443.4,Uruguay,Documental,2025-05-27,0
10485,28,Estandar,1274.3,Peru,Documental,2020-03-02,1
10486,42,Estandar,783.0,Argentina,Romance,2022-06-21,0
10487,43,Estandar,763.7,Mexico,Crimen,2021-09-06,0
10488,37,Premium,1436.2,Uruguay,Comedia,2021-02-15,2
10489,27,Basico,825.1,Argentina,Crimen,2018-10-12,0
10490,25,Estandar,851.3,Uruguay,Thriller,2021-02-17,0
10491,28,Estandar,1312.0,Argentina,Accion,2021-12-09,0
10492,40,Premium,817.6,Brasil,Romance,2025-03-12,1
10493,21,Basico,192.5,Chile,Romance,2023-09-18,0
10494,30,Premium,1199.8,Brasil,Romance,2022-06-26,0
10495,40,Estandar,1044.1,Argentina,Documental,2025-08-15,0
10496,25,Premium,800.5,Colombia,Documental,2024-01-06,1
10497,51,Premium,1184.0,Uruguay,Accion,2021-09-18,1
10498,13,Estandar,509.0,Uruguay,Romance,2018-04-24,1
10499,41,Estandar,981.4,Uruguay,Comedia,2019-04-18,0
10500,13,Basico,2549.7,Chile,Documental,2020-12-05,0
10501,24,Basico,457.9,Argentina,Comedia,2020-01-02,1
10502,32,Basico,360.3,Peru,Accion,2022-02-14,2
10503,14,Estandar,248.4,Chile,Romance,2020-12-23,1
10504,40,Estandar,223.3,Brasil,Romance,2018-06-06,0
10505,22,Basico,631.7,Chile,Drama,2019-03-21,0
10506,44,Basico,474.9,Argentina,Romance,2024-09-09,0
10507,33,Estandar,605.2,Brasil,Romance,2022-11-15,1
10508,48,Premium,1192.2,Argentina,Documental,2021-11-16,0
10509,37,Estandar,271.2,Mexico,Comedia,2021-07-08,0
10510,30,Basico,546.6,Argentina,Comedia,2022-11-23,1
10511,44,Premium,431.0,Uruguay,Thriller,2024-10-19,1
10512,48,Basico,392.6,Brasil,Documental,2023-09-26,0
10513,24,Estandar,820.0,Mexico,Romance,2019-04-19,0
10514,55,Estandar,759.5,Mexico,Documental,2022-04-27,0
10515,37,Basico,647.8,Peru,Thriller,2024-06-19,0
10516,14,Estandar,1432.3,Brasil,Accion,2020-02-18,1
10517,38,Estandar,574.5,Brasil,Documental,2020-11-09,0
10518,35,Estandar,812.3,Argentina,Romance,2018-07-01,1
10519,40,Estandar,981.9,Colombia,Comedia,2025-12-13,0
10520,53,Basico,340.2,Mexico,Drama,2022-11-22,0
10521,29,Premium,700.2,Uruguay,Documental,2018-07-01,0
10522,36,Basico,396.6,Chile,Romance,2023-10-31,2
10523,20,Premium,1434.9,Colombia,Crimen,2024-01-15,0
10524,24,Estandar,654.9,Brasil,Documental,2025-09-14,1
10525,46,Estandar,1021.9,Peru,Romance,2025-07-09,0
10526,37,Basico,3293.6,Uruguay,Drama,2020-03-18,1
10527,45,Premium,1084.7,Uruguay,Accion,2022-01-31,1
10528,42,Premium,1056.5,Colombia,Comedia,2022-11-02,1
10529,34,Basico,590.1,Uruguay,Thriller,2018-10-14,0
10530,43,Premium,1346.0,Brasil,Documental,2025-06-13,0
10531,32,Basico,388.8,Uruguay,Documental,2021-09-14,0
10532,38,Basico,1008.0,Brasil,Drama,2024-12-27,0
10533,21,Basico,906.3,Mexico,Comedia,2021-07-09,1
10534,36,Estandar,1184.4,Brasil,Crimen,2025-06-10,1
10535,24,Basico,1040.4,Mexico,Romance,2019-05-26,2
10536,16,Premium,1195.2,Uruguay,Comedia,2021-05-15,2
10537,26,Estandar,889.5,Chile,Documental,2023-09-09,1
10538,57,Estandar,851.2,Argentina,Documental,2021-06-20,0
10539,38,Estandar,523.0,Peru,Thriller,2025-06-24,0
10540,18,Premium,1126.1,Chile,Thriller,2022-07-31,1
10541,31,Estandar,444.2,Uruguay,Accion,2021-08-29,4
10542,39,Basico,883.1,Mexico,Thriller,2022-07-07,0
10543,24,Estandar,802.3,Uruguay,Romance,2022-02-14,2
10544,41,Basico,292.6,Peru,Drama,2021-04-26,1
10545,37,Premium,1412.5,Peru,Romance,2024-03-20,1
10546,24,Basico,0.0,Argentina,Comedia,2019-06-06,1
10547,26,Basico,493.1,Chile,Documental,2020-02-25,1
10548,13,Estandar,701.9,Colombia,Crimen,2022-09-19,0
10549,29,Basico,364.4,Brasil,Crimen,2025-06-16,0
10550,41,Basico,371.6,Colombia,Romance,2022-04-02,1
10551,44,Basico,1030.2,Colombia,Comedia,2025-08-06,1
10552,16,Estandar,1100.0,Argentina,Drama,2019-12-14,1
10553,19,Estandar,107.0,Chile,Accion,2024-11-26,2
10554,52,Premium,1264.5,Chile,Documental,2024-05-20,1
10555,42,Estandar,1476.1,Uruguay,Romance,2021-05-17,0
10556,30,Estandar,927.5,Mexico,Drama,2022-07-22,2
10557,34,Estandar,1280.3,Uruguay,Comedia,2024-02-23,1
10558,23,Basico,857.8,Uruguay,Crimen,2018-01-02,0
10559,26,Premium,977.5,Colombia,Crimen,2021-05-29,1
10560,48,Basico,370.1,Chile,Romance,2021-03-21,1
10561,40,Basico,1071.1,Uruguay,Drama,2020-05-10,0
10562,35,Estandar,316.1,Peru,Accion,2022-10-27,2
10563,32,Basico,379.5,Uruguay,Drama,2024-07-03,1
10564,22,Premium,899.3,Peru,Accion,2024-10-20,2
10565,42,Estandar,1169.6,Colombia,Comedia,2025-05-05,1
10566,31,Estandar,1044.3,Chile,Crimen,2021-08-12,2
10567,19,Estandar,1059.1,Uruguay,Comedia,2023-03-20,1
10568,16,Premium,1410.1,Argentina,Accion,2022-12-15,3
10569,28,Estandar,195.0,Argentina,Drama,2022-12-17,0
10570,36,Estandar,1005.3,Chile,Accion,2025-07-30,0
10571,56,Basico,826.5,Chile,Crimen,2020-05-25,3
10572,47,Basico,288.1,Argentina,Drama,2023-09-25,0
10573,34,Premium,1129.5,Peru,Documental,2023-04-23,1
10574,20,Basico,724.7,Colombia,Romance,2019-11-27,1
10575,42,Basico,471.5,Brasil,Thriller,2025-05-22,1
10576,24,Estandar,230.6,Uruguay,Documental,2018-12-14,0
10577,44,Basico,404.6,Argentina,Romance,2021-03-08,2
10578,28,Basico,412.2,Uruguay,Romance,2023-10-13,5
10579,33,Estandar,1005.2,Chile,Accion,2025-06-12,0
10580,37,Basico,782.1,Mexico,Documental,2025-02-05,0
10581,31,Premium,1119.3,Uruguay,Comedia,2024-12-11,2
10582,24,Basico,873.9,Argentina,Accion,2021-10-04,0
10583,27,Basico,211.9,Argentina,Thriller,2019-01-18,0
10584,36,Basico,1098.1,Peru,Comedia,2020-08-20,0
10585,17,Basico,1185.9,Argentina,Comedia,2025-07-18,2
10586,44,Premium,1119.3,Uruguay,Documental,2021-06-25,1
10587,31,Basico,825.0,Argentina,Romance,2020-07-09,0
10588,31,Basico,3628.4,Brasil,Documental,2020-03-26,1
10589,35,Estandar,632.6,Uruguay,Documental,2019-08-27,1
10590,13,Premium,1336.3,Colombia,Thriller,2018-04-11,1
10591,33,Basico,694.2,Peru,Romance,2018-07-09,0
10592,29,Basico,1154.1,Peru,Drama,2020-09-29,0
10593,13,Premium,1479.2,Argentina,Accion,2023-05-01,1
10594,47,Basico,384.0,Chile,Crimen,2024-11-08,0
10595,15,Premium,243.7,Colombia,Accion,2018-10-26,0
10596,39,Basico,697.7,Argentina,Romance,2023-02-09,0
10597,36,Estandar,993.7,Chile,Romance,2022-08-25,1
10598,39,Premium,835.7,Argentina,Drama,2025-01-23,1
10599,22,Estandar,783.9,Mexico,Romance,2024-06-15,1
10600,42,Basico,0.0,Uruguay,Crimen,2020-03-07,0
10601,53,Estandar,735.8,Colombia,Crimen,2025-10-23,0
10602,19,Basico,423.4,Uruguay,Accion,2022-04-22,0
10603,35,Estandar,364.5,Mexico,Accion,2023-07-18,0
10604,44,Basico,391.1,Uruguay,Drama,2022-06-25,0
10605,20,Basico,235.1,Colombia,Comedia,2020-09-26,0
10606,28,Basico,981.7,Colombia,Crimen,2019-08-28,1
10607,37,Estandar,730.9,Chile,Comedia,2025-05-11,0
10608,13,Premium,1265.9,Colombia,Documental,2025-09-17,2
10609,21,Basico,931.8,Mexico,Crimen,2018-01-23,5
10610,30,Estandar,539.9,Brasil,Documental,2019-03-13,2
10611,13,Basico,112.6,Argentina,Romance,2022-10-08,0
10612,31,Estandar,1153.7,Peru,Accion,2020-06-15,1
10613,13,Estandar,1483.9,Chile,Drama,2019-12-22,1
10614,28,Basico,245.2,Mexico,Documental,2025-10-21,2
10615,23,Basico,240.2,Argentina,Comedia,2023-10-23,1
10616,32,Premium,1141.7,Mexico,Comedia,2022-02-14,2
10617,43,Basico,214.0,Uruguay,Romance,2018-07-25,0
10618,34,Estandar,621.0,Peru,Romance,2024-04-02,0
10619,26,Basico,572.4,Colombia,Documental,2020-10-17,1
10620,41,Premium,974.4,Uruguay,Thriller,2019-05-13,0
10621,16,Basico,824.3,Colombia,Comedia,2023-02-13,2
10622,32,Estandar,1415.7,Uruguay,Documental,2019-07-01,0
10623,25,Premium,843.6,Brasil,Thriller,2023-03-19,1
10624,22,Basico,472.0,Colombia,Thriller,2025-06-27,1
10625,26,Premium,1388.4,Uruguay,Accion,2023-12-16,0
10626,25,Basico,432.6,Colombia,Accion,2024-04-08,2
10627,22,Basico,585.3,Peru,Accion,2024-09-04,1
10628,33,Estandar,700.9,Uruguay,Documental,2021-07-23,0
10629,48,Estandar,625.1,Peru,Documental,2022-12-18,2
10630,59,Estandar,544.9,Colombia,Romance,2024-11-14,3
10631,22,Estandar,633.4,Chile,Comedia,2023-08-30,1
10632,44,Basico,694.4,Chile,Documental,2022-10-14,1
10633,42,Basico,1120.2,Colombia,Thriller,2024-02-23,1
10634,21,Estandar,1092.4,Argentina,Accion,2023-01-01,0
10635,46,Basico,654.1,Argentina,Comedia,2022-02-14,0
10636,14,Basico,1091.9,Chile,Drama,2023-04-29,2
10637,52,Estandar,819.5,Uruguay,Accion,2023-01-18,0
10638,36,Basico,574.7,Uruguay,Crimen,2020-11-27,1
10639,24,Basico,550.2,Chile,Accion,2020-10-09,2
10640,32,Premium,1374.6,Argentina,Drama,2025-02-24,2
10641,44,Basico,291.0,Brasil,Thriller,2021-02-09,0
10642,32,Basico,213.4,Uruguay,Drama,2023-11-06,1
10643,23,Basico,429.0,Argentina,Accion,2022-02-14,2
10644,52,Estandar,639.8,Peru,Documental,2025-01-11,0
10645,23,Basico,983.7,Colombia,Accion,2020-09-06,2
10646,41,Basico,1435.1,Argentina,Romance,2021-01-29,0
10647,15,Basico,1031.1,Peru,Drama,2022-12-07,0
10648,33,Estandar,937.9,Chile,Documental,2018-11-14,1
10649,30,Basico,0.0,Chile,Crimen,2021-03-16,2
10650,50,Estandar,605.2,Uruguay,Thriller,2020-08-18,1
10651,30,Premium,1130.7,Mexico,Crimen,2021-01-17,2
10652,33,Estandar,225.5,Mexico,Documental,2021-10-07,0
10653,48,Basico,2554.0,Peru,Documental,2021-08-02,0
10654,42,Premium,1534.7,Mexico,Thriller,2024-01-22,1
10655,33,Premium,1097.5,Chile,Documental,2018-11-27,0
10656,52,Estandar,335.2,Uruguay,Drama,2019-07-21,2
10657,46,Basico,789.7,Mexico,Crimen,2019-09-10,1
10658,27,Premium,1428.7,Uruguay,Documental,2020-08-05,2
10659,43,Estandar,175.8,Chile,Thriller,2022-04-18,1
10660,32,Basico,978.9,Colombia,Accion,2025-10-13,0
10661,22,Basico,549.4,Uruguay,Crimen,2019-09-18,1
10662,52,Estandar,1324.1,Chile,Accion,2025-12-03,1
10663,26,Basico,681.4,Chile,Comedia,2020-05-26,0
10664,22,Premium,1170.7,Argentina,Drama,2018-09-21,0
10665,31,Estandar,874.6,Colombia,Comedia,2022-08-27,0
10666,32,Basico,419.6,Brasil,Documental,2022-07-28,0
10667,57,Estandar,956.9,Argentina,Comedia,2021-09-17,0
10668,35,Premium,1476.2,Peru,Thriller,2024-02-01,1
10669,30,Estandar,217.7,Colombia,Accion,2023-03-24,0
10670,17,Basico,226.5,Brasil,Drama,2022-08-31,0
10671,52,Premium,644.6,Mexico,Crimen,2018-09-13,0
10672,40,Basico,960.0,Colombia,Crimen,2020-04-27,0
10673,38,Basico,78.6,Chile,Thriller,2022-09-17,0
10674,31,Estandar,416.2,Chile,Drama,2022-05-15,1
10675,17,Basico,463.9,Chile,Crimen,2024-07-20,0
10676,13,Basico,66.7,Mexico,Romance,2025-10-19,1
10677,40,Estandar,441.6,Brasil,Accion,2018-03-22,0
10678,50,Estandar,1027.4,Chile,Documental,2024-06-16,1
10679,19,Basico,482.7,Uruguay,Crimen,2022-04-08,0
10680,32,Estandar,670.6,Mexico,Documental,2023-05-08,0
10681,31,Estandar,910.5,Brasil,Documental,2018-01-25,0
10682,54,Premium,1119.3,Uruguay,Accion,2021-12-11,1
10683,36,Estandar,422.2,Argentina,Comedia,2021-05-08,2
10684,14,Basico,588.3,Mexico,Accion,2022-05-17,2
10685,45,Basico,0.0,Uruguay,Romance,2022-09-13,1
10686,30,Basico,0.0,Uruguay,Thriller,2024-01-14,0
10687,35,Estandar,1012.4,Peru,Accion,2024-02-15,1
10688,35,Basico,381.1,Chile,Romance,2024-10-06,0
10689,47,Basico,337.1,Peru,Drama,2020-06-22,2
10690,35,Estandar,864.6,Argentina,Drama,2023-06-23,0
10691,26,Estandar,1194.9,Uruguay,Thriller,2020-06-17,2
10692,24,Basico,685.8,Colombia,Crimen,2021-01-22,1
10693,35,Estandar,674.0,Brasil,Accion,2022-11-21,0
10694,40,Basico,1071.8,Brasil,Drama,2023-06-13,0
10695,17,Estandar,529.0,Mexico,Romance,2018-04-29,2
10696,42,Basico,159.1,Mexico,Crimen,2022-05-12,0
10697,31,Basico,15.7,Mexico,Accion,2021-10-08,0
10698,27,Basico,1037.4,Brasil,Crimen,2025-02-07,0
10699,41,Basico,466.4,Uruguay,Drama,2025-08-13,0
10700,24,Premium,594.4,Brasil,Comedia,2022-07-15,0
10701,25,Basico,450.4,Brasil,Documental,2019-11-08,0
10702,23,Basico,2648.1,Argentina,Thriller,2023-03-30,0
10703,21,Estandar,845.1,Chile,Crimen,2019-06-07,1
10704,37,Estandar,912.1,Mexico,Drama,2024-12-23,0
10705,26,Basico,310.3,Brasil,Crimen,2023-12-28,1
10706,25,Basico,614.0,Chile,Comedia,2018-04-21,1
10707,25,Premium,649.8,Peru,Thriller,2022-06-02,1
10708,32,Estandar,1169.8,Chile,Romance,2024-08-21,4
10709,38,Basico,477.2,Mexico,Crimen,2024-04-30,0
10710,34,Estandar,1218.2,Chile,Thriller,2025-06-08,2
10711,17,Premium,1017.1,Peru,Crimen,2018-04-22,1
10712,42,Estandar,1085.1,Chile,Thriller,2018-12-10,0
10713,38,Estandar,587.1,Peru,Thriller,2025-03-17,0
10714,13,Basico,565.0,Colombia,Thriller,2022-10-22,1
10715,15,Basico,347.5,Argentina,Thriller,2019-07-10,1
10716,27,Estandar,980.8,Uruguay,Romance,2023-03-07,0
10717,35,Basico,585.3,Mexico,Comedia,2020-01-15,0
10718,37,Basico,618.1,Brasil,Romance,2022-02-14,2
10719,37,Estandar,895.4,Argentina,Romance,2020-12-01,1
10720,21,Basico,559.3,Mexico,Documental,2022-04-02,1
10721,32,Estandar,959.0,Colombia,Documental,2021-09-02,2
10722,46,Estandar,1129.1,Uruguay,Documental,2020-05-16,1
10723,34,Estandar,801.9,Colombia,Romance,2023-02-06,0
10724,38,Estandar,743.1,Chile,Romance,2021-08-31,1
10725,23,Premium,1130.7,Mexico,Thriller,2021-10-14,1
10726,56,Premium,1060.1,Peru,Drama,2022-04-02,0
10727,37,Basico,226.3,Chile,Romance,2021-02-13,0
10728,44,Basico,429.4,Peru,Documental,2022-02-14,2
10729,34,Premium,1261.2,Uruguay,Drama,2020-10-30,0
10730,18,Basico,584.6,Peru,Crimen,2018-12-02,0
10731,31,Basico,234.4,Mexico,Accion,2023-04-11,1
10732,35,Estandar,1199.4,Brasil,Crimen,2022-02-14,3
10733,28,Basico,331.5,Uruguay,Crimen,2024-01-19,2
10734,28,Basico,767.8,Mexico,Drama,2018-08-02,1
10735,42,Basico,1473.0,Chile,Romance,2021-12-04,3
10736,43,Basico,232.0,Brasil,Comedia,2020-07-07,0
10737,44,Basico,870.5,Peru,Thriller,2022-02-14,1
10738,43,Basico,289.3,Argentina,Crimen,2018-10-09,0
10739,53,Estandar,743.7,Brasil,Comedia,2025-04-23,3
10740,27,Premium,1163.3,Chile,Comedia,2018-06-14,1
10741,38,Basico,628.7,Chile,Documental,2018-05-08,0
10742,47,Basico,585.2,Chile,Documental,2020-10-09,0
10743,17,Basico,601.1,Argentina,Romance,2020-03-27,0
10744,23,Premium,509.1,Colombia,Crimen,2018-03-25,1
10745,28,Estandar,1158.8,Chile,Drama,2024-12-19,0
10746,44,Premium,1297.0,Mexico,Romance,2019-09-17,0
10747,39,Estandar,700.3,Brasil,Drama,2020-09-04,1
10748,31,Premium,1220.5,Chile,Thriller,2019-06-02,5
10749,22,Basico,224.9,Uruguay,Accion,2023-04-24,1
10750,23,Basico,714.4,Brasil,Thriller,2025-07-05,2
10751,33,Basico,167.4,Chile,Accion,2019-04-14,0
10752,29,Basico,510.4,Mexico,Drama,2024-04-29,1
10753,34,Estandar,1263.5,Colombia,Crimen,2020-06-11,0
10754,19,Basico,706.0,Argentina,Drama,2023-03-20,3
10755,31,Basico,380.9,Colombia,Romance,2022-02-14,2
10756,15,Basico,651.1,Mexico,Romance,2020-11-15,1
10757,35,Estandar,1071.4,Colombia,Documental,2022-02-19,1
10758,13,Basico,0.0,Chile,Romance,2019-11-19,0
10759,29,Basico,129.7,Chile,Drama,2024-10-17,2
10760,16,Estandar,921.0,Brasil,Drama,2024-10-23,0
10761,21,Basico,535.5,Argentina,Drama,2019-04-15,0
10762,37,Premium,1126.1,Chile,Crimen,2022-02-14,2
10763,18,Premium,1287.4,Brasil,Romance,2021-06-28,0
10764,66,Estandar,870.7,Uruguay,Drama,2019-03-19,0
10765,15,Premium,1148.6,Chile,Thriller,2024-06-28,1
10766,42,Premium,702.8,Mexico,Comedia,2022-02-14,2
10767,13,Estandar,638.4,Argentina,Romance,2021-07-01,3
10768,40,Basico,0.0,Colombia,Accion,2024-06-16,0
10769,50,Estandar,270.1,Colombia,Thriller,2025-08-06,0
10770,37,Basico,1068.8,Peru,Drama,2022-03-18,1
10771,23,Premium,321.7,Uruguay,Drama,2022-06-13,1
10772,21,Basico,503.1,Uruguay,Comedia,2020-03-23,0
10773,17,Basico,172.1,Uruguay,Comedia,2018-11-08,0
10774,42,Estandar,1339.0,Chile,Thriller,2024-08-22,0
10775,38,Estandar,793.8,Brasil,Thriller,2025-09-29,0
10776,46,Estandar,674.1,Mexico,Romance,2025-01-13,1
10777,39,Basico,427.9,Peru,Documental,2020-09-21,1
10778,40,Estandar,1085.5,Argentina,Romance,2019-02-22,0
10779,35,Estandar,263.0,Argentina,Documental,2025-10-26,3
10780,44,Basico,205.9,Peru,Accion,2021-05-20,1
10781,35,Premium,1093.6,Argentina,Thriller,2025-09-03,0
10782,40,Estandar,575.3,Argentina,Thriller,2024-09-25,1
10783,38,Basico,349.7,Brasil,Documental,2019-05-11,1
10784,27,Basico,74.8,Uruguay,Crimen,2022-02-14,2
10785,27,Estandar,1275.9,Colombia,Thriller,2018-06-18,0
10786,13,Premium,1390.4,Peru,Romance,2021-11-23,0
10787,43,Premium,1313.6,Colombia,Thriller,2023-12-23,1
10788,35,Basico,388.6,Mexico,Comedia,2022-10-21,1
10789,27,Estandar,583.6,Argentina,Documental,2025-06-02,2
10790,42,Basico,378.7,Chile,Comedia,2022-02-26,1
10791,16,Basico,0.0,Peru,Romance,2018-10-10,0
10792,28,Basico,772.8,Chile,Thriller,2023-09-04,0
10793,54,Basico,3628.4,Brasil,Accion,2025-04-06,0
10794,36,Premium,1045.5,Chile,Comedia,2021-10-29,2
10795,44,Estandar,396.8,Mexico,Comedia,2018-02-21,1
10796,40,Basico,479.1,Chile,Drama,2022-09-17,1
10797,31,Basico,410.4,Mexico,Comedia,2023-07-01,1
10798,50,Basico,27.5,Brasil,Romance,2019-03-09,2
10799,51,Basico,693.6,Brasil,Crimen,2022-11-11,2
10800,29,Basico,304.4,Peru,Romance,2022-01-23,2
10801,40,Estandar,624.5,Mexico,Thriller,2025-02-16,1
10802,29,Basico,0.0,Mexico,Romance,2023-02-27,0
10803,30,Estandar,734.3,Uruguay,Romance,2025-12-07,0
10804,33,Premium,988.4,Argentina,Thriller,2019-09-19,1
10805,50,Basico,1029.3,Chile,Accion,2022-11-19,0
10806,26,Premium,224.6,Mexico,Comedia,2019-12-23,0
10807,19,Estandar,1030.4,Brasil,Documental,2023-11-08,0
10808,41,Basico,809.6,Mexico,Accion,2025-04-18,0
10809,50,Premium,1433.6,Uruguay,Comedia,2021-01-11,1
10810,31,Premium,1224.2,Peru,Drama,2024-11-27,0
10811,26,Estandar,1303.8,Brasil,Comedia,2024-01-14,5
10812,32,Estandar,747.4,Peru,Comedia,2023-06-04,0
10813,55,Basico,805.0,Colombia,Accion,2023-03-20,1
10814,41,Basico,30.5,Argentina,Romance,2022-11-20,1
10815,24,Estandar,1198.4,Peru,Drama,2024-08-23,1
10816,38,Estandar,949.7,Colombia,Thriller,2021-01-04,1
10817,43,Premium,1281.6,Uruguay,Drama,2021-08-13,0
10818,30,Basico,684.4,Uruguay,Romance,2020-10-02,1
10819,34,Premium,334.2,Mexico,Accion,2018-12-21,1
10820,55,Premium,3628.4,Uruguay,Romance,2021-02-16,0
10821,31,Premium,935.2,Peru,Comedia,2023-01-21,1
10822,33,Basico,344.1,Mexico,Thriller,2020-09-25,1
10823,49,Basico,759.2,Argentina,Crimen,2023-03-19,0
10824,29,Premium,741.7,Mexico,Romance,2024-05-23,0
10825,22,Estandar,2679.3,Colombia,Crimen,2024-11-04,2
10826,44,Estandar,856.8,Mexico,Crimen,2025-06-29,1
10827,45,Basico,587.7,Brasil,Comedia,2022-04-02,0
10828,42,Premium,1675.0,Mexico,Thriller,2021-10-09,0
10829,24,Basico,976.7,Uruguay,Drama,2018-04-28,0
10830,33,Estandar,1199.1,Colombia,Documental,2023-07-18,0
10831,47,Estandar,660.9,Mexico,Documental,2021-08-24,1
10832,41,Estandar,897.0,Mexico,Romance,2020-01-15,1
10833,24,Premium,1370.0,Colombia,Documental,2023-06-21,0
10834,33,Basico,502.8,Brasil,Drama,2020-05-18,0
10835,23,Premium,1273.6,Mexico,Documental,2021-12-24,0
10836,36,Estandar,178.0,Brasil,Thriller,2020-11-24,1
10837,24,Basico,798.3,Colombia,Romance,2021-10-26,1
10838,34,Premium,1300.9,Peru,Drama,2021-02-19,2
10839,23,Basico,1005.8,Colombia,Documental,2024-09-07,0
10840,29,Premium,1324.8,Mexico,Comedia,2025-11-12,0
10841,43,Premium,1056.6,Argentina,Documental,2021-02-05,0
10842,57,Basico,636.8,Uruguay,Crimen,2024-03-26,0
10843,32,Basico,382.4,Argentina,Romance,2018-02-11,1
10844,26,Premium,840.7,Chile,Comedia,2023-10-18,0
10845,37,Basico,564.7,Colombia,Drama,2020-02-22,1
10846,37,Basico,354.8,Colombia,Crimen,2018-12-17,1
10847,32,Basico,935.6,Colombia,Accion,2020-09-15,1
10848,27,Estandar,491.5,Chile,Thriller,2022-07-23,0
10849,22,Estandar,1148.9,Chile,Drama,2023-06-25,0
10850,18,Premium,638.7,Mexico,Documental,2024-03-24,1
10851,31,Basico,401.3,Uruguay,Drama,2020-09-11,3
10852,20,Basico,910.9,Argentina,Comedia,2025-09-29,0
10853,13,Estandar,556.8,Chile,Accion,2023-05-05,0
10854,26,Basico,838.2,Brasil,Thriller,2025-03-30,1
10855,35,Estandar,554.8,Chile,Drama,2025-12-25,0
10856,55,Basico,0.0,Brasil,Comedia,2022-02-14,2
10857,37,Basico,1279.0,Mexico,Crimen,2023-01-10,1
10858,34,Basico,119.9,Chile,Romance,2018-03-12,1
10859,19,Basico,497.3,Colombia,Accion,2019-01-17,0
10860,37,Basico,804.7,Argentina,Crimen,2021-04-20,1
10861,43,Basico,352.4,Chile,Accion,2020-06-26,0
10862,33,Basico,907.2,Peru,Comedia,2022-07-15,0
10863,36,Estandar,564.1,Chile,Accion,2025-10-04,1
10864,32,Basico,821.7,Uruguay,Crimen,2020-09-23,0
10865,26,Basico,420.6,Colombia,Crimen,2021-06-08,3
10866,37,Basico,379.5,Brasil,Comedia,2025-06-12,0
10867,37,Basico,497.3,Chile,Documental,2024-07-10,4
10868,39,Estandar,1193.0,Mexico,Documental,2022-02-20,3
10869,32,Premium,1026.8,Uruguay,Crimen,2023-04-23,1
10870,21,Premium,350.6,Chile,Comedia,2024-03-17,0
10871,25,Premium,1163.9,Argentina,Documental,2023-12-15,1
10872,47,Estandar,1254.9,Uruguay,Comedia,2021-11-09,0
10873,38,Basico,279.8,Brasil,Documental,2022-10-09,2
10874,24,Estandar,825.3,Colombia,Comedia,2024-03-04,0
10875,48,Premium,1062.8,Argentina,Crimen,2021-09-16,1
10876,42,Basico,118.0,Uruguay,Comedia,2021-12-12,1
10877,64,Estandar,1113.7,Chile,Crimen,2022-02-14,2
10878,40,Basico,509.4,Brasil,Accion,2023-02-02,0
10879,49,Basico,642.4,Argentina,Drama,2021-01-14,1
10880,48,Estandar,1441.8,Brasil,Comedia,2021-06-09,0
10881,23,Basico,440.3,Argentina,Drama,2020-10-26,3
10882,56,Estandar,1247.8,Chile,Comedia,2020-08-02,1
10883,41,Basico,694.0,Argentina,Drama,2019-05-10,0
10884,19,Estandar,941.5,Mexico,Documental,2020-02-28,1
10885,29,Premium,1146.3,Uruguay,Thriller,2021-07-16,1
10886,19,Basico,766.2,Argentina,Comedia,2019-05-05,1
10887,27,Basico,0.0,Chile,Documental,2024-01-04,0
10888,22,Estandar,417.2,Mexico,Romance,2025-09-27,1
10889,42,Basico,635.0,Uruguay,Thriller,2020-01-29,1
10890,19,Basico,888.5,Colombia,Accion,2020-02-24,0
10891,40,Estandar,1711.6,Brasil,Documental,2020-06-05,0
10892,20,Basico,723.3,Uruguay,Thriller,2023-06-07,2
10893,39,Estandar,867.4,Uruguay,Romance,2021-02-06,0
10894,39,Basico,3628.4,Peru,Accion,2024-08-11,0
10895,57,Basico,439.5,Chile,Romance,2023-11-19,1
10896,40,Premium,1025.0,Uruguay,Thriller,2024-09-10,1
10897,35,Basico,301.5,Chile,Documental,2021-03-05,0
10898,38,Basico,737.0,Uruguay,Comedia,2019-02-16,0
10899,36,Estandar,1080.6,Peru,Accion,2020-03-06,1
10900,51,Basico,93.6,Uruguay,Romance,2021-04-28,0
10901,21,Estandar,1400.1,Colombia,Crimen,2020-07-20,2
10902,32,Estandar,610.1,Uruguay,Crimen,2022-01-18,0
10903,41,Premium,3628.4,Brasil,Drama,2020-01-05,0
10904,35,Basico,1103.2,Brasil,Documental,2021-05-23,0
10905,29,Basico,473.0,Mexico,Accion,2018-02-27,1
10906,38,Estandar,558.1,Peru,Comedia,2025-12-10,0
10907,31,Basico,0.0,Chile,Documental,2023-12-28,0
10908,34,Basico,1078.5,Colombia,Romance,2022-02-14,0
10909,35,Premium,1041.8,Colombia,Documental,2021-01-28,0
10910,22,Premium,1417.6,Chile,Crimen,2018-07-06,1
10911,17,Basico,826.2,Mexico,Romance,2018-08-12,0
10912,44,Premium,1241.5,Mexico,Thriller,2024-03-16,2
10913,35,Basico,716.1,Mexico,Comedia,2021-04-11,0
10914,53,Basico,362.3,Mexico,Drama,2025-10-27,0
10915,38,Basico,953.7,Brasil,Comedia,2019-06-02,2
10916,41,Estandar,723.5,Peru,Drama,2025-02-25,1
10917,16,Premium,1570.7,Chile,Drama,2023-07-04,0
10918,42,Premium,1022.0,Chile,Comedia,2019-02-25,1
10919,32,Basico,110.2,Colombia,Accion,2018-02-20,0
10920,34,Estandar,1049.5,Colombia,Documental,2024-06-09,0
10921,24,Estandar,770.7,Argentina,Comedia,2021-03-10,1
10922,30,Premium,779.3,Mexico,Comedia,2023-04-07,0
10923,23,Premium,1161.4,Colombia,Romance,2023-05-15,0
10924,22,Premium,1214.9,Uruguay,Thriller,2022-12-10,1
10925,45,Estandar,1084.2,Peru,Crimen,2021-10-27,1
10926,19,Premium,897.6,Mexico,Accion,2022-02-14,2
10927,24,Basico,246.0,Chile,Drama,2018-07-30,0
10928,18,Basico,150.9,Colombia,Romance,2020-10-31,1
10929,39,Estandar,687.3,Argentina,Crimen,2023-05-11,1
10930,49,Premium,949.8,Brasil,Documental,2019-04-13,1
10931,32,Premium,1123.6,Peru,Documental,2018-09-25,0
10932,26,Premium,1339.6,Colombia,Crimen,2022-06-30,0
10933,35,Estandar,473.2,Colombia,Accion,2023-07-08,0
10934,42,Estandar,885.8,Brasil,Comedia,2018-10-31,0
10935,13,Estandar,1526.0,Colombia,Thriller,2024-06-21,1
10936,32,Basico,1058.3,Argentina,Drama,2025-01-22,0
10937,37,Basico,856.5,Mexico,Documental,2025-09-12,1
10938,17,Premium,1374.5,Mexico,Thriller,2018-08-08,2
10939,27,Estandar,972.3,Uruguay,Comedia,2019-09-14,0
10940,32,Basico,575.7,Chile,Romance,2019-09-04,0
10941,16,Estandar,1259.9,Uruguay,Drama,2024-04-24,1
10942,42,Basico,672.9,Peru,Thriller,2021-05-29,1
10943,19,Estandar,769.1,Peru,Documental,2018-12-15,0
10944,50,Premium,1158.5,Argentina,Documental,2022-02-14,2
10945,33,Estandar,1234.8,Peru,Accion,2019-05-01,2
10946,32,Estandar,180.4,Mexico,Accion,2024-04-04,1
10947,25,Basico,451.0,Brasil,Documental,2022-09-01,0
10948,32,Basico,145.5,Peru,Documental,2024-10-19,1
10949,24,Premium,495.9,Uruguay,Drama,2024-09-07,0
10950,13,Estandar,843.6,Argentina,Thriller,2024-12-08,1
10951,13,Estandar,820.5,Brasil,Accion,2020-07-13,2
10952,40,Basico,858.0,Peru,Comedia,2023-11-11,0
10953,26,Basico,275.4,Colombia,Thriller,2022-04-08,0
10954,33,Premium,1227.2,Chile,Accion,2023-01-20,0
10955,46,Premium,1119.3,Uruguay,Accion,2022-12-19,1
10956,34,Basico,1026.7,Uruguay,Romance,2021-05-02,0
10957,50,Estandar,640.8,Chile,Thriller,2024-07-08,0
10958,31,Premium,867.8,Peru,Documental,2022-10-23,1
10959,24,Premium,1058.2,Brasil,Comedia,2021-06-04,0
10960,13,Estandar,1665.7,Mexico,Documental,2024-05-18,1
10961,44,Basico,853.6,Colombia,Crimen,2024-12-18,0
10962,21,Basico,284.7,Uruguay,Thriller,2018-09-04,1
10963,27,Premium,1198.3,Chile,Accion,2024-11-02,1
10964,28,Basico,392.1,Peru,Crimen,2019-02-11,0
10965,25,Basico,859.7,Chile,Crimen,2020-05-01,0
10966,34,Basico,860.9,Uruguay,Crimen,2025-01-06,1
10967,46,Estandar,638.4,Colombia,Crimen,2020-05-14,1
10968,35,Estandar,292.8,Chile,Drama,2020-12-19,1
10969,49,Basico,427.6,Peru,Accion,2025-05-29,0
10970,34,Estandar,138.3,Brasil,Documental,2018-11-29,1
10971,21,Basico,0.0,Peru,Crimen,2019-10-06,0
10972,42,Estandar,567.8,Mexico,Comedia,2020-09-09,0
10973,35,Premium,872.0,Peru,Documental,2019-12-13,0
10974,47,Estandar,148.8,Brasil,Documental,2024-03-10,1
10975,34,Premium,1130.7,Mexico,Documental,2018-11-04,0
10976,17,Premium,1126.1,Chile,Crimen,2019-10-04,1
10977,18,Basico,801.8,Peru,Accion,2018-01-11,0
10978,36,Estandar,1251.0,Mexico,Thriller,2022-08-01,0
10979,46,Basico,613.4,Argentina,Comedia,2023-01-20,1
10980,40,Basico,509.0,Uruguay,Comedia,2025-09-24,1
10981,36,Basico,418.2,Mexico,Romance,2024-08-29,1
10982,21,Basico,0.0,Chile,Romance,2023-04-09,1
10983,58,Basico,642.9,Argentina,Drama,2021-04-07,2
10984,31,Estandar,872.2,Argentina,Crimen,2018-05-14,1
10985,32,Estandar,1031.4,Argentina,Drama,2020-08-06,0
10986,37,Estandar,1420.4,Chile,Accion,2021-03-26,1
10987,31,Basico,114.8,Mexico,Crimen,2025-12-05,1
10988,39,Premium,1297.6,Brasil,Documental,2021-04-03,1
10989,30,Basico,1027.1,Argentina,Drama,2025-11-19,1
10990,39,Premium,1022.5,Chile,Crimen,2023-02-03,1
10991,40,Estandar,1229.7,Argentina,Thriller,2022-02-14,2
10992,53,Estandar,1159.1,Peru,Crimen,2022-02-14,2
10993,46,Premium,1123.6,Peru,Accion,2020-08-14,2
10994,30,Estandar,1236.5,Uruguay,Documental,2020-12-19,1
10995,57,Premium,568.1,Peru,Thriller,2022-02-14,3
10996,30,Basico,787.0,Brasil,Crimen,2024-08-12,1
10997,45,Basico,425.3,Argentina,Romance,2025-06-01,0
10998,42,Estandar,784.4,Colombia,Comedia,2020-03-21,1
10999,45,Basico,0.0,Brasil,Comedia,2022-10-08,0
11000,33,Basico,1030.4,Peru,Documental,2019-04-16,0
11001,24,Estandar,844.4,Uruguay,Crimen,2024-02-09,0
11002,46,Basico,871.0,Uruguay,Documental,2020-07-09,0
11003,20,Basico,1178.1,Uruguay,Comedia,2025-04-06,0
11004,64,Basico,543.3,Brasil,Documental,2019-09-03,0
11005,42,Premium,1262.5,Mexico,Thriller,2020-12-24,2
11006,23,Basico,2750.6,Colombia,Documental,2019-08-06,1
11007,41,Estandar,1287.1,Uruguay,Crimen,2018-10-20,2
11008,38,Basico,524.5,Chile,Thriller,2018-09-02,0
11009,54,Estandar,661.4,Chile,Romance,2019-11-11,0
11010,30,Basico,250.1,Peru,Comedia,2021-06-13,1
11011,33,Basico,284.6,Uruguay,Documental,2022-02-14,4
11012,38,Estandar,995.1,Colombia,Crimen,2024-05-20,1
11013,54,Estandar,934.7,Brasil,Comedia,2021-03-28,3
11014,29,Basico,610.8,Brasil,Comedia,2022-12-04,0
11015,29,Basico,309.8,Argentina,Romance,2019-05-25,1
11016,35,Estandar,761.6,Colombia,Drama,2023-04-04,1
11017,38,Estandar,855.2,Argentina,Documental,2025-09-21,0
11018,44,Basico,817.4,Brasil,Thriller,2021-05-30,0
11019,39,Basico,0.0,Uruguay,Crimen,2025-11-06,2
11020,54,Basico,256.7,Colombia,Thriller,2022-07-07,0
11021,18,Estandar,3628.4,Peru,Thriller,2021-01-20,1
11022,36,Premium,1169.3,Uruguay,Accion,2022-02-14,0
11023,45,Premium,1207.3,Peru,Accion,2024-01-21,0
11024,22,Estandar,1404.0,Argentina,Crimen,2023-07-16,0
11025,31,Basico,1010.4,Peru,Documental,2022-11-29,2
11026,30,Premium,986.7,Argentina,Drama,2018-11-26,2
11027,13,Basico,1209.9,Uruguay,Accion,2024-09-15,2
11028,33,Basico,302.7,Argentina,Accion,2018-06-13,1
11029,15,Basico,1132.6,Colombia,Crimen,2022-11-05,2
11030,31,Estandar,666.8,Peru,Documental,2021-08-13,1
11031,33,Estandar,608.3,Brasil,Drama,2024-10-08,0
11032,20,Estandar,1078.2,Colombia,Thriller,2020-10-22,0
11033,13,Estandar,844.2,Colombia,Romance,2018-04-16,1
11034,30,Basico,114.0,Chile,Thriller,2019-01-10,0
11035,24,Basico,187.2,Mexico,Drama,2020-07-26,1
11036,49,Premium,900.7,Uruguay,Romance,2025-07-24,1
11037,25,Estandar,1134.5,Uruguay,Crimen,2024-06-14,0
11038,37,Estandar,1241.1,Brasil,Accion,2024-08-01,1
11039,19,Premium,1373.7,Mexico,Crimen,2018-03-26,1
11040,16,Estandar,445.9,Uruguay,Comedia,2025-07-16,1
11041,46,Estandar,1041.9,Chile,Documental,2021-01-08,0
11042,15,Basico,1015.7,Peru,Romance,2024-06-18,0
11043,29,Premium,552.2,Argentina,Thriller,2018-06-14,1
11044,43,Premium,836.2,Mexico,Thriller,2019-12-19,0
11045,32,Basico,277.5,Brasil,Drama,2023-04-12,3
11046,50,Basico,667.3,Brasil,Drama,2023-10-27,1
11047,20,Estandar,762.0,Brasil,Drama,2025-04-22,0
11048,32,Basico,860.8,Chile,Documental,2022-02-14,2
11049,40,Basico,659.7,Peru,Romance,2021-02-13,2
11050,64,Basico,722.4,Uruguay,Drama,2020-01-14,0
11051,25,Estandar,831.5,Uruguay,Accion,2024-07-25,0
11052,34,Estandar,995.6,Uruguay,Thriller,2022-11-21,5
11053,35,Premium,559.7,Colombia,Thriller,2025-02-13,0
11054,45,Estandar,562.6,Chile,Comedia,2023-07-08,0
11055,30,Estandar,145.6,Uruguay,Thriller,2019-01-09,4
11056,49,Basico,613.3,Argentina,Crimen,2023-04-10,0
11057,13,Premium,1062.0,Brasil,Documental,2021-11-26,0
11058,36,Estandar,569.0,Mexico,Crimen,2022-07-31,0
11059,41,Basico,807.4,Brasil,Crimen,2021-09-27,0
11060,20,Basico,528.3,Colombia,Comedia,2021-08-08,2
11061,39,Premium,1156.1,Colombia,Comedia,2025-07-07,1
11062,41,Basico,206.6,Chile,Crimen,2019-03-05,0
11063,39,Basico,489.8,Mexico,Romance,2019-10-21,0
11064,19,Estandar,1164.3,Chile,Drama,2022-02-14,2
11065,45,Basico,398.0,Brasil,Crimen,2022-08-14,0
11066,31,Basico,907.9,Mexico,Crimen,2025-10-12,1
11067,54,Premium,1169.2,Mexico,Romance,2023-07-23,0
11068,34,Basico,290.0,Brasil,Drama,2021-03-26,0
11069,40,Estandar,879.1,Brasil,Romance,2025-06-06,1
11070,31,Basico,907.9,Colombia,Comedia,2022-06-29,0
11071,25,Basico,756.3,Mexico,Accion,2024-03-03,2
11072,22,Estandar,3628.4,Brasil,Drama,2018-05-31,2
11073,45,Premium,1143.6,Chile,Comedia,2023-02-06,0
11074,16,Basico,415.1,Uruguay,Romance,2018-12-27,2
11075,44,Basico,345.4,Colombia,Crimen,2021-07-12,0
11076,19,Estandar,1337.4,Uruguay,Documental,2020-10-30,1
11077,37,Basico,631.6,Uruguay,Thriller,2021-08-17,2
11078,16,Estandar,595.4,Chile,Accion,2019-04-20,1
11079,26,Estandar,826.2,Chile,Comedia,2022-07-14,1
11080,45,Basico,1301.7,Peru,Drama,2023-10-09,1
11081,38,Basico,456.3,Chile,Drama,2018-01-05,1
11082,41,Estandar,168.1,Peru,Accion,2022-02-14,2
11083,35,Basico,687.1,Colombia,Romance,2024-02-01,1
11084,29,Basico,1216.5,Colombia,Accion,2023-03-08,2
11085,29,Basico,196.4,Argentina,Documental,2022-08-20,0
11086,42,Premium,1169.8,Chile,Drama,2018-08-11,0
11087,21,Basico,0.0,Brasil,Thriller,2020-02-08,1
11088,23,Premium,1306.5,Peru,Drama,2023-10-25,1
11089,27,Estandar,1063.1,Mexico,Drama,2022-01-21,0
11090,22,Basico,1047.3,Peru,Crimen,2024-12-25,0
11091,20,Basico,806.6,Argentina,Romance,2023-08-04,1
11092,31,Estandar,959.6,Chile,Romance,2025-01-05,2
11093,36,Estandar,746.9,Uruguay,Documental,2022-12-16,1
11094,54,Basico,1084.4,Uruguay,Accion,2018-07-31,0
11095,54,Estandar,109.4,Uruguay,Crimen,2020-04-13,0
11096,22,Premium,1280.1,Argentina,Documental,2020-12-29,1
11097,33,Premium,685.7,Brasil,Drama,2024-02-28,2
11098,36,Basico,465.6,Argentina,Comedia,2019-06-21,2
11099,33,Basico,771.3,Peru,Romance,2021-03-25,1
11100,19,Basico,547.3,Argentina,Thriller,2022-11-30,0
11101,31,Basico,558.1,Uruguay,Romance,2025-10-31,1
11102,35,Estandar,709.6,Colombia,Romance,2023-06-09,0
11103,33,Estandar,914.6,Argentina,Drama,2019-05-13,0
11104,20,Premium,776.0,Peru,Accion,2018-04-29,0
11105,26,Estandar,537.9,Argentina,Comedia,2025-01-24,2
11106,31,Estandar,793.1,Brasil,Thriller,2024-10-29,1
11107,26,Estandar,959.4,Uruguay,Accion,2020-09-07,1
11108,24,Basico,539.6,Colombia,Comedia,2025-12-17,1
11109,57,Basico,404.3,Colombia,Comedia,2019-10-11,1
11110,42,Estandar,1227.2,Peru,Thriller,2021-06-26,0
11111,51,Premium,1085.7,Colombia,Crimen,2024-03-06,0
11112,46,Basico,132.8,Brasil,Accion,2022-02-14,2
11113,47,Basico,261.5,Uruguay,Comedia,2024-03-12,0
11114,33,Basico,909.8,Mexico,Crimen,2022-07-30,1
11115,23,Estandar,592.1,Uruguay,Documental,2019-01-17,0
11116,29,Estandar,927.5,Uruguay,Accion,2020-07-09,1
11117,14,Basico,552.7,Brasil,Documental,2019-04-10,1
11118,35,Basico,788.5,Argentina,Accion,2023-03-06,1
11119,49,Basico,0.0,Peru,Documental,2019-04-27,1
11120,32,Basico,712.8,Chile,Accion,2025-04-07,0
11121,27,Basico,71.9,Chile,Romance,2019-09-23,1
11122,34,Basico,0.0,Uruguay,Documental,2023-08-04,1
11123,29,Premium,911.5,Brasil,Drama,2021-04-10,1
11124,43,Basico,0.0,Peru,Drama,2023-09-16,0
11125,30,Basico,820.7,Colombia,Romance,2025-11-29,0
11126,34,Premium,1085.7,Colombia,Documental,2021-01-24,1
11127,27,Basico,248.2,Mexico,Accion,2022-08-29,2
11128,26,Premium,1496.3,Colombia,Crimen,2023-05-31,0
11129,30,Basico,603.4,Uruguay,Accion,2023-04-19,0
11130,24,Estandar,1454.7,Argentina,Romance,2020-09-25,1
11131,49,Premium,1185.3,Argentina,Romance,2023-02-14,1
11132,34,Basico,723.3,Argentina,Comedia,2024-03-07,1
11133,13,Estandar,783.0,Argentina,Thriller,2019-08-16,0
11134,51,Basico,196.0,Chile,Documental,2022-04-21,1
11135,20,Basico,451.9,Argentina,Documental,2020-02-20,0
11136,35,Basico,448.0,Argentina,Accion,2024-09-21,0
11137,16,Basico,3004.6,Mexico,Documental,2023-09-13,2
11138,35,Estandar,568.7,Mexico,Crimen,2019-07-14,0
11139,34,Premium,779.4,Peru,Romance,2018-10-13,0
11140,52,Estandar,1183.4,Mexico,Crimen,2021-02-05,1
11141,36,Basico,380.1,Chile,Accion,2022-08-27,1
11142,44,Basico,142.4,Chile,Drama,2021-10-24,1
11143,34,Basico,922.8,Mexico,Comedia,2023-09-11,1
11144,13,Basico,339.8,Mexico,Accion,2020-12-30,0
11145,24,Basico,606.4,Colombia,Comedia,2018-01-11,5
11146,40,Basico,450.6,Colombia,Romance,2021-03-04,1
11147,35,Basico,985.9,Mexico,Documental,2021-05-07,0
11148,45,Basico,80.7,Colombia,Accion,2024-08-01,1
11149,19,Basico,577.9,Argentina,Drama,2024-07-03,0
11150,13,Estandar,563.9,Mexico,Crimen,2025-05-27,2
11151,31,Estandar,797.7,Peru,Crimen,2023-06-29,0
11152,22,Estandar,981.7,Peru,Drama,2019-09-01,1
11153,38,Basico,756.7,Brasil,Comedia,2023-01-04,0
11154,26,Basico,326.7,Brasil,Crimen,2024-01-16,1
11155,38,Basico,258.6,Mexico,Romance,2023-06-07,1
11156,24,Estandar,952.8,Argentina,Comedia,2021-11-14,0
11157,45,Premium,1238.0,Uruguay,Documental,2021-09-23,0
11158,25,Estandar,583.1,Colombia,Drama,2024-03-10,1
11159,34,Premium,663.5,Peru,Documental,2024-02-04,1
11160,34,Basico,899.4,Brasil,Thriller,2022-03-26,5
11161,32,Basico,889.2,Chile,Drama,2023-02-09,0
11162,13,Estandar,818.7,Argentina,Crimen,2021-08-11,5
11163,23,Estandar,628.5,Argentina,Crimen,2020-02-12,2
11164,39,Basico,552.1,Colombia,Comedia,2025-10-27,0
11165,20,Premium,1416.0,Argentina,Drama,2020-09-05,0
11166,33,Premium,656.3,Chile,Drama,2024-05-31,1
11167,53,Estandar,952.7,Uruguay,Documental,2022-04-18,3
11168,42,Basico,833.5,Argentina,Crimen,2020-08-14,0
11169,25,Premium,682.6,Colombia,Documental,2022-08-10,1
11170,38,Basico,671.3,Argentina,Comedia,2018-06-28,1
11171,15,Premium,1070.9,Uruguay,Documental,2021-07-27,0
11172,34,Premium,2038.7,Argentina,Romance,2023-04-22,0
11173,39,Basico,1177.4,Chile,Accion,2025-11-28,5
11174,34,Premium,1728.9,Argentina,Accion,2022-04-11,1
11175,35,Estandar,1009.7,Colombia,Thriller,2022-05-01,1
11176,36,Estandar,1005.6,Brasil,Accion,2025-06-11,0
11177,35,Estandar,518.4,Chile,Crimen,2025-04-24,1
11178,39,Estandar,723.9,Chile,Drama,2019-09-16,0
11179,45,Basico,158.6,Brasil,Romance,2023-07-22,1
11180,21,Estandar,1029.0,Colombia,Drama,2018-06-01,0
11181,22,Premium,974.6,Colombia,Accion,2019-06-02,0
11182,13,Estandar,674.5,Mexico,Drama,2023-08-20,0
11183,26,Estandar,937.4,Argentina,Drama,2024-08-14,1
11184,30,Basico,205.4,Mexico,Accion,2021-09-21,0
11185,46,Premium,1172.8,Mexico,Romance,2019-02-16,1
11186,35,Premium,1113.2,Brasil,Drama,2022-12-09,0
11187,25,Estandar,686.1,Peru,Accion,2019-02-13,0
11188,44,Basico,7.6,Brasil,Documental,2023-11-25,0
11189,41,Estandar,1083.1,Uruguay,Crimen,2023-02-15,1
11190,29,Estandar,885.0,Brasil,Crimen,2018-03-04,1
11191,44,Estandar,420.1,Brasil,Romance,2019-08-14,1
11192,34,Premium,1255.9,Argentina,Documental,2022-08-07,0
11193,37,Basico,503.8,Uruguay,Documental,2025-05-05,1
11194,13,Basico,548.1,Uruguay,Accion,2019-09-25,1
11195,26,Premium,1287.1,Mexico,Romance,2018-11-03,0
11196,48,Premium,1107.5,Argentina,Thriller,2023-04-08,1
11197,34,Estandar,693.1,Peru,Thriller,2020-12-21,0
11198,33,Basico,479.2,Argentina,Crimen,2021-10-18,0
11199,13,Estandar,695.2,Peru,Crimen,2024-12-27,0
11200,24,Estandar,988.5,Mexico,Comedia,2025-10-08,0
11201,42,Basico,587.4,Peru,Documental,2022-06-17,1
11202,27,Premium,1303.4,Argentina,Comedia,2025-04-15,0
11203,36,Estandar,1180.5,Mexico,Thriller,2018-11-25,1
11204,24,Premium,1275.5,Mexico,Comedia,2021-09-07,1
11205,23,Estandar,1190.4,Argentina,Thriller,2025-07-25,1
11206,15,Estandar,705.0,Colombia,Drama,2023-12-26,2
11207,24,Basico,617.3,Uruguay,Drama,2022-04-06,1
11208,24,Basico,84.4,Peru,Romance,2021-07-21,1
11209,24,Basico,182.9,Peru,Comedia,2025-01-11,0
11210,34,Estandar,857.0,Chile,Accion,2023-06-22,0
11211,33,Basico,768.7,Colombia,Crimen,2024-01-26,0
11212,49,Basico,1256.9,Uruguay,Comedia,2018-05-28,2
11213,24,Basico,271.4,Brasil,Drama,2024-04-12,1
11214,34,Premium,621.1,Chile,Drama,2018-10-08,0
11215,29,Estandar,834.9,Peru,Crimen,2020-08-19,1
11216,27,Estandar,915.2,Chile,Drama,2025-01-29,1
11217,47,Premium,1208.1,Mexico,Crimen,2025-09-04,0
11218,16,Basico,13.3,Peru,Thriller,2021-03-23,0
11219,58,Basico,666.0,Colombia,Accion,2020-07-20,1
11220,16,Estandar,693.3,Mexico,Comedia,2019-01-06,2
11221,18,Premium,1388.5,Mexico,Documental,2022-11-13,0
11222,13,Estandar,1321.8,Mexico,Documental,2019-02-08,0
11223,13,Basico,1010.7,Uruguay,Comedia,2025-02-08,0
11224,50,Estandar,1008.3,Mexico,Drama,2025-11-23,1
11225,20,Estandar,1356.3,Uruguay,Accion,2019-02-16,0
11226,59,Premium,554.3,Peru,Crimen,2022-12-23,1
11227,14,Basico,253.3,Argentina,Drama,2019-11-13,0
11228,36,Estandar,714.3,Peru,Crimen,2025-10-13,1
11229,13,Basico,40.2,Mexico,Romance,2021-05-11,1
11230,32,Basico,482.8,Peru,Romance,2018-04-29,0
11231,40,Estandar,1185.3,Peru,Drama,2018-07-08,1
11232,30,Estandar,1336.6,Brasil,Thriller,2021-08-21,0
11233,39,Basico,531.1,Peru,Documental,2018-08-18,0
11234,24,Estandar,937.9,Argentina,Thriller,2021-04-16,2
11235,19,Basico,281.2,Peru,Crimen,2022-01-08,1
11236,13,Estandar,721.2,Argentina,Drama,2022-03-16,0
11237,21,Estandar,744.0,Colombia,Comedia,2022-10-31,1
11238,26,Premium,1194.7,Peru,Comedia,2022-02-14,2
11239,39,Basico,1017.1,Peru,Thriller,2020-09-27,1
11240,41,Basico,599.2,Colombia,Documental,2023-12-16,0
11241,31,Basico,764.6,Argentina,Comedia,2022-08-15,0
11242,34,Estandar,1241.6,Mexico,Thriller,2024-05-07,1
11243,28,Estandar,1117.2,Peru,Drama,2025-08-24,2
11244,40,Estandar,872.2,Mexico,Thriller,2020-01-08,0
11245,46,Basico,838.5,Mexico,Crimen,2019-11-28,1
11246,26,Premium,1104.8,Chile,Romance,2019-12-19,0
11247,31,Estandar,1237.9,Mexico,Thriller,2018-11-20,2
11248,24,Premium,1126.1,Chile,Romance,2024-01-11,2
11249,28,Premium,697.9,Brasil,Crimen,2022-04-16,1
11250,49,Basico,3628.4,Brasil,Drama,2024-12-13,1
11251,42,Basico,407.7,Uruguay,Romance,2025-08-30,1
11252,22,Estandar,813.6,Mexico,Drama,2020-09-13,1
11253,32,Premium,1097.2,Uruguay,Romance,2023-08-01,1
11254,19,Estandar,619.3,Uruguay,Romance,2024-07-16,1
11255,13,Basico,474.7,Chile,Romance,2019-08-10,0
11256,52,Estandar,665.8,Peru,Drama,2020-08-09,0
11257,50,Basico,1122.0,Brasil,Drama,2023-03-04,0
11258,29,Basico,402.8,Uruguay,Documental,2025-02-25,2
11259,59,Premium,706.7,Mexico,Crimen,2020-11-06,1
11260,28,Basico,650.7,Chile,Comedia,2023-02-26,1
11261,33,Basico,712.9,Chile,Crimen,2020-11-11,1
11262,13,Estandar,782.4,Argentina,Thriller,2025-06-24,2
11263,25,Basico,451.0,Argentina,Crimen,2018-02-08,0
11264,66,Estandar,1108.3,Colombia,Crimen,2023-03-21,1
11265,45,Estandar,357.9,Mexico,Comedia,2021-03-24,1
11266,28,Estandar,819.6,Brasil,Comedia,2025-08-07,0
11267,46,Basico,325.6,Mexico,Documental,2024-02-17,1
11268,33,Premium,1751.8,Colombia,Documental,2019-10-10,1
11269,17,Estandar,0.0,Argentina,Romance,2018-10-30,0
11270,52,Basico,938.1,Mexico,Romance,2022-12-15,3
11271,29,Basico,780.8,Brasil,Crimen,2021-11-16,0
11272,34,Basico,633.5,Brasil,Comedia,2024-08-03,0
11273,25,Basico,666.3,Colombia,Crimen,2021-05-10,0
11274,25,Basico,589.7,Mexico,Drama,2025-03-02,1
11275,19,Basico,808.9,Peru,Drama,2022-10-04,0
11276,30,Estandar,740.2,Brasil,Crimen,2025-09-28,1
11277,68,Basico,645.4,Uruguay,Crimen,2020-10-21,2
11278,42,Basico,0.0,Mexico,Romance,2023-02-15,1
11279,31,Estandar,399.8,Brasil,Accion,2021-05-22,0
11280,38,Basico,479.7,Colombia,Comedia,2020-03-26,0
11281,48,Estandar,443.5,Colombia,Accion,2022-04-25,1
11282,30,Basico,582.6,Peru,Thriller,2023-06-03,2
11283,29,Basico,288.6,Colombia,Romance,2019-03-13,1
11284,33,Estandar,822.1,Uruguay,Thriller,2020-08-29,1
11285,20,Premium,1144.9,Uruguay,Comedia,2022-04-12,1
11286,29,Basico,526.0,Argentina,Romance,2024-05-31,1
11287,47,Basico,640.6,Chile,Comedia,2022-01-10,0
11288,40,Estandar,853.6,Uruguay,Crimen,2024-06-12,1
11289,22,Basico,761.9,Chile,Drama,2021-04-26,1
11290,36,Estandar,531.2,Mexico,Documental,2022-02-14,2
11291,31,Basico,758.7,Chile,Thriller,2021-04-24,0
11292,40,Estandar,199.7,Brasil,Documental,2018-03-31,2
11293,30,Basico,148.1,Chile,Comedia,2025-05-20,0
11294,24,Basico,379.3,Brasil,Drama,2022-06-10,1
11295,40,Premium,1127.1,Chile,Drama,2021-01-29,0
11296,20,Estandar,541.3,Colombia,Documental,2018-02-03,0
11297,30,Basico,628.4,Colombia,Crimen,2024-05-07,1
11298,51,Estandar,766.8,Colombia,Documental,2025-09-10,0
11299,13,Estandar,452.5,Mexico,Comedia,2018-07-20,0
11300,27,Estandar,655.5,Mexico,Comedia,2024-10-19,0
11301,25,Premium,1194.3,Peru,Thriller,2023-07-28,2
11302,41,Estandar,837.6,Mexico,Documental,2021-03-18,2
11303,19,Premium,1123.6,Peru,Crimen,2022-02-14,2
11304,13,Basico,3628.4,Peru,Crimen,2024-10-22,0
11305,13,Basico,611.6,Mexico,Thriller,2021-12-14,0
11306,20,Basico,504.5,Uruguay,Documental,2020-06-16,1
11307,15,Basico,696.3,Peru,Accion,2025-02-20,0
11308,25,Premium,1037.5,Argentina,Crimen,2020-02-18,0
11309,25,Premium,1193.2,Uruguay,Accion,2024-12-18,0
11310,48,Estandar,564.4,Peru,Accion,2020-10-23,1
11311,13,Estandar,945.5,Argentina,Accion,2025-08-08,1
11312,24,Premium,848.5,Argentina,Romance,2022-02-14,4
11313,29,Estandar,1001.4,Brasil,Romance,2025-08-20,1
11314,39,Basico,593.2,Peru,Documental,2019-07-15,2
11315,45,Estandar,1226.5,Chile,Crimen,2025-01-17,0
11316,31,Basico,0.0,Peru,Thriller,2019-02-02,2
11317,15,Basico,576.0,Uruguay,Crimen,2025-01-14,0
11318,42,Basico,533.6,Uruguay,Comedia,2025-04-01,2
11319,25,Basico,0.0,Colombia,Comedia,2018-06-11,2
11320,30,Premium,879.4,Argentina,Crimen,2021-06-19,1
11321,30,Estandar,496.5,Mexico,Thriller,2022-12-11,0
11322,33,Estandar,448.8,Brasil,Accion,2018-05-17,0
11323,57,Estandar,811.4,Brasil,Romance,2024-07-01,2
11324,16,Estandar,306.1,Chile,Romance,2022-02-03,0
11325,44,Premium,1545.4,Colombia,Accion,2019-06-23,2
11326,40,Premium,1319.0,Brasil,Thriller,2019-01-05,2
11327,34,Basico,600.5,Uruguay,Documental,2021-04-23,0
11328,23,Premium,1168.3,Argentina,Thriller,2021-08-31,1
11329,13,Basico,424.2,Colombia,Comedia,2022-08-29,0
11330,41,Basico,414.7,Mexico,Crimen,2019-12-21,0
11331,27,Basico,492.6,Mexico,Documental,2020-04-02,1
11332,13,Premium,386.8,Argentina,Drama,2019-06-26,1
11333,43,Estandar,787.4,Mexico,Documental,2024-01-19,1
11334,59,Basico,640.3,Peru,Comedia,2022-02-07,1
11335,13,Estandar,476.2,Argentina,Drama,2023-12-15,0
11336,16,Basico,192.9,Chile,Comedia,2023-08-18,1
11337,60,Basico,606.7,Uruguay,Documental,2021-01-21,5
11338,39,Basico,706.5,Chile,Romance,2019-11-05,0
11339,14,Premium,1085.7,Colombia,Crimen,2020-11-18,0
11340,40,Estandar,834.9,Peru,Documental,2023-05-28,2
11341,22,Estandar,559.8,Chile,Crimen,2021-04-23,2
11342,48,Premium,1369.1,Uruguay,Accion,2021-10-19,0
11343,22,Premium,281.5,Chile,Comedia,2019-04-17,5
11344,34,Estandar,821.8,Colombia,Comedia,2023-04-03,0
11345,39,Basico,221.4,Mexico,Thriller,2018-11-05,0
11346,69,Basico,806.8,Peru,Romance,2019-07-31,0
11347,37,Basico,1134.3,Uruguay,Crimen,2020-07-13,1
11348,14,Estandar,1189.3,Uruguay,Accion,2025-08-02,0
11349,26,Basico,369.2,Argentina,Thriller,2025-07-25,0
11350,26,Premium,1095.8,Uruguay,Documental,2022-06-16,1
11351,49,Estandar,1030.0,Uruguay,Crimen,2024-04-01,3
11352,35,Estandar,841.0,Brasil,Documental,2022-02-07,2
11353,42,Estandar,962.3,Argentina,Crimen,2019-01-05,3
11354,52,Basico,909.3,Chile,Thriller,2022-06-05,0
11355,38,Estandar,716.9,Uruguay,Drama,2018-02-27,1
11356,54,Basico,1044.5,Colombia,Romance,2020-12-19,0
11357,46,Basico,520.0,Mexico,Crimen,2024-01-07,0
11358,36,Basico,281.5,Colombia,Drama,2019-05-22,0
11359,25,Basico,189.8,Peru,Romance,2023-02-06,0
11360,26,Basico,3628.4,Mexico,Accion,2022-02-18,0
11361,44,Premium,1176.6,Mexico,Accion,2025-07-18,0
11362,56,Basico,651.7,Brasil,Drama,2025-07-16,0
11363,26,Premium,1119.3,Uruguay,Comedia,2020-12-09,0
11364,14,Basico,0.0,Chile,Documental,2024-07-22,0
11365,30,Premium,898.8,Colombia,Comedia,2022-04-10,1
11366,21,Estandar,762.1,Argentina,Comedia,2025-02-28,1
11367,32,Premium,607.3,Colombia,Thriller,2022-03-02,0
11368,30,Basico,448.3,Mexico,Accion,2019-03-20,0
11369,49,Estandar,1157.3,Uruguay,Romance,2025-07-27,1
11370,29,Estandar,1074.8,Brasil,Crimen,2020-08-15,0
11371,24,Basico,149.5,Mexico,Accion,2023-04-16,2
11372,66,Premium,1181.1,Argentina,Drama,2022-02-14,2
11373,36,Estandar,889.5,Argentina,Crimen,2024-12-12,0
11374,34,Basico,572.6,Uruguay,Accion,2024-04-18,0
11375,56,Estandar,1222.5,Chile,Comedia,2021-09-05,2
11376,25,Estandar,1396.9,Brasil,Crimen,2024-11-03,0
11377,30,Basico,335.0,Brasil,Accion,2020-06-25,1
11378,33,Premium,1131.5,Chile,Accion,2025-04-06,0
11379,13,Basico,112.9,Colombia,Comedia,2018-09-16,0
11380,28,Estandar,1107.3,Peru,Drama,2025-02-15,0
11381,34,Basico,772.1,Chile,Crimen,2023-03-17,0
11382,33,Estandar,816.5,Colombia,Accion,2025-11-11,1
11383,31,Basico,189.8,Colombia,Accion,2021-05-22,0
11384,33,Estandar,576.7,Uruguay,Drama,2025-04-13,1
11385,35,Estandar,891.0,Argentina,Accion,2022-07-31,1
11386,47,Basico,644.5,Mexico,Thriller,2019-04-23,0
11387,27,Basico,649.9,Chile,Accion,2019-07-27,1
11388,21,Estandar,1309.3,Uruguay,Thriller,2018-07-05,0
11389,45,Basico,362.8,Mexico,Accion,2018-06-02,3
11390,20,Estandar,735.5,Colombia,Crimen,2021-05-31,1
11391,16,Basico,649.4,Colombia,Thriller,2023-07-11,0
11392,50,Premium,1168.3,Argentina,Crimen,2019-04-21,1
11393,30,Estandar,436.9,Uruguay,Crimen,2019-02-03,1
11394,25,Estandar,681.7,Uruguay,Accion,2020-08-19,1
11395,44,Estandar,594.1,Chile,Documental,2024-01-11,1
11396,44,Estandar,1012.9,Brasil,Drama,2022-02-14,1
11397,41,Estandar,1449.8,Peru,Thriller,2022-05-11,2
11398,26,Basico,576.4,Uruguay,Crimen,2023-02-02,2
11399,13,Basico,801.5,Brasil,Romance,2022-02-28,2
11400,41,Basico,629.1,Colombia,Documental,2025-07-09,1
11401,46,Estandar,482.2,Uruguay,Romance,2025-10-23,1
11402,34,Premium,1496.9,Colombia,Romance,2024-01-22,0
11403,38,Basico,50.4,Chile,Crimen,2022-09-13,0
11404,54,Estandar,1058.4,Argentina,Accion,2024-08-02,0
11405,28,Basico,535.7,Colombia,Thriller,2019-09-25,1
11406,27,Basico,568.5,Peru,Romance,2022-08-27,2
11407,26,Premium,954.4,Brasil,Romance,2025-05-06,0
11408,13,Basico,676.6,Brasil,Thriller,2019-02-10,0
11409,28,Estandar,1340.1,Peru,Comedia,2023-06-28,2
11410,26,Estandar,497.5,Chile,Documental,2024-11-26,1
11411,30,Premium,820.3,Mexico,Crimen,2022-07-30,0
11412,45,Basico,634.7,Uruguay,Thriller,2021-02-19,2
11413,35,Basico,1046.9,Peru,Comedia,2018-05-15,0
11414,40,Estandar,786.1,Colombia,Crimen,2025-09-28,1
11415,45,Basico,750.6,Argentina,Documental,2022-02-26,1
11416,59,Premium,1013.6,Argentina,Accion,2020-06-08,1
11417,52,Premium,1392.8,Argentina,Thriller,2022-12-22,1
11418,44,Estandar,615.3,Chile,Romance,2022-12-27,0
11419,62,Basico,429.1,Chile,Comedia,2020-08-25,2
11420,13,Basico,202.2,Brasil,Comedia,2022-01-25,1
11421,20,Estandar,847.2,Brasil,Thriller,2019-02-11,0
11422,34,Estandar,1061.9,Brasil,Comedia,2025-09-09,2
11423,38,Premium,1113.1,Argentina,Documental,2022-02-13,0
11424,22,Basico,231.0,Brasil,Thriller,2024-02-09,2
11425,61,Premium,1113.2,Brasil,Documental,2025-03-26,0
11426,22,Estandar,778.6,Chile,Accion,2022-01-09,2
11427,42,Premium,1732.3,Peru,Romance,2018-09-06,1
11428,57,Estandar,853.8,Uruguay,Accion,2022-06-19,2
11429,30,Basico,528.7,Mexico,Documental,2021-02-04,0
11430,40,Estandar,1238.4,Uruguay,Drama,2020-02-17,0
11431,31,Estandar,1263.3,Mexico,Accion,2019-05-16,0
11432,27,Basico,439.2,Uruguay,Thriller,2023-02-06,0
11433,38,Basico,216.6,Mexico,Crimen,2019-01-11,0
11434,20,Basico,563.6,Peru,Thriller,2025-06-07,0
11435,37,Premium,598.3,Uruguay,Thriller,2020-05-18,2
11436,41,Basico,780.7,Mexico,Drama,2025-03-13,0
11437,43,Basico,311.2,Chile,Romance,2025-03-04,0
11438,42,Estandar,1066.4,Brasil,Comedia,2024-09-11,0
11439,36,Estandar,227.1,Peru,Accion,2018-03-29,1
11440,38,Basico,0.0,Colombia,Crimen,2018-07-27,1
11441,39,Estandar,1173.7,Chile,Romance,2021-09-28,0
11442,69,Estandar,1081.8,Brasil,Romance,2020-09-24,1
11443,34,Basico,434.7,Argentina,Thriller,2019-05-31,1
11444,27,Basico,490.0,Chile,Comedia,2024-05-01,1
11445,34,Basico,288.1,Mexico,Drama,2020-04-20,0
11446,23,Premium,1190.5,Argentina,Documental,2018-10-09,0
11447,41,Estandar,402.3,Brasil,Comedia,2024-03-20,1
11448,20,Premium,666.5,Mexico,Crimen,2020-04-28,0
11449,50,Basico,285.5,Colombia,Comedia,2024-07-29,1
11450,42,Estandar,961.7,Mexico,Comedia,2020-06-03,0
11451,45,Basico,632.7,Colombia,Documental,2022-02-14,0
11452,44,Basico,440.5,Uruguay,Crimen,2022-02-14,2
11453,39,Estandar,1116.6,Mexico,Drama,2019-08-28,0
11454,26,Estandar,568.0,Peru,Comedia,2024-09-07,2
11455,26,Basico,733.7,Brasil,Thriller,2018-01-12,0
11456,43,Basico,211.3,Chile,Crimen,2021-02-09,0
11457,13,Estandar,1227.6,Uruguay,Romance,2019-08-16,1
11458,61,Premium,585.8,Brasil,Romance,2019-06-17,0
11459,24,Basico,1009.0,Mexico,Accion,2024-01-22,1
11460,40,Basico,0.0,Chile,Drama,2020-10-23,0
11461,36,Basico,51.8,Colombia,Thriller,2019-12-16,0
11462,47,Basico,800.4,Brasil,Drama,2019-03-27,2
11463,40,Basico,139.2,Brasil,Accion,2025-05-31,0
11464,25,Basico,579.0,Uruguay,Romance,2018-04-16,0
11465,40,Estandar,341.0,Uruguay,Accion,2019-06-24,0
11466,13,Estandar,834.9,Peru,Accion,2018-03-02,1
11467,19,Basico,181.5,Colombia,Accion,2022-01-07,0
11468,26,Estandar,784.2,Peru,Crimen,2020-09-01,0
11469,26,Basico,1183.3,Chile,Thriller,2024-08-08,0
11470,45,Basico,859.5,Brasil,Romance,2021-08-19,0
11471,26,Basico,666.0,Uruguay,Accion,2018-03-06,1
11472,25,Basico,492.9,Chile,Romance,2019-12-15,1
11473,61,Basico,567.2,Peru,Crimen,2020-12-22,0
11474,37,Estandar,1238.9,Colombia,Comedia,2018-08-03,0
11475,61,Basico,327.4,Colombia,Accion,2019-06-04,1
11476,23,Estandar,825.4,Colombia,Documental,2022-09-21,0
11477,54,Basico,1319.5,Peru,Drama,2023-11-25,1
11478,55,Estandar,770.9,Colombia,Thriller,2019-04-11,0
11479,41,Estandar,899.2,Brasil,Comedia,2018-09-18,1
11480,31,Premium,1338.5,Argentina,Documental,2023-05-05,1
11481,25,Basico,602.9,Uruguay,Romance,2023-01-11,0
11482,13,Basico,427.7,Peru,Romance,2022-01-22,0
11483,41,Basico,537.2,Mexico,Documental,2023-10-04,2
11484,57,Estandar,864.9,Peru,Thriller,2024-08-28,0
11485,38,Basico,1163.5,Uruguay,Comedia,2022-02-14,2
11486,29,Basico,931.8,Chile,Drama,2023-01-26,0
11487,15,Estandar,488.9,Argentina,Accion,2023-08-26,0
11488,25,Estandar,563.4,Argentina,Documental,2020-06-26,0
11489,29,Basico,158.0,Brasil,Comedia,2024-11-24,0
11490,42,Estandar,3622.4,Peru,Accion,2018-06-27,1
11491,34,Estandar,1134.9,Colombia,Comedia,2025-05-22,1
11492,26,Premium,1004.4,Brasil,Crimen,2023-11-06,1
11493,38,Estandar,904.3,Peru,Thriller,2021-05-20,0
11494,31,Estandar,633.3,Mexico,Documental,2023-02-20,1
11495,20,Premium,1481.1,Chile,Documental,2025-03-20,2
11496,40,Basico,3628.4,Chile,Comedia,2018-05-08,0
11497,52,Estandar,504.4,Argentina,Crimen,2018-09-07,1
11498,24,Basico,388.5,Chile,Romance,2023-05-16,1
11499,47,Estandar,1007.4,Chile,Thriller,2022-07-04,0
11500,42,Estandar,539.9,Mexico,Accion,2022-10-13,1
11501,29,Estandar,491.2,Peru,Thriller,2025-09-11,0
11502,13,Estandar,878.6,Argentina,Thriller,2019-03-19,0
11503,33,Estandar,1265.1,Chile,Accion,2023-07-02,0
11504,37,Basico,306.1,Colombia,Crimen,2025-12-27,0
11505,34,Basico,850.3,Argentina,Romance,2022-12-22,1
11506,44,Basico,755.4,Colombia,Accion,2022-02-14,2
11507,29,Estandar,698.4,Chile,Crimen,2018-11-27,1
11508,30,Estandar,901.2,Uruguay,Accion,2021-08-12,0
11509,52,Basico,582.5,Brasil,Drama,2024-10-27,0
11510,59,Basico,1037.8,Uruguay,Thriller,2019-08-31,0
11511,28,Premium,1430.8,Mexico,Comedia,2018-09-27,1
11512,17,Estandar,1367.5,Colombia,Thriller,2019-06-01,1
11513,39,Basico,869.2,Colombia,Romance,2021-01-31,3
11514,47,Estandar,640.2,Colombia,Thriller,2025-01-01,0
11515,40,Basico,605.4,Argentina,Thriller,2022-02-14,2
11516,24,Estandar,1137.3,Argentina,Documental,2024-07-25,0
11517,40,Estandar,536.5,Chile,Accion,2024-02-25,1
11518,15,Basico,973.7,Chile,Thriller,2022-02-14,2
11519,29,Basico,550.6,Brasil,Comedia,2021-08-24,0
11520,56,Premium,3628.4,Uruguay,Drama,2022-04-10,0
11521,29,Estandar,680.3,Uruguay,Comedia,2024-09-12,1
11522,42,Estandar,1114.4,Uruguay,Comedia,2023-12-14,1
11523,27,Estandar,1075.3,Chile,Accion,2021-04-22,1
11524,13,Basico,348.2,Brasil,Comedia,2023-02-02,1
11525,36,Basico,864.0,Argentina,Comedia,2023-09-02,0
11526,43,Premium,858.3,Mexico,Romance,2024-10-15,1
11527,26,Basico,661.4,Argentina,Drama,2022-10-29,0
11528,35,Estandar,826.1,Colombia,Comedia,2019-02-11,0
11529,46,Estandar,920.0,Colombia,Comedia,2025-11-14,1
11530,36,Estandar,788.7,Argentina,Accion,2019-04-14,2
11531,17,Premium,1047.7,Mexico,Thriller,2025-05-05,0
11532,41,Basico,1082.8,Uruguay,Crimen,2025-04-20,1
11533,42,Estandar,1125.8,Chile,Accion,2024-03-08,0
11534,42,Premium,1252.3,Peru,Romance,2020-05-30,0
11535,41,Estandar,1095.4,Brasil,Comedia,2022-10-28,1
11536,38,Basico,746.7,Colombia,Documental,2023-01-24,0
11537,31,Premium,1329.2,Argentina,Accion,2020-07-24,1
11538,32,Basico,542.1,Mexico,Accion,2022-08-22,1
11539,30,Basico,434.2,Chile,Crimen,2021-10-20,2
11540,23,Basico,572.3,Peru,Drama,2023-02-01,5
11541,26,Estandar,745.5,Brasil,Romance,2022-06-22,2
11542,21,Premium,1082.3,Chile,Comedia,2022-08-31,2
11543,47,Basico,368.5,Mexico,Comedia,2019-01-25,3
11544,42,Premium,1377.7,Colombia,Thriller,2021-07-04,1
11545,37,Basico,401.3,Mexico,Comedia,2022-10-15,2
11546,18,Estandar,773.6,Brasil,Accion,2022-02-14,2
11547,14,Premium,1433.6,Mexico,Accion,2025-06-17,1
11548,31,Basico,972.8,Chile,Romance,2020-11-10,1
11549,32,Basico,734.0,Peru,Thriller,2022-03-14,0
11550,36,Premium,1246.8,Colombia,Drama,2019-09-18,1
11551,43,Estandar,1364.2,Chile,Accion,2025-09-14,1
11552,13,Premium,1126.1,Chile,Comedia,2023-04-27,2
11553,21,Estandar,1159.4,Peru,Accion,2018-10-02,0
11554,39,Estandar,851.4,Argentina,Comedia,2019-01-09,0
11555,30,Estandar,1042.2,Colombia,Crimen,2018-12-16,1
11556,44,Estandar,376.5,Colombia,Crimen,2019-01-17,0
11557,31,Premium,1113.2,Brasil,Thriller,2022-11-04,1
11558,51,Estandar,758.9,Argentina,Crimen,2019-01-31,0
11559,35,Basico,392.5,Peru,Crimen,2022-03-07,1
11560,34,Premium,1130.7,Mexico,Crimen,2019-06-17,2
11561,30,Basico,105.3,Argentina,Comedia,2024-03-28,1
11562,33,Basico,1240.9,Colombia,Accion,2018-09-03,1
11563,24,Basico,785.3,Uruguay,Thriller,2024-07-30,3
11564,23,Basico,207.5,Chile,Thriller,2024-04-19,1
11565,17,Estandar,712.5,Peru,Thriller,2024-04-19,1
11566,26,Estandar,826.1,Colombia,Romance,2021-09-12,0
11567,17,Estandar,1071.7,Colombia,Documental,2025-07-07,0
11568,39,Estandar,755.7,Peru,Romance,2022-02-14,1
11569,37,Estandar,1200.6,Peru,Comedia,2022-08-10,0
11570,25,Basico,1257.2,Uruguay,Drama,2021-12-19,0
11571,44,Estandar,3628.4,Chile,Crimen,2025-06-18,1
11572,53,Estandar,418.7,Uruguay,Comedia,2022-09-29,1
11573,44,Basico,470.3,Colombia,Thriller,2018-07-30,1
11574,25,Basico,119.1,Argentina,Drama,2021-03-24,1
11575,30,Estandar,1234.1,Peru,Drama,2024-09-25,0
11576,33,Estandar,158.3,Chile,Accion,2021-07-03,0
11577,13,Premium,883.6,Peru,Comedia,2021-12-11,1
11578,13,Basico,0.0,Chile,Thriller,2019-03-01,5
11579,30,Basico,787.0,Peru,Thriller,2024-06-25,0
11580,18,Basico,448.1,Argentina,Thriller,2022-02-14,1
11581,53,Premium,1064.8,Mexico,Documental,2020-05-21,0
11582,42,Basico,1052.9,Mexico,Comedia,2019-09-26,0
11583,49,Estandar,1118.5,Uruguay,Romance,2025-05-13,5
11584,18,Estandar,852.8,Peru,Romance,2023-05-30,0
11585,39,Premium,1040.7,Brasil,Crimen,2020-07-07,1
11586,17,Basico,1123.6,Brasil,Crimen,2019-03-20,1
11587,39,Basico,534.0,Brasil,Comedia,2022-02-14,0
11588,34,Basico,0.0,Mexico,Accion,2024-03-28,1
11589,29,Premium,1230.8,Chile,Comedia,2022-02-14,0
11590,36,Basico,735.1,Colombia,Accion,2019-04-16,0
11591,25,Basico,271.9,Argentina,Crimen,2021-02-15,2
11592,13,Basico,332.7,Colombia,Comedia,2024-06-09,0
11593,38,Basico,533.9,Mexico,Thriller,2020-07-15,1
11594,28,Basico,890.1,Chile,Comedia,2022-10-24,0
11595,23,Estandar,798.9,Colombia,Romance,2024-04-16,1
11596,47,Estandar,472.3,Mexico,Romance,2024-12-21,1
11597,44,Premium,847.1,Uruguay,Romance,2024-11-18,1
11598,37,Estandar,3628.4,Uruguay,Crimen,2025-07-27,1
11599,14,Premium,1260.8,Argentina,Accion,2025-03-17,0
11600,28,Basico,75.8,Peru,Drama,2024-03-30,2
11601,37,Basico,371.2,Peru,Drama,2018-04-18,0
11602,13,Premium,828.4,Colombia,Comedia,2024-10-30,1
11603,40,Basico,639.8,Colombia,Comedia,2025-05-18,0
11604,72,Basico,290.7,Uruguay,Documental,2025-10-11,1
11605,46,Estandar,368.5,Colombia,Thriller,2022-02-14,4
11606,28,Estandar,1208.8,Uruguay,Crimen,2022-02-14,0
11607,34,Estandar,1144.7,Mexico,Documental,2020-01-09,1
11608,50,Estandar,868.1,Argentina,Documental,2021-01-24,1
11609,30,Premium,1066.9,Uruguay,Thriller,2025-11-18,2
11610,41,Basico,1214.7,Chile,Documental,2021-06-19,1
11611,13,Basico,945.8,Uruguay,Drama,2021-10-23,0
11612,28,Estandar,622.4,Chile,Romance,2022-02-14,3
11613,22,Estandar,653.6,Uruguay,Comedia,2018-01-26,0
11614,40,Basico,1235.7,Mexico,Thriller,2020-01-14,1
11615,22,Estandar,432.2,Peru,Comedia,2019-08-10,0
11616,41,Premium,1043.5,Colombia,Documental,2024-05-08,3
11617,20,Premium,1082.7,Chile,Accion,2025-05-16,1
11618,33,Basico,326.1,Argentina,Accion,2022-06-30,2
11619,14,Basico,463.9,Argentina,Crimen,2018-10-13,1
11620,39,Premium,1157.8,Colombia,Comedia,2019-08-05,0
11621,13,Estandar,521.9,Chile,Accion,2025-02-06,2
11622,38,Basico,3628.4,Argentina,Accion,2018-05-06,0
11623,13,Basico,487.5,Mexico,Romance,2019-01-11,1
11624,16,Basico,888.5,Uruguay,Drama,2023-12-13,0
11625,37,Basico,228.6,Chile,Crimen,2020-05-31,1
11626,26,Basico,758.0,Argentina,Romance,2022-03-21,0
11627,43,Premium,1451.0,Brasil,Romance,2022-09-16,0
11628,35,Basico,222.4,Argentina,Romance,2023-02-02,1
11629,43,Estandar,1550.9,Chile,Thriller,2021-10-28,1
11630,31,Basico,880.5,Chile,Documental,2019-10-07,1
11631,43,Premium,1405.4,Uruguay,Accion,2022-02-24,1
11632,26,Estandar,765.2,Brasil,Thriller,2021-06-30,0
11633,51,Estandar,1069.1,Argentina,Comedia,2021-08-21,0
11634,24,Basico,392.3,Uruguay,Documental,2024-05-13,1
11635,34,Basico,1082.1,Chile,Drama,2024-09-08,0
11636,43,Basico,697.6,Colombia,Comedia,2018-12-14,0
11637,17,Basico,492.9,Colombia,Documental,2018-08-04,2
11638,29,Premium,1538.6,Argentina,Comedia,2019-09-30,1
11639,27,Premium,1079.3,Uruguay,Romance,2019-10-07,0
11640,41,Basico,960.9,Argentina,Drama,2024-12-05,2
11641,24,Estandar,917.6,Brasil,Romance,2018-07-23,0
11642,41,Basico,632.2,Chile,Documental,2025-07-23,2
11643,35,Estandar,1198.6,Mexico,Drama,2018-12-01,0
11644,36,Premium,369.0,Uruguay,Thriller,2021-01-19,0
11645,28,Basico,209.2,Uruguay,Romance,2022-12-20,0
11646,47,Basico,3628.4,Uruguay,Comedia,2025-06-04,1
11647,14,Estandar,595.2,Uruguay,Thriller,2022-10-03,3
11648,30,Estandar,466.2,Argentina,Documental,2023-06-13,0
11649,34,Premium,1208.3,Peru,Drama,2024-10-22,1
11650,32,Estandar,1076.4,Chile,Crimen,2022-12-16,1
11651,59,Basico,126.0,Chile,Accion,2022-08-24,1
11652,33,Basico,579.7,Uruguay,Romance,2021-01-23,0
11653,39,Estandar,953.9,Peru,Romance,2020-01-06,1
11654,34,Premium,1026.0,Colombia,Comedia,2023-09-30,1
11655,26,Estandar,1087.1,Chile,Comedia,2019-04-12,1
11656,35,Premium,1212.4,Uruguay,Romance,2021-11-14,1
11657,31,Basico,130.3,Peru,Accion,2022-10-27,0
11658,55,Estandar,1249.5,Argentina,Comedia,2019-03-31,1
11659,23,Basico,350.1,Chile,Accion,2021-03-06,0
11660,42,Basico,403.7,Mexico,Drama,2025-08-09,0
11661,17,Premium,1591.1,Uruguay,Romance,2025-08-11,1
11662,41,Estandar,631.6,Mexico,Drama,2024-08-26,0
11663,39,Basico,365.3,Brasil,Documental,2023-06-17,0
11664,29,Estandar,973.6,Colombia,Comedia,2023-11-29,1
11665,22,Estandar,985.9,Brasil,Crimen,2025-06-25,1
11666,32,Basico,564.9,Brasil,Drama,2022-02-14,2
11667,30,Estandar,147.9,Argentina,Accion,2018-07-06,1
11668,30,Estandar,1025.6,Brasil,Thriller,2020-06-22,1
11669,34,Premium,1337.1,Mexico,Documental,2022-06-07,5
11670,22,Estandar,1262.3,Brasil,Crimen,2024-09-20,2
11671,19,Basico,809.5,Brasil,Drama,2018-08-13,1
11672,34,Estandar,862.2,Peru,Comedia,2018-02-01,0
11673,27,Estandar,574.3,Uruguay,Crimen,2020-04-17,0
11674,33,Basico,305.0,Peru,Documental,2021-05-19,1
11675,45,Estandar,1158.7,Uruguay,Comedia,2020-05-15,0
11676,35,Basico,1241.2,Brasil,Drama,2019-07-17,0
11677,50,Basico,624.3,Peru,Accion,2020-11-12,0
11678,49,Estandar,714.1,Brasil,Accion,2021-03-31,0
11679,38,Estandar,590.1,Peru,Accion,2021-09-05,1
11680,13,Basico,415.2,Colombia,Thriller,2019-05-07,3
11681,34,Basico,234.2,Argentina,Drama,2018-02-01,0
11682,35,Basico,1073.0,Chile,Comedia,2023-07-31,1
11683,39,Basico,468.9,Mexico,Crimen,2022-10-30,1
11684,31,Basico,749.5,Uruguay,Accion,2019-12-21,1
11685,30,Basico,594.4,Chile,Crimen,2019-06-14,0
11686,33,Estandar,1185.4,Argentina,Drama,2022-04-07,0
11687,29,Basico,450.4,Peru,Drama,2023-12-22,1
11688,13,Basico,534.0,Peru,Crimen,2025-11-22,1
11689,36,Premium,1096.6,Uruguay,Thriller,2020-07-31,0
11690,63,Basico,515.1,Chile,Accion,2023-08-12,1
11691,13,Basico,367.1,Peru,Comedia,2024-04-07,1
11692,42,Basico,14.9,Brasil,Romance,2025-06-29,0
11693,46,Estandar,936.9,Brasil,Comedia,2021-12-21,0
11694,35,Premium,1136.4,Chile,Documental,2018-10-23,1
11695,18,Estandar,593.4,Uruguay,Thriller,2022-06-15,0
11696,30,Premium,780.9,Chile,Comedia,2018-06-23,0
11697,39,Premium,1238.8,Colombia,Comedia,2022-11-22,1
11698,25,Basico,688.0,Mexico,Documental,2018-03-18,0
11699,47,Basico,219.1,Colombia,Drama,2023-02-27,1
11700,53,Premium,876.2,Peru,Documental,2018-11-15,1
11701,22,Estandar,1021.7,Peru,Romance,2021-07-06,1
11702,36,Premium,1444.0,Argentina,Comedia,2024-06-16,1
11703,20,Premium,1194.9,Colombia,Documental,2022-10-25,1
11704,39,Basico,442.2,Peru,Comedia,2024-06-06,1
11705,35,Basico,522.9,Peru,Comedia,2022-07-15,0
11706,27,Estandar,917.3,Brasil,Comedia,2025-12-16,1
11707,37,Estandar,677.1,Argentina,Romance,2025-03-07,0
11708,24,Basico,499.0,Colombia,Accion,2022-09-07,1
11709,30,Basico,715.1,Argentina,Comedia,2021-03-31,1
11710,52,Basico,532.4,Argentina,Comedia,2019-04-17,1
11711,20,Basico,1249.7,Brasil,Comedia,2022-02-14,2
11712,37,Basico,652.5,Chile,Comedia,2022-02-14,0
11713,35,Estandar,178.1,Brasil,Thriller,2021-08-23,2
11714,53,Basico,653.4,Peru,Thriller,2019-12-05,0
11715,37,Basico,0.0,Colombia,Thriller,2024-12-06,1
11716,36,Estandar,736.9,Peru,Drama,2023-02-28,1
11717,36,Premium,682.8,Colombia,Crimen,2025-09-25,2
11718,38,Basico,700.4,Colombia,Documental,2022-01-22,0
11719,35,Basico,1017.7,Argentina,Documental,2018-12-27,1
11720,33,Estandar,704.3,Brasil,Thriller,2022-11-24,0
11721,51,Basico,136.4,Mexico,Accion,2019-03-10,1
11722,34,Basico,848.4,Chile,Documental,2020-09-23,0
11723,41,Basico,1144.0,Chile,Comedia,2022-11-20,4
11724,42,Basico,322.8,Argentina,Comedia,2024-08-09,0
11725,28,Estandar,834.9,Peru,Comedia,2022-06-29,0
11726,20,Estandar,988.4,Chile,Crimen,2023-11-17,1
11727,44,Basico,605.3,Chile,Accion,2018-11-19,1
11728,33,Basico,80.6,Peru,Drama,2022-06-10,3
11729,59,Premium,3628.4,Brasil,Drama,2021-06-24,0
11730,39,Estandar,935.6,Colombia,Comedia,2021-10-22,2
11731,19,Estandar,1153.7,Chile,Accion,2020-06-26,0
11732,40,Basico,151.6,Colombia,Romance,2021-09-26,1
11733,42,Basico,543.9,Brasil,Crimen,2019-11-20,2
11734,34,Basico,572.0,Peru,Thriller,2018-11-09,0
11735,39,Estandar,612.7,Brasil,Romance,2023-09-22,0
11736,42,Basico,511.4,Brasil,Comedia,2025-02-06,0
11737,57,Basico,529.8,Chile,Crimen,2019-04-13,1
11738,18,Basico,1070.7,Argentina,Romance,2023-12-14,2
11739,13,Estandar,161.8,Mexico,Accion,2023-09-20,0
11740,33,Basico,578.1,Mexico,Crimen,2020-03-05,1
11741,18,Premium,3628.4,Argentina,Documental,2021-12-02,3
11742,43,Basico,467.7,Mexico,Drama,2021-12-09,1
11743,40,Basico,74.4,Brasil,Accion,2022-02-14,2
11744,43,Estandar,1097.3,Peru,Romance,2019-08-28,1
11745,39,Premium,889.0,Brasil,Comedia,2020-08-25,0
11746,27,Estandar,891.2,Mexico,Accion,2019-02-26,1
11747,40,Basico,419.7,Peru,Drama,2019-08-23,1
11748,13,Basico,218.6,Uruguay,Comedia,2022-02-14,2
11749,37,Premium,1111.5,Colombia,Crimen,2020-03-19,2
11750,40,Estandar,1085.7,Peru,Crimen,2019-12-12,2
11751,22,Estandar,972.4,Colombia,Accion,2024-10-03,1
11752,40,Basico,621.4,Uruguay,Comedia,2019-09-19,1
11753,52,Premium,1330.7,Chile,Thriller,2025-05-08,0
11754,29,Premium,1440.0,Mexico,Thriller,2018-11-05,0
11755,37,Basico,476.9,Argentina,Thriller,2019-12-27,0
11756,49,Basico,685.0,Peru,Documental,2025-01-16,2
11757,29,Estandar,1323.4,Colombia,Documental,2023-07-17,0
11758,27,Premium,1663.4,Brasil,Drama,2023-03-16,2
11759,30,Premium,1168.3,Argentina,Accion,2024-04-28,1
11760,25,Basico,353.5,Argentina,Comedia,2024-07-01,1
11761,32,Basico,0.0,Uruguay,Accion,2023-01-13,1
11762,48,Estandar,1358.3,Uruguay,Romance,2025-08-21,2
11763,20,Estandar,897.8,Chile,Drama,2024-05-01,5
11764,37,Basico,917.4,Colombia,Drama,2025-03-18,1
11765,31,Basico,237.4,Argentina,Drama,2025-02-15,0
11766,39,Basico,481.5,Chile,Thriller,2025-01-02,1
11767,49,Basico,586.9,Argentina,Crimen,2021-08-16,1
11768,17,Estandar,814.3,Peru,Crimen,2025-01-13,1
11769,13,Premium,2284.1,Uruguay,Accion,2021-07-18,5
11770,15,Basico,628.5,Colombia,Documental,2019-09-11,1
11771,39,Basico,188.8,Brasil,Thriller,2022-12-07,1
11772,13,Premium,929.1,Peru,Drama,2018-10-07,0
11773,36,Basico,326.6,Chile,Romance,2023-04-05,0
11774,38,Basico,297.8,Mexico,Comedia,2022-12-17,1
11775,35,Basico,966.4,Brasil,Drama,2025-01-30,1
11776,38,Basico,922.2,Colombia,Crimen,2021-05-25,1
11777,13,Basico,212.6,Brasil,Thriller,2021-01-30,2
11778,50,Estandar,720.7,Uruguay,Accion,2024-08-19,0
11779,15,Premium,934.9,Argentina,Drama,2018-08-19,2
11780,48,Premium,1199.8,Argentina,Comedia,2021-12-12,0
11781,30,Estandar,814.4,Colombia,Romance,2023-09-10,0
11782,42,Basico,991.0,Uruguay,Crimen,2018-10-31,2
11783,35,Estandar,616.7,Mexico,Romance,2021-06-25,1
11784,26,Basico,927.4,Chile,Thriller,2023-03-07,1
11785,24,Estandar,1241.7,Peru,Comedia,2023-01-26,0
11786,13,Estandar,736.1,Brasil,Documental,2018-06-04,0
11787,36,Estandar,1193.7,Argentina,Crimen,2018-08-22,1
11788,15,Basico,593.3,Uruguay,Romance,2022-02-19,0
11789,24,Basico,437.6,Colombia,Thriller,2021-03-21,0
11790,46,Basico,0.0,Peru,Crimen,2018-11-11,1
11791,24,Basico,993.2,Colombia,Documental,2025-03-25,0
11792,35,Basico,747.1,Mexico,Thriller,2019-01-05,1
11793,49,Estandar,598.5,Peru,Documental,2024-11-24,0
11794,34,Estandar,1209.8,Brasil,Crimen,2024-08-30,0
11795,50,Estandar,821.3,Mexico,Comedia,2023-09-08,0
11796,21,Premium,1427.8,Peru,Drama,2022-04-24,2
11797,26,Basico,923.9,Mexico,Accion,2023-03-11,0
11798,31,Basico,656.9,Argentina,Documental,2024-07-05,0
11799,31,Basico,694.6,Peru,Romance,2024-03-20,1
11800,32,Basico,1065.3,Chile,Comedia,2018-06-18,0
11801,39,Basico,296.8,Brasil,Thriller,2023-01-17,2
11802,35,Estandar,808.1,Peru,Documental,2024-05-30,1
11803,40,Estandar,104.3,Chile,Documental,2025-04-23,0
11804,34,Premium,382.6,Brasil,Thriller,2020-02-11,0
11805,50,Basico,489.9,Peru,Crimen,2021-08-09,2
11806,33,Estandar,798.3,Argentina,Documental,2024-10-14,0
11807,16,Basico,0.0,Mexico,Drama,2023-05-03,1
11808,41,Basico,304.9,Mexico,Drama,2023-08-16,0
11809,29,Basico,625.4,Chile,Drama,2019-09-10,0
11810,42,Premium,1017.5,Peru,Romance,2018-09-11,0
11811,33,Premium,1127.2,Brasil,Thriller,2022-02-14,2
11812,18,Basico,938.9,Uruguay,Comedia,2019-02-28,0
11813,24,Basico,349.2,Uruguay,Accion,2021-11-07,1
11814,44,Basico,138.8,Brasil,Crimen,2022-02-14,1
11815,43,Basico,801.7,Uruguay,Comedia,2023-08-29,1
11816,36,Basico,958.1,Mexico,Comedia,2025-03-31,1
11817,40,Premium,1241.3,Brasil,Comedia,2019-12-08,3
11818,39,Basico,1005.8,Uruguay,Drama,2018-06-10,0
11819,52,Estandar,713.2,Argentina,Drama,2020-10-11,1
11820,24,Premium,1160.4,Mexico,Documental,2025-12-08,1
11821,49,Premium,1466.9,Uruguay,Drama,2022-11-29,1
11822,34,Basico,201.5,Brasil,Drama,2022-12-05,3
11823,44,Estandar,1133.6,Colombia,Thriller,2023-11-17,0
11824,39,Estandar,1142.4,Mexico,Documental,2023-11-12,1
11825,36,Premium,991.1,Argentina,Drama,2024-11-02,0
11826,45,Premium,758.3,Colombia,Romance,2019-10-13,1
11827,45,Premium,1488.3,Peru,Romance,2022-01-30,1
11828,49,Basico,627.2,Argentina,Crimen,2022-03-08,1
11829,32,Estandar,575.1,Peru,Romance,2021-03-04,1
11830,40,Basico,490.1,Peru,Romance,2022-05-06,1
11831,34,Estandar,856.8,Chile,Romance,2022-08-02,2
11832,45,Estandar,922.0,Peru,Documental,2022-02-14,2
11833,38,Basico,1044.6,Colombia,Thriller,2025-08-12,1
11834,47,Estandar,986.7,Brasil,Drama,2024-09-14,1
11835,51,Premium,1602.4,Mexico,Drama,2018-08-03,0
11836,47,Premium,1287.2,Argentina,Drama,2025-01-28,0
11837,45,Estandar,968.2,Uruguay,Thriller,2025-04-05,0
11838,30,Basico,407.5,Colombia,Comedia,2021-10-02,0
11839,29,Basico,600.3,Peru,Drama,2018-09-27,0
11840,29,Premium,1093.0,Uruguay,Romance,2021-09-12,0
11841,24,Estandar,1408.9,Mexico,Documental,2019-01-23,1
11842,31,Premium,1140.0,Brasil,Documental,2024-04-04,0
11843,38,Basico,577.9,Argentina,Accion,2025-08-10,1
11844,33,Basico,421.6,Mexico,Drama,2022-05-03,1
11845,29,Basico,195.2,Uruguay,Comedia,2021-03-09,0
11846,33,Basico,259.7,Mexico,Drama,2020-10-29,0
11847,25,Basico,979.0,Mexico,Crimen,2025-05-13,0
11848,28,Basico,843.4,Brasil,Romance,2024-10-04,3
11849,36,Estandar,409.4,Peru,Thriller,2019-09-08,0
11850,44,Basico,284.4,Chile,Romance,2021-09-27,0
11851,21,Premium,1272.1,Colombia,Drama,2018-11-30,1
11852,25,Basico,410.8,Uruguay,Documental,2024-07-14,0
11853,51,Basico,0.0,Brasil,Drama,2022-02-14,2
11854,38,Basico,496.7,Colombia,Thriller,2019-08-03,0
11855,43,Estandar,615.7,Argentina,Drama,2021-12-03,0
11856,32,Premium,1492.7,Mexico,Drama,2021-06-24,0
11857,40,Basico,150.1,Mexico,Crimen,2025-05-11,0
11858,32,Estandar,628.4,Peru,Crimen,2025-10-31,1
11859,13,Basico,1218.9,Peru,Drama,2025-06-05,0
11860,37,Premium,1130.7,Mexico,Thriller,2022-05-25,2
11861,40,Estandar,483.6,Mexico,Documental,2019-06-13,0
11862,51,Premium,1376.3,Mexico,Drama,2024-09-03,0
11863,37,Estandar,592.4,Colombia,Comedia,2025-12-13,1
11864,14,Basico,31.2,Mexico,Accion,2018-12-14,1
11865,29,Basico,460.5,Argentina,Comedia,2021-06-22,1
11866,58,Premium,1437.6,Brasil,Romance,2024-04-08,0
11867,32,Premium,627.3,Uruguay,Accion,2022-03-23,1
11868,39,Estandar,1321.2,Peru,Accion,2025-03-20,0
11869,31,Estandar,720.5,Brasil,Crimen,2021-09-07,1
11870,22,Basico,287.8,Peru,Documental,2019-06-08,1
11871,36,Estandar,801.4,Peru,Crimen,2025-07-07,0
11872,55,Basico,338.1,Colombia,Drama,2025-11-18,0
11873,41,Basico,649.8,Chile,Documental,2025-09-08,0
11874,44,Basico,373.9,Peru,Comedia,2023-11-27,1
11875,61,Basico,315.2,Chile,Comedia,2019-01-18,0
11876,33,Estandar,592.9,Chile,Crimen,2025-03-31,0
11877,37,Premium,1492.7,Chile,Comedia,2025-07-09,0
11878,59,Basico,428.2,Argentina,Drama,2022-02-14,2
11879,26,Basico,750.1,Chile,Romance,2023-09-14,2
11880,41,Basico,509.2,Colombia,Crimen,2022-01-22,1
11881,27,Basico,452.6,Peru,Accion,2018-03-16,2
11882,13,Estandar,427.2,Argentina,Romance,2022-01-25,0
11883,35,Basico,860.7,Argentina,Documental,2021-06-19,2
11884,13,Estandar,989.0,Chile,Accion,2020-01-09,2
11885,50,Basico,478.1,Brasil,Comedia,2020-05-27,2
11886,42,Basico,847.4,Chile,Romance,2021-10-31,2
11887,40,Basico,1164.9,Peru,Drama,2023-06-15,1
11888,20,Estandar,361.7,Uruguay,Drama,2020-02-26,0
11889,29,Basico,861.7,Mexico,Thriller,2020-07-16,0
11890,53,Estandar,1303.4,Chile,Thriller,2019-07-18,0
11891,32,Premium,1079.6,Argentina,Documental,2019-09-27,2
11892,39,Basico,967.6,Colombia,Thriller,2018-11-13,1
11893,33,Estandar,940.0,Peru,Thriller,2021-04-26,1
11894,32,Estandar,727.6,Colombia,Accion,2019-02-19,0
11895,35,Estandar,884.5,Peru,Documental,2023-09-11,0
11896,44,Premium,1119.3,Uruguay,Thriller,2024-01-20,2
11897,44,Basico,463.5,Brasil,Crimen,2023-11-27,1
11898,13,Premium,1099.5,Brasil,Documental,2018-06-04,1
11899,42,Basico,623.2,Uruguay,Drama,2025-06-04,0
11900,35,Premium,1183.4,Colombia,Crimen,2021-10-11,1
11901,23,Premium,413.0,Chile,Drama,2024-12-06,2
11902,26,Basico,611.7,Mexico,Romance,2019-06-21,1
11903,35,Premium,1157.7,Uruguay,Drama,2024-09-12,0
11904,51,Basico,550.8,Argentina,Crimen,2022-03-24,3
11905,23,Basico,655.8,Uruguay,Drama,2019-09-24,2
11906,41,Estandar,869.6,Chile,Documental,2019-10-27,1
11907,51,Basico,511.5,Uruguay,Thriller,2020-01-11,0
11908,33,Basico,286.8,Argentina,Drama,2025-10-08,0
11909,19,Premium,1228.6,Chile,Drama,2025-01-02,2
11910,31,Estandar,722.2,Argentina,Thriller,2019-11-10,1
11911,38,Estandar,903.1,Uruguay,Drama,2022-11-28,1
11912,20,Estandar,953.4,Chile,Crimen,2018-06-28,1
11913,38,Basico,0.0,Mexico,Documental,2022-08-10,1
11914,14,Basico,700.2,Uruguay,Comedia,2022-02-01,0
11915,45,Estandar,1206.6,Brasil,Crimen,2025-08-02,2
11916,14,Estandar,1496.5,Peru,Comedia,2020-08-30,2
11917,32,Basico,331.6,Uruguay,Romance,2022-12-25,1
11918,27,Premium,925.4,Chile,Thriller,2024-11-05,1
11919,35,Estandar,850.6,Chile,Thriller,2022-02-14,2
11920,27,Basico,841.3,Colombia,Drama,2023-01-13,1
11921,23,Estandar,677.2,Peru,Accion,2020-08-16,1
11922,13,Basico,894.8,Uruguay,Thriller,2023-12-28,1
11923,38,Estandar,3419.1,Colombia,Thriller,2020-09-06,0
11924,26,Estandar,817.2,Peru,Comedia,2021-06-21,0
11925,32,Estandar,840.7,Mexico,Accion,2023-04-06,0
11926,41,Basico,732.2,Chile,Comedia,2020-03-05,0
11927,40,Estandar,1507.3,Uruguay,Documental,2022-02-15,1
11928,40,Basico,206.6,Peru,Accion,2025-08-10,2
11929,29,Premium,1413.1,Argentina,Documental,2024-05-25,1
11930,19,Premium,352.1,Peru,Romance,2022-12-10,1
11931,39,Basico,868.1,Peru,Crimen,2023-03-07,1
11932,27,Estandar,684.3,Chile,Documental,2021-02-28,0
11933,37,Estandar,491.8,Peru,Crimen,2022-04-14,0
11934,41,Basico,516.7,Colombia,Comedia,2023-08-22,0
11935,34,Estandar,1152.9,Uruguay,Romance,2023-12-01,1
11936,45,Estandar,447.4,Colombia,Comedia,2022-09-11,1
11937,36,Estandar,1159.7,Brasil,Romance,2022-02-14,2
11938,42,Basico,837.6,Peru,Accion,2020-03-28,0
11939,13,Basico,885.0,Mexico,Documental,2024-10-12,0
11940,46,Premium,1030.7,Mexico,Crimen,2019-07-21,0
11941,41,Estandar,964.3,Brasil,Romance,2020-10-21,0
11942,27,Estandar,1426.5,Uruguay,Drama,2018-08-02,1
11943,13,Basico,0.0,Chile,Drama,2025-03-11,1
11944,30,Basico,723.0,Colombia,Comedia,2023-05-23,2
11945,37,Premium,1119.3,Uruguay,Thriller,2022-03-01,1
11946,26,Basico,1070.2,Peru,Drama,2024-03-21,1
11947,31,Basico,412.9,Brasil,Thriller,2019-02-25,1
11948,42,Premium,861.9,Peru,Crimen,2025-12-23,1
11949,47,Premium,1390.5,Argentina,Crimen,2023-10-15,0
11950,33,Estandar,688.8,Chile,Thriller,2019-05-26,0
11951,29,Basico,0.0,Mexico,Thriller,2021-03-13,1
11952,51,Basico,611.3,Colombia,Romance,2018-12-10,1
11953,13,Premium,924.3,Argentina,Crimen,2019-10-19,0
11954,36,Basico,277.8,Colombia,Comedia,2021-01-22,1
11955,43,Basico,818.3,Brasil,Documental,2023-01-15,1
11956,35,Premium,679.4,Mexico,Accion,2023-10-04,1
11957,22,Premium,1389.8,Uruguay,Drama,2019-08-27,1
11958,26,Basico,417.6,Uruguay,Drama,2022-11-27,1
11959,41,Estandar,655.5,Mexico,Documental,2019-01-11,1
11960,30,Estandar,749.9,Peru,Crimen,2020-06-28,0
11961,44,Basico,869.3,Argentina,Crimen,2023-01-22,0
11962,39,Premium,2819.9,Chile,Drama,2021-12-02,1
11963,25,Estandar,499.3,Chile,Drama,2018-04-20,0
11964,15,Estandar,790.1,Mexico,Crimen,2022-08-27,2
11965,17,Premium,1133.2,Chile,Accion,2018-08-07,0
11966,25,Basico,724.5,Peru,Drama,2022-06-12,0
11967,45,Basico,696.9,Chile,Crimen,2023-08-19,0
11968,23,Estandar,707.7,Brasil,Crimen,2022-03-12,2
11969,41,Basico,606.2,Chile,Documental,2020-08-23,1
11970,28,Estandar,485.5,Chile,Comedia,2022-05-01,0
11971,34,Estandar,875.0,Chile,Accion,2018-12-01,1
11972,37,Estandar,329.7,Mexico,Romance,2022-03-16,1
11973,17,Basico,251.1,Brasil,Accion,2020-07-08,1
11974,58,Basico,479.0,Argentina,Drama,2018-04-26,0
11975,30,Premium,1189.5,Peru,Documental,2021-07-29,0
11976,31,Estandar,202.0,Brasil,Comedia,2019-02-10,0
11977,36,Premium,349.1,Peru,Crimen,2025-04-16,1
11978,29,Estandar,427.1,Argentina,Accion,2021-10-05,2
11979,23,Basico,462.4,Brasil,Documental,2019-08-22,0
11980,13,Estandar,625.8,Mexico,Accion,2019-07-18,0
11981,26,Premium,885.9,Peru,Documental,2018-06-06,1
11982,13,Premium,1024.2,Brasil,Romance,2021-03-21,0
11983,15,Basico,579.9,Uruguay,Drama,2023-04-20,1
11984,34,Estandar,662.3,Mexico,Drama,2025-10-22,0
11985,37,Estandar,817.3,Mexico,Documental,2019-07-23,1
11986,21,Estandar,685.8,Peru,Documental,2025-11-29,2
11987,57,Estandar,512.6,Peru,Comedia,2023-04-06,0
11988,42,Estandar,1048.0,Uruguay,Drama,2023-01-12,0
11989,31,Basico,347.9,Colombia,Documental,2024-11-25,0
11990,13,Estandar,1303.1,Uruguay,Documental,2018-01-22,0
11991,46,Premium,1144.3,Chile,Drama,2018-11-21,1
11992,37,Estandar,1179.7,Argentina,Comedia,2018-03-19,2
11993,13,Estandar,848.8,Colombia,Accion,2020-11-14,1
11994,29,Premium,701.0,Peru,Thriller,2020-06-02,0
11995,44,Estandar,0.0,Argentina,Drama,2019-09-05,2
11996,31,Basico,425.6,Brasil,Accion,2024-02-26,0
11997,45,Estandar,872.3,Uruguay,Drama,2024-10-29,1
11998,42,Basico,1107.4,Brasil,Thriller,2023-12-02,0
11999,29,Basico,318.7,Peru,Comedia,2022-09-30,0
12000,40,Estandar,1379.3,Peru,Crimen,2019-04-01,0
12001,28,Basico,715.0,Peru,Romance,2021-03-26,0
12002,43,Basico,1002.9,Argentina,Drama,2022-02-14,2
12003,40,Basico,304.1,Uruguay,Romance,2021-05-18,0
12004,31,Premium,1347.1,Uruguay,Comedia,2019-05-15,0
12005,28,Premium,1139.5,Mexico,Accion,2018-07-15,0
12006,33,Premium,871.4,Chile,Thriller,2022-02-14,2
12007,49,Premium,1313.3,Chile,Accion,2022-09-16,3
12008,37,Estandar,439.2,Uruguay,Accion,2025-03-02,0
12009,35,Premium,1275.3,Colombia,Romance,2024-12-26,0
12010,49,Estandar,936.1,Peru,Accion,2023-02-16,1
12011,14,Premium,1010.0,Peru,Drama,2018-09-15,1
12012,13,Basico,476.4,Peru,Drama,2019-03-31,1
12013,29,Estandar,1402.7,Mexico,Thriller,2023-08-10,1
12014,38,Basico,432.4,Colombia,Comedia,2024-09-10,1
12015,35,Basico,382.8,Peru,Documental,2024-01-05,1
12016,26,Basico,842.9,Argentina,Comedia,2018-03-09,0
12017,31,Basico,586.7,Brasil,Crimen,2025-02-01,0
12018,31,Estandar,940.0,Uruguay,Crimen,2023-10-12,2
12019,24,Estandar,679.6,Peru,Accion,2024-06-13,0
12020,18,Basico,420.6,Brasil,Documental,2020-09-17,0
12021,28,Basico,0.0,Chile,Thriller,2019-08-12,0
12022,42,Estandar,1155.7,Peru,Accion,2021-04-08,2
12023,35,Basico,62.0,Argentina,Comedia,2022-10-25,1
12024,40,Basico,566.9,Peru,Romance,2018-01-07,0
12025,35,Basico,316.1,Peru,Thriller,2024-11-23,0
12026,55,Basico,729.4,Colombia,Comedia,2021-12-16,1
12027,44,Estandar,526.6,Peru,Crimen,2020-09-12,1
12028,13,Basico,0.0,Colombia,Documental,2024-05-26,0
12029,35,Estandar,864.0,Peru,Drama,2022-09-03,2
12030,24,Basico,508.9,Mexico,Comedia,2020-02-07,1
12031,50,Basico,857.5,Peru,Documental,2025-06-14,0
12032,29,Basico,506.7,Peru,Comedia,2025-06-30,1
12033,13,Basico,939.4,Argentina,Accion,2018-12-17,0
12034,34,Estandar,408.2,Brasil,Thriller,2023-11-15,1
12035,45,Premium,545.6,Brasil,Crimen,2022-01-17,0
12036,32,Basico,3628.4,Colombia,Romance,2018-10-05,0
12037,22,Basico,94.7,Brasil,Accion,2023-11-25,0
12038,39,Basico,336.0,Brasil,Drama,2024-02-07,0
12039,34,Basico,0.0,Mexico,Thriller,2023-09-10,0
12040,42,Basico,635.6,Mexico,Drama,2023-09-11,2
12041,16,Basico,527.8,Colombia,Comedia,2024-03-19,2
12042,40,Basico,17.2,Chile,Romance,2022-02-14,2
12043,23,Basico,765.0,Argentina,Drama,2022-05-19,3
12044,46,Estandar,1152.1,Colombia,Crimen,2023-04-10,0
12045,27,Estandar,834.9,Peru,Documental,2018-06-28,0
12046,25,Basico,279.4,Colombia,Comedia,2025-02-16,0
12047,41,Basico,311.1,Chile,Drama,2022-05-04,0
12048,43,Basico,196.0,Chile,Thriller,2022-03-10,1
12049,37,Basico,575.9,Peru,Comedia,2020-11-04,3
12050,18,Basico,73.0,Uruguay,Accion,2018-03-08,2
12051,53,Basico,682.8,Mexico,Documental,2022-01-02,1
12052,20,Premium,931.0,Peru,Comedia,2018-10-04,0
12053,16,Estandar,877.9,Brasil,Romance,2021-11-13,0
12054,23,Estandar,1027.5,Colombia,Thriller,2020-09-14,0
12055,47,Basico,813.3,Argentina,Accion,2025-05-15,0
12056,21,Basico,491.1,Chile,Drama,2025-01-17,0
12057,40,Basico,618.0,Chile,Documental,2019-03-01,1
12058,46,Estandar,998.9,Brasil,Romance,2024-07-11,1
12059,31,Basico,709.6,Argentina,Accion,2021-09-23,0
12060,36,Basico,958.7,Argentina,Thriller,2019-07-01,2
12061,38,Basico,839.1,Argentina,Accion,2018-07-01,0
12062,21,Basico,272.2,Uruguay,Comedia,2021-12-14,0
12063,46,Basico,65.3,Colombia,Comedia,2024-02-15,1
12064,28,Basico,745.7,Chile,Drama,2021-10-18,1
12065,49,Basico,760.1,Chile,Comedia,2025-03-17,0
12066,13,Premium,1119.3,Uruguay,Comedia,2019-12-19,1
12067,31,Basico,396.6,Argentina,Thriller,2025-09-05,0
12068,36,Estandar,437.7,Peru,Drama,2023-03-19,0
12069,28,Basico,0.0,Argentina,Comedia,2022-02-14,2
12070,24,Premium,1125.2,Chile,Drama,2023-05-15,2
12071,39,Premium,1433.0,Brasil,Comedia,2025-01-31,0
12072,25,Basico,823.9,Colombia,Drama,2020-01-17,1
12073,17,Basico,435.8,Chile,Accion,2019-07-07,1
12074,50,Premium,932.4,Colombia,Accion,2018-09-16,0
12075,30,Estandar,1133.4,Chile,Comedia,2023-02-18,0
12076,39,Premium,1113.2,Brasil,Romance,2018-06-01,0
12077,38,Estandar,1433.7,Argentina,Documental,2021-04-16,0
12078,35,Basico,488.8,Argentina,Comedia,2020-04-05,1
12079,30,Basico,60.9,Brasil,Romance,2018-06-29,0
12080,29,Basico,0.0,Argentina,Thriller,2020-03-28,1
12081,38,Basico,796.1,Chile,Accion,2018-06-21,0
12082,57,Basico,657.3,Mexico,Drama,2021-07-16,1
12083,29,Estandar,317.1,Argentina,Drama,2021-06-24,1
12084,51,Basico,266.3,Peru,Drama,2023-10-13,0
12085,35,Estandar,1090.8,Colombia,Romance,2022-06-20,1
12086,14,Premium,1126.1,Chile,Thriller,2024-02-03,0
12087,16,Basico,386.7,Chile,Crimen,2023-04-24,2
12088,38,Basico,0.0,Brasil,Drama,2020-11-03,5
12089,15,Estandar,577.9,Brasil,Drama,2018-05-30,0
12090,39,Basico,690.0,Argentina,Accion,2025-04-03,1
12091,31,Estandar,955.2,Brasil,Romance,2022-02-14,2
12092,38,Estandar,645.4,Colombia,Drama,2021-03-17,0
12093,37,Estandar,513.6,Uruguay,Comedia,2022-01-02,0
12094,48,Estandar,314.7,Mexico,Romance,2018-07-15,0
12095,31,Premium,664.1,Mexico,Thriller,2025-05-09,0
12096,64,Estandar,1419.8,Mexico,Documental,2021-09-21,1
12097,44,Basico,646.3,Uruguay,Comedia,2021-01-24,1
12098,43,Basico,487.8,Mexico,Romance,2022-02-14,3
12099,45,Basico,1063.5,Chile,Romance,2022-02-16,1
12100,41,Premium,898.4,Brasil,Documental,2022-11-25,0
12101,42,Basico,440.1,Mexico,Documental,2022-06-27,3
12102,28,Basico,448.1,Chile,Thriller,2022-12-07,1
12103,33,Basico,0.0,Uruguay,Romance,2022-05-03,0
12104,29,Premium,1165.3,Peru,Thriller,2021-10-20,2
12105,52,Estandar,1148.5,Peru,Accion,2020-02-05,1
12106,48,Estandar,1355.1,Mexico,Comedia,2023-07-26,2
12107,29,Estandar,1063.5,Uruguay,Crimen,2025-10-05,1
12108,44,Basico,409.4,Colombia,Crimen,2023-07-31,0
12109,35,Estandar,378.6,Chile,Romance,2022-02-13,0
12110,44,Premium,1407.2,Argentina,Documental,2023-10-28,3
12111,27,Premium,1198.7,Chile,Documental,2020-12-28,1
12112,13,Basico,653.6,Chile,Crimen,2018-12-05,1
12113,32,Basico,902.8,Peru,Accion,2022-10-05,1
12114,50,Basico,544.2,Brasil,Romance,2018-11-20,1
12115,31,Estandar,1192.2,Peru,Comedia,2022-10-30,1
12116,20,Estandar,760.9,Brasil,Drama,2024-10-03,0
12117,37,Estandar,392.5,Chile,Documental,2020-01-10,0
12118,53,Basico,474.7,Colombia,Thriller,2024-02-13,4
12119,26,Basico,188.4,Mexico,Accion,2021-04-18,2
12120,29,Estandar,783.7,Argentina,Romance,2021-08-08,0
12121,47,Basico,838.4,Chile,Comedia,2019-02-25,0
12122,24,Basico,303.7,Peru,Comedia,2018-11-24,0
12123,28,Estandar,997.9,Brasil,Drama,2021-09-05,1
12124,23,Estandar,3628.4,Brasil,Thriller,2025-05-31,0
12125,49,Estandar,940.2,Uruguay,Drama,2021-04-25,2
12126,50,Estandar,955.8,Mexico,Accion,2021-06-09,0
12127,17,Basico,266.6,Argentina,Drama,2023-01-01,1
12128,44,Basico,896.0,Uruguay,Drama,2022-02-14,2
12129,44,Premium,1203.4,Mexico,Crimen,2022-10-12,0
12130,33,Estandar,1017.9,Chile,Romance,2019-11-14,0
12131,22,Basico,222.2,Mexico,Comedia,2025-09-26,0
12132,37,Basico,163.0,Uruguay,Thriller,2022-12-24,1
12133,33,Basico,525.2,Brasil,Thriller,2021-12-10,0
12134,34,Basico,327.3,Mexico,Accion,2023-01-06,1
12135,34,Estandar,1281.0,Colombia,Drama,2018-06-23,5
12136,24,Basico,778.6,Uruguay,Documental,2021-12-15,1
12137,36,Premium,1070.8,Brasil,Romance,2024-11-23,0
12138,54,Basico,65.9,Uruguay,Drama,2022-11-17,0
12139,67,Premium,1113.2,Brasil,Romance,2021-01-29,2
12140,34,Basico,0.0,Mexico,Thriller,2025-03-04,0
12141,42,Estandar,264.3,Colombia,Accion,2018-08-23,1
12142,23,Basico,238.8,Mexico,Thriller,2018-11-04,1
12143,42,Basico,850.3,Argentina,Accion,2025-07-12,0
12144,33,Basico,442.6,Colombia,Comedia,2025-02-24,3
12145,17,Basico,295.8,Argentina,Thriller,2022-07-22,0
12146,55,Estandar,904.8,Chile,Accion,2022-01-28,1
12147,29,Premium,1321.9,Colombia,Crimen,2023-10-03,2
12148,43,Estandar,1048.7,Brasil,Crimen,2025-08-14,0
12149,26,Estandar,714.8,Brasil,Romance,2019-10-18,0
12150,37,Basico,927.4,Argentina,Romance,2018-05-08,1
12151,29,Estandar,1115.9,Uruguay,Drama,2019-08-08,1
12152,28,Basico,464.9,Brasil,Comedia,2024-10-24,1
12153,47,Premium,357.5,Mexico,Romance,2025-08-09,4
12154,31,Estandar,610.8,Chile,Romance,2022-11-30,0
12155,17,Basico,1233.8,Peru,Documental,2018-05-23,2
12156,30,Estandar,1079.1,Chile,Drama,2019-06-02,1
12157,28,Estandar,885.0,Peru,Comedia,2018-10-03,0
12158,56,Estandar,1007.1,Peru,Romance,2020-08-24,0
12159,44,Basico,1140.9,Colombia,Documental,2025-03-27,0
12160,31,Basico,356.4,Chile,Comedia,2022-02-09,0
12161,39,Estandar,767.6,Mexico,Documental,2022-01-23,1
12162,35,Estandar,919.6,Argentina,Comedia,2022-04-18,0
12163,55,Premium,1126.1,Chile,Accion,2024-05-12,1
12164,38,Estandar,462.1,Chile,Crimen,2018-05-13,1
12165,61,Estandar,594.1,Brasil,Drama,2024-10-14,0
12166,27,Basico,228.9,Argentina,Thriller,2019-09-21,1
12167,33,Basico,449.0,Chile,Drama,2025-08-13,2
12168,51,Estandar,1208.1,Argentina,Crimen,2023-01-17,0
12169,17,Basico,622.1,Colombia,Romance,2022-02-28,1
12170,36,Basico,487.8,Uruguay,Crimen,2022-03-04,1
12171,30,Basico,746.6,Peru,Drama,2022-12-24,0
12172,18,Basico,609.5,Brasil,Comedia,2018-11-11,1
12173,21,Estandar,356.4,Colombia,Drama,2022-02-14,2
12174,31,Estandar,421.4,Uruguay,Crimen,2019-07-18,0
12175,41,Basico,566.9,Chile,Romance,2023-12-09,3
12176,37,Estandar,1049.7,Uruguay,Thriller,2022-02-12,0
12177,25,Estandar,2609.9,Mexico,Comedia,2022-06-19,1
12178,38,Basico,922.0,Colombia,Accion,2021-07-11,0
12179,20,Basico,3628.4,Brasil,Accion,2025-04-14,0
12180,20,Estandar,1320.6,Peru,Thriller,2022-02-14,2
12181,37,Basico,296.9,Argentina,Accion,2020-10-19,0
12182,19,Estandar,57.2,Colombia,Accion,2019-04-10,0
12183,36,Estandar,723.6,Colombia,Thriller,2018-04-17,1
12184,47,Estandar,0.0,Mexico,Documental,2020-02-02,0
12185,32,Estandar,813.8,Argentina,Documental,2023-08-07,0
12186,40,Premium,936.6,Mexico,Romance,2022-02-14,2
12187,29,Estandar,907.2,Mexico,Drama,2022-05-05,0
12188,32,Basico,593.9,Peru,Thriller,2024-04-19,0
12189,46,Premium,1325.5,Peru,Crimen,2019-04-28,1
12190,37,Basico,569.2,Chile,Accion,2020-12-08,2
12191,13,Estandar,748.4,Mexico,Documental,2020-02-12,1
12192,36,Basico,53.5,Peru,Drama,2022-02-14,2
12193,18,Basico,303.5,Mexico,Crimen,2023-01-02,1
12194,20,Estandar,874.3,Uruguay,Drama,2022-02-14,2
12195,44,Estandar,958.3,Chile,Comedia,2024-11-11,2
12196,56,Basico,1027.9,Colombia,Romance,2021-03-15,1
12197,36,Premium,1074.8,Peru,Romance,2025-10-13,0
12198,29,Basico,478.2,Brasil,Documental,2023-07-05,0
12199,13,Premium,1303.4,Chile,Drama,2022-02-14,2
12200,44,Basico,344.6,Brasil,Drama,2019-05-18,0
12201,32,Premium,1130.7,Mexico,Romance,2019-07-10,0
12202,28,Estandar,1182.8,Chile,Drama,2018-10-31,0
12203,41,Estandar,1022.2,Uruguay,Romance,2023-01-26,1
12204,23,Basico,814.4,Uruguay,Documental,2019-12-09,0
12205,36,Estandar,501.2,Mexico,Accion,2025-12-31,0
12206,26,Basico,127.0,Mexico,Comedia,2022-12-29,1
12207,21,Basico,488.6,Chile,Romance,2018-12-26,1
12208,40,Premium,1123.6,Peru,Thriller,2025-08-25,2
12209,39,Estandar,908.9,Chile,Crimen,2021-08-02,0
12210,34,Estandar,786.8,Mexico,Accion,2025-06-28,1
12211,16,Basico,257.3,Mexico,Comedia,2021-11-24,0
12212,30,Basico,407.0,Colombia,Accion,2022-02-14,2
12213,13,Basico,398.3,Mexico,Documental,2018-09-23,2
12214,27,Premium,1123.6,Peru,Comedia,2024-03-02,1
12215,25,Basico,466.0,Brasil,Comedia,2024-01-30,0
12216,44,Basico,679.9,Argentina,Documental,2021-04-04,5
12217,35,Premium,1113.2,Brasil,Comedia,2021-05-13,1
12218,17,Estandar,839.4,Peru,Crimen,2019-10-08,0
12219,38,Premium,1259.5,Argentina,Accion,2025-12-25,0
12220,34,Estandar,1590.7,Brasil,Thriller,2025-12-16,1
12221,33,Basico,385.0,Colombia,Thriller,2025-11-08,1
12222,35,Premium,1003.9,Peru,Romance,2025-02-25,2
12223,52,Estandar,1288.3,Chile,Crimen,2019-12-15,1
12224,34,Estandar,1051.0,Colombia,Comedia,2022-01-20,0
12225,43,Basico,865.6,Uruguay,Crimen,2023-09-15,1
12226,13,Estandar,656.5,Argentina,Comedia,2020-07-07,0
12227,34,Basico,259.4,Uruguay,Comedia,2019-05-13,1
12228,32,Basico,946.1,Mexico,Comedia,2020-04-03,1
12229,32,Premium,741.2,Peru,Thriller,2019-07-23,0
12230,31,Estandar,798.6,Brasil,Romance,2020-08-27,2
12231,18,Premium,801.9,Mexico,Accion,2023-07-17,0
12232,40,Premium,385.7,Peru,Crimen,2018-04-18,0
12233,30,Basico,561.3,Mexico,Crimen,2022-01-18,0
12234,26,Premium,804.3,Colombia,Comedia,2024-03-19,0
12235,24,Estandar,1336.6,Colombia,Thriller,2024-06-02,0
12236,53,Premium,1048.3,Peru,Drama,2022-02-20,1
12237,46,Basico,523.5,Mexico,Drama,2023-03-30,2
12238,31,Basico,440.6,Chile,Thriller,2024-03-09,1
12239,33,Estandar,1030.4,Brasil,Thriller,2019-06-16,1
12240,13,Basico,531.8,Brasil,Thriller,2024-11-11,1
12241,38,Basico,555.8,Peru,Drama,2018-12-20,1
12242,41,Basico,156.2,Brasil,Crimen,2018-09-27,1
12243,48,Basico,520.0,Mexico,Crimen,2021-06-20,2
12244,44,Premium,1192.5,Argentina,Romance,2022-06-19,2
12245,22,Basico,592.9,Brasil,Comedia,2023-05-15,2
12246,27,Estandar,503.6,Argentina,Drama,2023-11-24,0
12247,48,Basico,584.4,Colombia,Romance,2022-08-10,2
12248,32,Basico,65.0,Mexico,Romance,2022-08-05,0
12249,26,Premium,1536.4,Chile,Drama,2024-06-12,1
12250,36,Estandar,1265.3,Uruguay,Comedia,2018-10-30,0
12251,18,Basico,440.4,Argentina,Thriller,2019-05-29,1
12252,26,Estandar,306.7,Peru,Accion,2022-02-14,2
12253,33,Premium,1065.7,Uruguay,Thriller,2025-03-16,0
12254,43,Estandar,304.9,Brasil,Thriller,2018-10-31,0
12255,29,Premium,1098.6,Mexico,Crimen,2023-01-18,0
12256,37,Basico,676.1,Brasil,Crimen,2023-03-24,1
12257,26,Estandar,347.4,Colombia,Drama,2025-08-17,1
12258,41,Estandar,1288.4,Brasil,Crimen,2023-10-21,1
12259,13,Premium,921.3,Argentina,Accion,2021-11-12,0
12260,37,Basico,717.0,Mexico,Thriller,2019-06-10,1
12261,13,Premium,982.9,Uruguay,Crimen,2024-03-08,1
12262,28,Premium,986.3,Mexico,Romance,2025-03-05,0
12263,30,Estandar,964.4,Peru,Comedia,2024-08-04,1
12264,51,Basico,642.5,Peru,Comedia,2020-01-16,0
12265,20,Estandar,1200.6,Colombia,Romance,2019-06-13,0
12266,35,Estandar,743.6,Peru,Documental,2022-11-08,0
12267,47,Premium,3628.4,Brasil,Accion,2023-08-22,0
12268,19,Estandar,692.2,Chile,Thriller,2018-08-15,0
12269,61,Premium,1564.7,Argentina,Drama,2019-05-24,1
12270,26,Estandar,811.4,Brasil,Comedia,2023-10-24,1
12271,27,Estandar,505.1,Chile,Comedia,2019-09-19,0
12272,41,Premium,1085.7,Colombia,Comedia,2022-02-14,5
12273,39,Estandar,556.5,Colombia,Crimen,2019-11-06,0
12274,43,Estandar,756.1,Brasil,Comedia,2019-10-26,0
12275,32,Estandar,539.2,Peru,Documental,2021-08-14,0
12276,35,Estandar,398.3,Peru,Thriller,2025-12-15,1
12277,51,Basico,785.1,Peru,Drama,2020-07-12,1
12278,34,Basico,498.8,Brasil,Accion,2021-11-18,1
12279,33,Estandar,1200.9,Colombia,Drama,2023-10-27,1
12280,33,Premium,1033.0,Chile,Documental,2021-03-09,3
12281,42,Estandar,1120.8,Colombia,Documental,2018-11-20,1
12282,50,Estandar,391.1,Mexico,Romance,2020-10-23,1
12283,29,Estandar,450.4,Argentina,Crimen,2020-03-15,2
12284,35,Basico,308.8,Brasil,Crimen,2025-02-14,0
12285,26,Basico,642.7,Peru,Comedia,2024-03-06,1
12286,30,Estandar,1024.6,Uruguay,Thriller,2021-01-29,0
12287,25,Basico,63.9,Chile,Accion,2019-05-28,2
12288,50,Basico,577.1,Brasil,Thriller,2025-01-04,0
12289,51,Basico,3628.4,Mexico,Romance,2021-05-25,0
12290,39,Estandar,384.1,Colombia,Crimen,2024-11-21,0
12291,34,Basico,592.8,Mexico,Drama,2023-12-26,2
12292,47,Estandar,818.4,Colombia,Romance,2022-02-14,2
12293,21,Estandar,914.5,Chile,Documental,2023-08-21,0
12294,23,Basico,1108.1,Uruguay,Romance,2025-03-10,0
12295,13,Estandar,428.0,Argentina,Documental,2019-11-22,1
12296,13,Basico,887.3,Uruguay,Drama,2024-08-21,2
12297,29,Basico,763.3,Argentina,Accion,2024-07-06,1
12298,34,Basico,308.2,Brasil,Accion,2019-09-24,0
12299,31,Basico,368.8,Peru,Comedia,2022-02-14,0
12300,13,Estandar,963.0,Colombia,Thriller,2025-05-22,1
12301,31,Estandar,1026.5,Argentina,Crimen,2025-01-01,1
12302,58,Estandar,884.6,Brasil,Romance,2024-10-14,1
12303,36,Estandar,819.0,Colombia,Thriller,2022-02-14,0
12304,34,Estandar,503.5,Chile,Accion,2024-04-27,0
12305,29,Estandar,1185.5,Mexico,Romance,2018-06-18,0
12306,29,Basico,280.5,Argentina,Drama,2018-04-27,1
12307,13,Basico,2.4,Uruguay,Romance,2018-11-29,1
12308,29,Basico,812.7,Colombia,Accion,2018-07-06,1
12309,13,Premium,1428.6,Argentina,Crimen,2025-03-12,1
12310,22,Estandar,293.1,Argentina,Romance,2024-06-20,1
12311,54,Basico,1255.6,Colombia,Drama,2020-12-20,1
12312,49,Estandar,644.6,Mexico,Crimen,2025-04-21,2
12313,66,Basico,3628.4,Argentina,Accion,2022-02-14,2
12314,28,Basico,962.1,Colombia,Crimen,2024-06-01,0
12315,32,Estandar,1106.0,Mexico,Documental,2022-09-03,1
12316,47,Premium,1119.9,Mexico,Drama,2024-12-06,1
12317,20,Premium,1446.0,Argentina,Comedia,2025-03-02,1
12318,29,Estandar,840.6,Chile,Documental,2018-05-05,1
12319,48,Estandar,1141.5,Argentina,Documental,2023-08-02,0
12320,46,Basico,198.2,Mexico,Accion,2025-01-12,1
12321,58,Estandar,722.1,Colombia,Romance,2024-02-13,1
12322,47,Basico,503.3,Chile,Drama,2021-04-01,0
12323,47,Basico,0.0,Chile,Crimen,2025-03-14,1
12324,17,Estandar,379.1,Brasil,Thriller,2021-05-22,0
12325,34,Basico,793.6,Chile,Drama,2023-06-02,0
12326,29,Basico,1200.0,Colombia,Thriller,2020-09-30,0
12327,21,Basico,598.9,Peru,Drama,2025-09-06,0
12328,26,Basico,1228.7,Brasil,Romance,2022-07-22,4
12329,38,Basico,413.1,Brasil,Comedia,2021-05-03,0
12330,65,Basico,182.4,Colombia,Comedia,2023-02-01,1
12331,37,Basico,493.8,Brasil,Comedia,2018-10-26,0
12332,22,Basico,379.2,Mexico,Thriller,2025-09-21,0
12333,19,Estandar,645.4,Chile,Documental,2018-09-03,0
12334,45,Estandar,1129.5,Colombia,Accion,2019-10-10,1
12335,49,Basico,943.4,Mexico,Comedia,2022-12-06,2
12336,36,Basico,379.4,Uruguay,Accion,2022-08-30,0
12337,33,Estandar,784.9,Chile,Drama,2023-06-07,0
12338,33,Basico,1093.1,Argentina,Drama,2023-03-18,0
12339,47,Basico,264.6,Brasil,Comedia,2020-04-15,1
12340,45,Basico,449.1,Mexico,Drama,2022-02-14,2
12341,31,Estandar,720.4,Peru,Thriller,2024-10-20,1
12342,36,Basico,0.0,Argentina,Comedia,2019-08-12,0
12343,39,Estandar,664.6,Mexico,Romance,2021-07-04,0
12344,13,Premium,1354.5,Argentina,Drama,2021-07-31,2
12345,24,Basico,614.8,Chile,Romance,2021-11-15,0
12346,27,Estandar,704.6,Peru,Crimen,2022-06-22,0
12347,21,Premium,1190.0,Uruguay,Documental,2019-06-20,1
12348,27,Basico,741.1,Peru,Thriller,2022-02-26,0
12349,39,Basico,885.1,Argentina,Romance,2022-02-14,2
12350,13,Estandar,1276.2,Peru,Crimen,2024-04-19,0
12351,31,Estandar,1143.5,Argentina,Romance,2019-03-11,1
12352,32,Basico,693.8,Mexico,Accion,2021-07-31,1
12353,38,Estandar,880.0,Peru,Documental,2020-09-17,2
12354,60,Premium,1145.4,Peru,Drama,2023-03-26,0
12355,39,Basico,174.3,Mexico,Accion,2019-05-17,0
12356,14,Estandar,1254.8,Argentina,Accion,2020-12-31,1
12357,21,Basico,396.7,Chile,Romance,2023-01-16,0
12358,44,Basico,0.0,Colombia,Drama,2020-10-12,0
12359,39,Basico,544.0,Brasil,Accion,2019-01-08,0
12360,43,Basico,208.8,Brasil,Crimen,2019-02-01,0
12361,27,Estandar,1146.6,Argentina,Drama,2018-07-27,1
12362,13,Basico,755.1,Chile,Comedia,2021-04-03,0
12363,33,Estandar,910.4,Chile,Drama,2022-04-23,0
12364,17,Estandar,296.5,Argentina,Thriller,2024-11-25,0
12365,37,Premium,1072.8,Uruguay,Romance,2022-09-09,1
12366,23,Estandar,454.0,Brasil,Drama,2020-10-13,1
12367,47,Basico,313.4,Peru,Crimen,2019-10-17,0
12368,24,Basico,1048.7,Mexico,Comedia,2021-09-03,2
12369,16,Estandar,961.9,Argentina,Comedia,2024-06-24,1
12370,31,Estandar,1080.3,Argentina,Thriller,2021-07-04,1
12371,42,Basico,442.6,Argentina,Romance,2020-02-17,0
12372,32,Basico,905.9,Argentina,Crimen,2019-10-15,1
12373,43,Estandar,687.2,Argentina,Comedia,2023-08-03,0
12374,47,Premium,1478.9,Peru,Drama,2022-02-14,2
12375,31,Premium,622.7,Argentina,Drama,2023-03-28,1
12376,13,Premium,820.6,Brasil,Documental,2023-08-05,1
12377,36,Basico,483.1,Peru,Thriller,2021-06-17,0
12378,23,Basico,866.8,Mexico,Accion,2023-07-31,1
12379,29,Estandar,1074.3,Mexico,Documental,2018-04-05,0
12380,28,Basico,0.0,Chile,Romance,2019-01-04,1
12381,38,Estandar,901.9,Uruguay,Thriller,2022-05-30,0
12382,29,Estandar,1075.6,Mexico,Accion,2023-02-09,1
12383,25,Estandar,822.5,Uruguay,Documental,2023-02-16,1
12384,33,Estandar,867.4,Uruguay,Crimen,2020-09-13,1
12385,13,Basico,444.5,Chile,Documental,2020-05-31,1
12386,34,Basico,646.9,Peru,Comedia,2024-07-17,1
12387,40,Basico,577.9,Argentina,Romance,2021-12-16,4
12388,43,Estandar,917.6,Brasil,Comedia,2018-07-19,0
12389,38,Basico,1232.3,Mexico,Thriller,2018-07-27,0
12390,52,Estandar,520.5,Argentina,Comedia,2021-02-26,1
12391,43,Premium,1338.1,Chile,Romance,2023-07-21,2
12392,49,Estandar,616.8,Brasil,Romance,2024-09-13,0
12393,21,Premium,1126.1,Chile,Drama,2022-02-14,2
12394,17,Basico,520.5,Argentina,Romance,2022-02-14,2
12395,26,Estandar,137.8,Argentina,Drama,2023-04-12,1
12396,35,Basico,930.5,Uruguay,Comedia,2021-03-16,1
12397,23,Estandar,859.9,Argentina,Thriller,2024-01-08,0
12398,39,Basico,464.8,Peru,Accion,2018-02-03,1
12399,43,Estandar,1370.4,Peru,Documental,2019-03-17,0
12400,35,Estandar,933.9,Chile,Accion,2022-11-01,0
12401,51,Estandar,3346.5,Argentina,Thriller,2019-07-03,2
12402,33,Basico,0.0,Argentina,Accion,2020-12-19,1
12403,44,Basico,839.6,Brasil,Documental,2022-02-07,5
12404,37,Estandar,464.6,Argentina,Thriller,2022-02-14,3
12405,36,Basico,96.4,Uruguay,Drama,2022-02-07,0
12406,23,Basico,473.3,Mexico,Comedia,2018-07-05,1
12407,24,Basico,654.2,Uruguay,Drama,2022-06-29,2
12408,36,Estandar,825.3,Brasil,Comedia,2018-07-29,0
12409,42,Estandar,1183.4,Peru,Thriller,2024-05-24,1
12410,23,Premium,730.8,Argentina,Thriller,2024-04-20,1
12411,48,Premium,1071.5,Brasil,Documental,2020-03-08,1
12412,45,Premium,1237.8,Brasil,Thriller,2022-01-24,1
12413,17,Premium,1130.8,Uruguay,Thriller,2024-03-16,1
12414,44,Basico,484.2,Uruguay,Drama,2021-03-28,0
12415,47,Estandar,103.6,Argentina,Documental,2018-10-29,1
12416,28,Estandar,818.6,Peru,Romance,2022-05-02,0
12417,30,Basico,0.0,Colombia,Comedia,2023-08-28,0
12418,34,Basico,894.5,Argentina,Comedia,2023-01-19,1
12419,16,Estandar,320.8,Argentina,Drama,2024-03-02,0
12420,42,Basico,417.5,Mexico,Documental,2021-02-19,0
12421,43,Estandar,1099.1,Mexico,Documental,2024-12-27,0
12422,37,Basico,487.4,Mexico,Comedia,2025-08-18,1
12423,36,Premium,565.8,Mexico,Accion,2024-11-07,1
12424,25,Basico,434.5,Peru,Accion,2019-05-02,1
12425,42,Basico,529.9,Peru,Crimen,2019-06-12,2
12426,35,Basico,464.6,Chile,Comedia,2019-02-01,2
12427,35,Premium,1479.4,Peru,Romance,2022-06-02,1
12428,32,Basico,372.4,Colombia,Romance,2022-03-09,0
12429,33,Basico,583.2,Chile,Romance,2021-10-20,1
12430,35,Estandar,429.8,Peru,Accion,2024-04-03,1
12431,30,Basico,930.8,Argentina,Drama,2022-02-06,0
12432,52,Premium,1502.7,Argentina,Documental,2022-02-14,2
12433,38,Basico,765.0,Chile,Drama,2020-03-26,0
12434,31,Estandar,762.6,Colombia,Crimen,2024-10-03,1
12435,24,Basico,470.6,Peru,Accion,2022-02-14,3
12436,37,Basico,343.0,Argentina,Documental,2022-07-03,1
12437,24,Basico,168.1,Argentina,Romance,2023-08-11,1
12438,40,Basico,380.4,Mexico,Documental,2022-02-14,2
12439,48,Premium,1640.6,Colombia,Accion,2018-07-05,1
12440,27,Estandar,554.8,Brasil,Comedia,2018-06-09,0
12441,42,Estandar,943.3,Peru,Comedia,2019-07-16,0
12442,31,Basico,695.2,Argentina,Comedia,2021-09-26,2
12443,39,Estandar,1007.6,Brasil,Romance,2023-04-25,0
12444,36,Estandar,791.0,Brasil,Romance,2023-10-29,2
12445,42,Premium,1147.7,Uruguay,Accion,2023-02-15,1
12446,28,Estandar,808.0,Colombia,Documental,2019-09-03,1
12447,18,Estandar,779.2,Peru,Drama,2024-10-19,1
12448,43,Estandar,702.7,Uruguay,Accion,2023-10-13,1
12449,34,Basico,623.3,Uruguay,Thriller,2019-07-27,0
12450,29,Basico,3628.4,Colombia,Accion,2021-09-05,1
12451,44,Basico,521.6,Chile,Drama,2024-11-16,2
12452,16,Basico,284.9,Colombia,Drama,2021-07-28,1
12453,32,Basico,519.7,Mexico,Accion,2019-10-28,1
12454,44,Basico,835.6,Peru,Drama,2022-05-29,1
12455,50,Estandar,386.1,Brasil,Crimen,2024-11-30,5
12456,26,Premium,907.4,Uruguay,Crimen,2021-05-10,1
12457,30,Basico,920.8,Peru,Crimen,2024-08-28,1
12458,49,Basico,0.0,Brasil,Drama,2021-10-09,1
12459,29,Basico,513.9,Chile,Comedia,2023-09-09,0
12460,28,Basico,523.3,Uruguay,Drama,2023-09-19,0
12461,31,Basico,875.8,Brasil,Documental,2023-12-21,0
12462,37,Basico,19.2,Colombia,Accion,2023-06-30,5
12463,19,Basico,184.6,Chile,Comedia,2025-12-12,1
12464,25,Estandar,869.2,Peru,Comedia,2024-04-24,1
12465,20,Estandar,1300.2,Uruguay,Comedia,2021-05-12,0
12466,41,Basico,661.4,Colombia,Crimen,2023-04-30,0
12467,31,Basico,698.2,Colombia,Accion,2018-03-10,2
12468,39,Basico,1057.8,Peru,Accion,2022-02-17,1
12469,24,Estandar,862.3,Colombia,Thriller,2021-09-18,1
12470,46,Premium,1123.6,Peru,Documental,2025-07-22,2
12471,36,Basico,1112.9,Peru,Comedia,2019-03-25,0
12472,26,Premium,1486.9,Mexico,Accion,2022-09-03,1
12473,13,Basico,191.7,Argentina,Drama,2024-07-18,1
12474,51,Basico,0.0,Mexico,Comedia,2021-06-14,1
12475,27,Basico,327.6,Chile,Romance,2025-09-19,0
12476,46,Estandar,786.2,Chile,Thriller,2025-01-21,2
12477,50,Premium,712.8,Mexico,Documental,2018-04-20,1
12478,35,Estandar,1366.7,Argentina,Drama,2024-09-10,1
12479,47,Basico,397.4,Chile,Comedia,2023-04-28,0
12480,35,Basico,446.3,Colombia,Romance,2020-12-23,0
12481,32,Estandar,791.9,Chile,Comedia,2025-05-09,1
12482,58,Basico,792.9,Brasil,Comedia,2024-06-27,0
12483,34,Estandar,708.5,Colombia,Crimen,2022-02-14,3
12484,13,Estandar,1002.7,Argentina,Crimen,2020-07-21,0
12485,35,Estandar,467.2,Brasil,Romance,2018-07-30,0
12486,19,Estandar,932.4,Colombia,Accion,2024-07-18,1
12487,30,Basico,193.2,Uruguay,Thriller,2023-05-22,3
12488,21,Premium,903.9,Argentina,Romance,2019-11-30,0
12489,35,Estandar,93.6,Uruguay,Drama,2023-11-18,0
12490,32,Estandar,3628.4,Mexico,Drama,2025-01-20,1
12491,32,Basico,86.8,Peru,Comedia,2024-12-13,1
12492,17,Premium,1081.9,Chile,Romance,2022-04-07,1
12493,42,Basico,868.5,Colombia,Comedia,2019-08-29,2
12494,42,Basico,14.0,Mexico,Crimen,2025-08-20,0
12495,24,Estandar,648.4,Uruguay,Romance,2020-09-19,1
12496,48,Estandar,760.0,Mexico,Accion,2018-05-10,0
12497,28,Estandar,896.8,Argentina,Accion,2024-06-03,2
12498,16,Estandar,861.8,Argentina,Thriller,2025-11-09,2
12499,25,Estandar,711.5,Mexico,Comedia,2019-03-27,2
12500,26,Premium,1174.6,Argentina,Thriller,2020-02-21,2
12501,29,Estandar,545.8,Peru,Comedia,2018-03-19,0
12502,46,Basico,191.1,Brasil,Thriller,2022-12-12,0
12503,13,Basico,522.1,Peru,Romance,2021-07-08,0
12504,38,Basico,650.0,Argentina,Drama,2022-09-12,1
12505,29,Basico,649.4,Argentina,Accion,2019-09-13,0
12506,39,Basico,1109.4,Chile,Thriller,2022-08-19,1
12507,64,Basico,557.8,Brasil,Crimen,2025-09-29,1
12508,53,Estandar,525.0,Peru,Comedia,2020-04-15,0
12509,23,Basico,490.0,Argentina,Thriller,2022-08-08,2
12510,51,Premium,1053.0,Argentina,Romance,2023-08-18,0
12511,46,Basico,0.0,Brasil,Comedia,2024-11-09,1
12512,42,Basico,585.8,Colombia,Comedia,2023-04-16,0
12513,46,Estandar,869.9,Colombia,Romance,2018-09-13,2
12514,39,Premium,804.6,Chile,Documental,2025-11-30,0
12515,40,Premium,985.6,Brasil,Drama,2019-07-20,0
12516,43,Estandar,462.8,Peru,Documental,2023-10-26,1
12517,30,Basico,673.2,Peru,Romance,2020-04-29,0
12518,38,Premium,1255.2,Mexico,Drama,2024-04-16,1
12519,31,Estandar,821.0,Peru,Documental,2021-08-24,2
12520,49,Basico,370.2,Colombia,Accion,2025-06-05,1
12521,40,Premium,582.0,Brasil,Drama,2023-05-14,1
12522,37,Basico,679.2,Colombia,Documental,2022-02-14,2
12523,37,Basico,0.0,Uruguay,Thriller,2022-03-24,1
12524,35,Basico,478.7,Argentina,Thriller,2021-07-09,2
12525,13,Premium,1470.3,Peru,Thriller,2019-12-11,0
12526,29,Basico,868.1,Chile,Crimen,2023-02-26,1
12527,26,Estandar,818.0,Mexico,Comedia,2023-12-24,1
12528,30,Estandar,827.3,Argentina,Documental,2021-11-03,0
12529,21,Estandar,789.4,Brasil,Documental,2024-02-16,1
12530,15,Basico,656.0,Chile,Documental,2021-12-22,1
12531,32,Basico,937.6,Uruguay,Accion,2025-07-31,1
12532,31,Basico,814.1,Colombia,Thriller,2025-08-20,0
12533,18,Premium,817.2,Mexico,Crimen,2025-03-19,0
12534,45,Basico,547.2,Brasil,Comedia,2022-02-14,2
12535,39,Estandar,821.7,Argentina,Romance,2020-12-18,1
12536,43,Estandar,538.3,Argentina,Accion,2024-11-03,0
12537,19,Estandar,861.8,Argentina,Crimen,2023-06-07,2
12538,46,Estandar,443.2,Peru,Thriller,2020-02-27,1
12539,16,Basico,350.1,Argentina,Crimen,2020-10-06,0
12540,47,Basico,455.9,Peru,Thriller,2021-02-16,1
12541,36,Basico,758.1,Colombia,Documental,2024-04-04,0
12542,39,Basico,992.3,Uruguay,Accion,2021-05-07,2
12543,50,Estandar,883.4,Peru,Romance,2020-07-10,0
12544,47,Basico,405.8,Mexico,Drama,2021-05-04,0
12545,49,Basico,0.0,Mexico,Accion,2021-03-29,0
12546,13,Estandar,483.9,Chile,Accion,2025-11-27,2
12547,14,Basico,255.6,Brasil,Thriller,2020-04-29,0
12548,29,Premium,929.5,Chile,Romance,2025-09-28,1
12549,15,Basico,415.4,Uruguay,Drama,2025-11-27,0
12550,29,Premium,1068.8,Uruguay,Comedia,2023-06-26,1
12551,34,Estandar,1078.7,Colombia,Drama,2021-07-22,0
12552,40,Premium,966.8,Peru,Thriller,2023-05-20,1
12553,56,Basico,348.6,Mexico,Accion,2021-11-29,2
12554,30,Estandar,482.2,Uruguay,Romance,2024-04-14,0
12555,48,Basico,688.3,Peru,Comedia,2021-01-25,1
12556,36,Premium,1168.3,Argentina,Romance,2021-03-24,1
12557,29,Basico,202.8,Brasil,Romance,2019-05-15,1
12558,40,Premium,1844.5,Colombia,Comedia,2024-06-06,0
12559,43,Estandar,1116.6,Colombia,Drama,2025-08-03,2
12560,22,Premium,974.4,Colombia,Drama,2024-02-03,0
12561,57,Estandar,865.4,Chile,Crimen,2022-04-05,1
12562,31,Basico,630.4,Colombia,Romance,2022-06-05,0
12563,48,Estandar,697.9,Argentina,Thriller,2021-11-14,1
12564,39,Estandar,486.3,Chile,Drama,2019-08-23,0
12565,45,Premium,1126.1,Chile,Documental,2021-04-04,1
12566,32,Premium,714.5,Argentina,Documental,2018-06-22,0
12567,35,Basico,363.2,Brasil,Thriller,2021-03-24,0
12568,49,Basico,654.8,Uruguay,Documental,2018-11-20,1
12569,54,Estandar,830.4,Mexico,Thriller,2021-11-19,0
12570,30,Basico,1341.4,Peru,Thriller,2022-12-17,1
12571,31,Premium,954.7,Argentina,Romance,2025-05-10,0
12572,61,Estandar,704.1,Colombia,Thriller,2020-11-16,0
12573,27,Premium,919.5,Brasil,Romance,2023-05-17,1
12574,53,Basico,1012.6,Argentina,Thriller,2020-05-26,1
12575,38,Estandar,1201.3,Chile,Documental,2020-04-07,0
12576,32,Estandar,1314.3,Mexico,Drama,2024-01-16,2
12577,33,Premium,1126.1,Chile,Accion,2021-01-15,3
12578,31,Estandar,606.6,Mexico,Thriller,2024-04-21,1
12579,45,Basico,1141.6,Uruguay,Documental,2025-10-22,2
12580,58,Basico,476.6,Colombia,Drama,2021-01-17,0
12581,36,Estandar,491.0,Argentina,Comedia,2019-07-17,3
12582,23,Estandar,3078.4,Uruguay,Accion,2019-03-24,2
12583,24,Basico,227.5,Colombia,Thriller,2024-11-26,0
12584,50,Estandar,1047.9,Brasil,Accion,2024-07-31,0
12585,63,Basico,882.3,Brasil,Crimen,2020-09-07,3
12586,48,Estandar,904.6,Chile,Romance,2022-02-14,3
12587,48,Basico,577.9,Argentina,Documental,2018-07-27,0
12588,39,Basico,940.8,Chile,Romance,2025-07-06,1
12589,44,Estandar,797.6,Argentina,Romance,2023-12-16,0
12590,50,Basico,591.8,Uruguay,Crimen,2020-07-13,0
12591,38,Premium,1119.3,Uruguay,Documental,2025-02-26,2
12592,52,Premium,760.5,Uruguay,Accion,2020-08-11,0
12593,19,Basico,0.0,Mexico,Comedia,2018-08-04,1
12594,49,Premium,647.9,Uruguay,Thriller,2019-02-15,1
12595,23,Basico,414.9,Peru,Romance,2022-08-20,0
12596,35,Estandar,1143.6,Argentina,Thriller,2021-09-14,3
12597,36,Estandar,694.2,Colombia,Crimen,2023-04-19,0
12598,31,Basico,560.8,Uruguay,Documental,2019-02-16,1
12599,16,Basico,592.6,Uruguay,Crimen,2025-08-22,0
12600,37,Basico,414.0,Chile,Romance,2019-07-18,0
12601,32,Premium,1246.3,Argentina,Drama,2018-01-22,1
12602,26,Estandar,532.0,Brasil,Thriller,2024-03-04,1
12603,25,Estandar,783.4,Colombia,Accion,2022-02-14,2
12604,56,Premium,1009.6,Argentina,Accion,2022-07-25,1
12605,22,Basico,970.9,Argentina,Accion,2025-04-28,2
12606,34,Estandar,1174.6,Peru,Romance,2023-05-03,1
12607,39,Premium,624.5,Chile,Documental,2022-02-14,2
12608,53,Premium,814.5,Peru,Romance,2025-04-18,1
12609,24,Basico,845.0,Peru,Accion,2020-03-27,2
12610,39,Estandar,969.3,Argentina,Thriller,2021-03-22,1
12611,53,Premium,1113.2,Brasil,Crimen,2021-08-08,0
12612,14,Premium,1356.3,Argentina,Accion,2021-03-15,1
12613,28,Premium,1172.4,Mexico,Comedia,2025-03-30,1
12614,37,Premium,1115.1,Mexico,Comedia,2018-08-31,1
12615,34,Estandar,1156.4,Chile,Documental,2019-01-02,0
12616,28,Basico,229.0,Argentina,Thriller,2025-04-25,1
12617,16,Basico,105.5,Chile,Crimen,2024-06-09,1
12618,33,Premium,1290.3,Chile,Drama,2020-08-09,2
12619,39,Estandar,881.6,Chile,Romance,2024-01-01,2
12620,42,Estandar,706.8,Colombia,Accion,2018-06-02,0
12621,57,Estandar,841.8,Mexico,Crimen,2019-12-19,0
12622,47,Basico,211.0,Uruguay,Romance,2022-09-08,1
12623,41,Premium,1456.9,Mexico,Thriller,2019-12-22,1
12624,47,Basico,744.8,Chile,Comedia,2018-05-29,1
12625,41,Premium,1045.3,Peru,Drama,2022-06-15,1
12626,31,Basico,303.2,Chile,Romance,2023-07-23,0
12627,37,Estandar,394.0,Colombia,Drama,2020-02-03,1
12628,31,Basico,894.9,Argentina,Comedia,2021-03-31,3
12629,29,Premium,943.7,Colombia,Thriller,2022-02-14,2
12630,48,Basico,787.4,Colombia,Accion,2018-02-07,0
12631,49,Estandar,988.5,Peru,Comedia,2021-05-07,2
12632,39,Basico,727.2,Colombia,Comedia,2024-05-15,1
12633,37,Basico,824.1,Colombia,Documental,2024-10-04,1
12634,33,Basico,730.3,Colombia,Drama,2019-03-16,0
12635,21,Premium,1290.0,Uruguay,Drama,2021-10-04,1
12636,29,Premium,1166.8,Peru,Accion,2021-03-11,0
12637,17,Basico,1195.8,Chile,Documental,2023-02-05,0
12638,40,Basico,577.2,Colombia,Thriller,2025-03-11,0
12639,38,Estandar,966.8,Uruguay,Crimen,2024-02-04,1
12640,27,Basico,0.0,Chile,Crimen,2023-11-18,2
12641,49,Basico,583.3,Brasil,Documental,2023-07-17,1
12642,24,Basico,793.0,Chile,Thriller,2019-07-04,2
12643,26,Estandar,780.3,Mexico,Documental,2023-08-28,0
12644,30,Basico,325.2,Mexico,Comedia,2023-04-02,2
12645,31,Estandar,698.6,Mexico,Documental,2021-01-22,0
12646,18,Premium,1183.9,Colombia,Comedia,2020-02-29,1
12647,42,Premium,545.7,Brasil,Accion,2019-04-07,1
12648,55,Premium,1331.3,Brasil,Accion,2021-09-16,2
12649,45,Estandar,841.0,Brasil,Documental,2019-10-28,0
12650,21,Estandar,732.6,Peru,Thriller,2022-02-14,3
12651,38,Estandar,1209.7,Peru,Drama,2025-04-09,1
12652,43,Premium,1204.3,Chile,Romance,2022-02-14,3
12653,15,Basico,416.3,Colombia,Accion,2020-02-02,0
12654,27,Basico,1081.0,Chile,Drama,2018-02-27,3
12655,21,Basico,321.1,Argentina,Accion,2021-10-12,0
12656,30,Basico,0.0,Argentina,Documental,2021-04-23,0
12657,26,Basico,436.1,Colombia,Comedia,2024-05-14,0
12658,27,Estandar,707.6,Uruguay,Documental,2025-07-25,1
12659,45,Basico,642.1,Argentina,Crimen,2020-03-02,0
12660,24,Basico,801.1,Peru,Thriller,2019-12-20,0
12661,24,Basico,270.2,Colombia,Romance,2024-11-07,1
12662,24,Premium,1186.8,Peru,Romance,2025-03-01,1
12663,38,Estandar,953.7,Argentina,Documental,2022-07-19,0
12664,39,Estandar,1393.3,Colombia,Crimen,2022-10-18,0
12665,28,Estandar,430.9,Colombia,Documental,2023-10-12,1
12666,30,Estandar,983.2,Colombia,Accion,2021-09-05,0
12667,54,Basico,566.5,Argentina,Comedia,2022-02-14,3
12668,26,Premium,1600.0,Peru,Documental,2022-06-30,0
12669,13,Basico,722.9,Mexico,Thriller,2025-07-04,1
12670,27,Estandar,375.2,Peru,Romance,2019-01-26,0
12671,27,Basico,134.6,Uruguay,Accion,2020-01-27,1
12672,62,Basico,561.6,Colombia,Comedia,2019-07-30,1
12673,17,Estandar,799.7,Brasil,Thriller,2023-05-10,0
12674,31,Basico,616.0,Brasil,Drama,2021-08-18,0
12675,41,Basico,1046.0,Mexico,Documental,2020-10-13,1
12676,31,Estandar,1136.0,Colombia,Thriller,2018-01-28,1
12677,51,Estandar,1577.7,Peru,Documental,2020-12-04,1
12678,37,Premium,1017.5,Peru,Accion,2022-04-21,1
12679,32,Basico,0.0,Peru,Crimen,2020-08-22,1
12680,24,Basico,344.6,Argentina,Crimen,2023-01-04,2
12681,57,Basico,329.6,Argentina,Documental,2020-12-29,1
12682,42,Estandar,1141.8,Mexico,Drama,2021-09-12,1
12683,39,Estandar,1212.6,Brasil,Accion,2021-05-21,1
12684,24,Basico,416.4,Brasil,Comedia,2024-07-13,0
12685,25,Premium,722.8,Uruguay,Romance,2024-06-04,2
12686,23,Basico,421.1,Colombia,Drama,2018-02-16,1
12687,41,Estandar,1269.5,Argentina,Documental,2020-12-07,0
12688,28,Estandar,878.8,Mexico,Documental,2025-05-01,1
12689,22,Basico,500.3,Uruguay,Drama,2022-01-12,1
12690,38,Estandar,1463.9,Argentina,Crimen,2025-10-08,0
12691,31,Estandar,1155.0,Brasil,Documental,2020-08-25,0
12692,34,Basico,814.7,Brasil,Drama,2018-09-12,1
12693,23,Estandar,1215.6,Chile,Drama,2025-06-28,1
12694,37,Basico,1057.3,Chile,Accion,2019-04-30,1
12695,41,Estandar,1090.1,Mexico,Drama,2023-03-22,2
12696,29,Basico,470.7,Uruguay,Romance,2021-06-10,0
12697,37,Basico,534.7,Argentina,Romance,2019-10-17,0
12698,37,Premium,516.6,Brasil,Crimen,2022-07-19,0
12699,34,Basico,1267.1,Argentina,Thriller,2025-09-11,0
12700,23,Premium,1123.6,Peru,Documental,2023-08-21,1
12701,30,Premium,941.6,Mexico,Drama,2025-11-21,0
12702,26,Estandar,530.3,Brasil,Crimen,2021-06-27,2
12703,13,Premium,1153.8,Chile,Thriller,2025-09-28,0
12704,24,Basico,484.1,Uruguay,Accion,2019-04-26,0
12705,48,Estandar,3220.3,Peru,Documental,2025-03-01,1
12706,28,Estandar,1003.1,Chile,Romance,2021-04-23,1
12707,25,Estandar,796.2,Colombia,Crimen,2022-02-14,2
12708,33,Estandar,1092.2,Chile,Comedia,2024-11-22,0
12709,29,Estandar,981.3,Argentina,Documental,2020-06-23,2
12710,19,Estandar,1373.2,Argentina,Accion,2020-06-16,2
12711,37,Estandar,134.3,Colombia,Documental,2019-07-02,0
12712,62,Basico,490.5,Argentina,Drama,2023-05-13,0
12713,33,Estandar,502.9,Chile,Romance,2019-09-20,1
12714,35,Estandar,1256.6,Argentina,Comedia,2023-02-07,1
12715,42,Estandar,1335.2,Argentina,Documental,2024-10-17,4
12716,32,Estandar,538.1,Colombia,Comedia,2022-03-11,0
12717,35,Estandar,772.4,Mexico,Comedia,2022-08-31,0
12718,23,Basico,920.3,Uruguay,Romance,2025-11-15,1
12719,17,Estandar,1115.0,Brasil,Comedia,2024-02-28,0
12720,42,Basico,857.0,Brasil,Accion,2023-04-13,2
12721,24,Estandar,994.3,Argentina,Thriller,2024-01-11,1
12722,34,Estandar,926.1,Argentina,Documental,2025-06-13,1
12723,23,Basico,1003.4,Colombia,Documental,2020-06-13,1
12724,35,Premium,1022.1,Brasil,Accion,2020-10-10,1
12725,43,Estandar,1496.1,Brasil,Romance,2025-08-18,1
12726,35,Basico,0.0,Mexico,Thriller,2024-09-06,0
12727,38,Basico,113.0,Colombia,Crimen,2018-12-02,0
12728,45,Basico,242.3,Argentina,Drama,2022-02-14,2
12729,27,Basico,520.0,Mexico,Accion,2022-02-14,3
12730,73,Estandar,1072.5,Uruguay,Drama,2023-12-04,1
12731,44,Basico,657.4,Brasil,Accion,2025-11-22,1
12732,40,Estandar,844.4,Brasil,Crimen,2022-01-21,0
12733,35,Estandar,923.8,Uruguay,Crimen,2018-11-16,0
12734,40,Basico,462.3,Uruguay,Accion,2024-04-29,1
12735,40,Premium,1119.3,Uruguay,Comedia,2019-04-05,0
12736,49,Basico,367.7,Mexico,Romance,2018-09-10,0
12737,39,Premium,940.5,Colombia,Comedia,2024-02-22,0
12738,18,Basico,147.3,Mexico,Comedia,2023-09-02,0
12739,37,Basico,418.7,Brasil,Romance,2020-04-08,0
12740,48,Estandar,865.3,Mexico,Crimen,2024-06-03,0
12741,25,Estandar,801.2,Argentina,Accion,2024-08-01,0
12742,56,Estandar,876.0,Uruguay,Thriller,2019-09-06,0
12743,28,Basico,867.1,Peru,Accion,2019-11-05,0
12744,30,Estandar,557.3,Uruguay,Crimen,2021-09-05,1
12745,29,Estandar,602.8,Colombia,Crimen,2023-11-02,0
12746,39,Premium,818.6,Uruguay,Thriller,2022-12-15,1
12747,27,Premium,1113.2,Brasil,Crimen,2019-04-22,1
12748,43,Basico,716.2,Chile,Crimen,2025-08-18,1
12749,13,Basico,1112.9,Brasil,Drama,2020-04-21,0
12750,37,Basico,279.7,Brasil,Accion,2024-07-16,1
12751,29,Estandar,729.7,Mexico,Comedia,2023-06-26,0
12752,18,Estandar,917.0,Peru,Accion,2019-01-08,1
12753,21,Basico,625.9,Chile,Accion,2023-09-22,4
12754,58,Premium,935.0,Argentina,Drama,2022-12-30,1
12755,13,Estandar,974.9,Mexico,Accion,2018-08-16,2
12756,50,Estandar,624.2,Brasil,Comedia,2023-02-01,1
12757,37,Basico,3242.8,Brasil,Thriller,2019-06-25,1
12758,33,Premium,1223.8,Mexico,Thriller,2023-10-04,1
12759,37,Basico,836.8,Chile,Accion,2022-08-29,2
12760,19,Estandar,3611.7,Colombia,Thriller,2023-02-15,4
12761,42,Estandar,958.9,Brasil,Documental,2024-04-28,0
12762,22,Estandar,1370.8,Chile,Accion,2018-08-25,0
12763,29,Basico,538.6,Colombia,Accion,2024-04-07,1
12764,35,Basico,572.6,Uruguay,Documental,2023-03-09,2
12765,38,Estandar,899.2,Argentina,Romance,2025-07-18,1
12766,34,Basico,896.9,Colombia,Thriller,2021-06-16,0
12767,43,Basico,535.6,Colombia,Comedia,2018-03-31,1
12768,42,Basico,610.4,Uruguay,Drama,2022-06-10,0
12769,44,Basico,561.0,Peru,Drama,2020-11-08,2
12770,19,Estandar,496.9,Peru,Romance,2018-01-13,1
12771,28,Estandar,1220.5,Colombia,Documental,2020-06-11,2
12772,18,Estandar,1316.8,Colombia,Thriller,2024-06-26,0
12773,24,Estandar,319.5,Mexico,Drama,2018-10-27,0
12774,36,Basico,1059.5,Uruguay,Drama,2018-07-05,1
12775,23,Basico,321.7,Uruguay,Thriller,2022-10-02,2
12776,20,Basico,477.9,Mexico,Romance,2021-11-12,0
12777,37,Basico,1095.3,Argentina,Drama,2025-11-08,1
12778,23,Estandar,971.7,Mexico,Accion,2018-09-19,0
12779,31,Estandar,597.8,Mexico,Documental,2022-02-14,2
12780,39,Estandar,460.1,Brasil,Romance,2018-09-04,1
12781,29,Basico,746.0,Colombia,Drama,2018-10-10,1
12782,40,Basico,782.3,Argentina,Drama,2023-04-18,2
12783,33,Basico,318.7,Mexico,Accion,2018-05-10,3
12784,40,Estandar,995.1,Uruguay,Thriller,2021-03-21,1
12785,43,Premium,957.3,Colombia,Romance,2022-08-02,2
12786,46,Basico,590.2,Brasil,Accion,2020-01-08,1
12787,39,Premium,1099.5,Peru,Crimen,2019-07-09,1
12788,37,Estandar,395.6,Brasil,Documental,2025-03-12,0
12789,27,Premium,946.5,Uruguay,Crimen,2025-03-30,2
12790,25,Estandar,1391.9,Argentina,Documental,2022-09-18,0
12791,38,Premium,1087.7,Brasil,Drama,2022-03-14,0
12792,33,Premium,565.6,Uruguay,Thriller,2022-04-16,0
12793,31,Estandar,1067.9,Brasil,Crimen,2022-02-14,2
12794,41,Estandar,189.4,Brasil,Crimen,2022-03-27,1
12795,21,Basico,625.6,Uruguay,Comedia,2022-03-19,1
12796,24,Basico,0.0,Brasil,Documental,2018-11-25,0
12797,34,Basico,351.2,Uruguay,Drama,2025-08-28,0
12798,36,Premium,1285.7,Colombia,Accion,2025-06-03,1
12799,33,Estandar,944.0,Peru,Comedia,2022-02-14,2
12800,42,Basico,824.8,Peru,Crimen,2019-06-29,0
12801,30,Basico,333.0,Brasil,Crimen,2025-04-30,1
12802,55,Basico,3628.4,Colombia,Documental,2021-11-25,0
12803,44,Basico,512.7,Colombia,Romance,2019-05-01,1
12804,26,Estandar,1397.4,Brasil,Accion,2020-01-02,0
12805,47,Premium,1113.2,Brasil,Thriller,2024-01-10,0
12806,21,Basico,635.4,Peru,Thriller,2022-05-29,1
12807,34,Estandar,759.6,Peru,Accion,2023-12-07,0
12808,32,Premium,950.3,Mexico,Crimen,2019-06-06,0
12809,26,Premium,1309.7,Peru,Romance,2020-07-01,1
12810,39,Estandar,2689.4,Argentina,Romance,2018-01-15,2
12811,37,Premium,1423.0,Brasil,Documental,2018-04-04,0
12812,42,Estandar,270.8,Uruguay,Drama,2021-05-07,1
12813,55,Basico,770.5,Argentina,Accion,2023-03-12,0
12814,37,Basico,361.8,Uruguay,Drama,2025-07-21,0
12815,18,Estandar,704.6,Brasil,Romance,2024-02-09,0
12816,19,Estandar,640.9,Uruguay,Crimen,2022-10-04,0
12817,20,Basico,834.0,Uruguay,Drama,2023-12-19,1
12818,33,Basico,591.3,Brasil,Accion,2022-04-03,3
12819,40,Estandar,828.4,Mexico,Documental,2020-07-29,0
12820,43,Estandar,981.8,Argentina,Documental,2020-10-10,0
12821,14,Basico,306.0,Brasil,Crimen,2023-03-02,1
12822,36,Basico,1232.3,Chile,Crimen,2021-11-18,0
12823,52,Basico,572.7,Mexico,Documental,2019-09-28,0
12824,29,Estandar,811.2,Chile,Thriller,2021-02-03,0
12825,33,Premium,870.7,Mexico,Thriller,2020-02-12,0
12826,13,Estandar,588.6,Brasil,Accion,2019-04-08,0
12827,43,Premium,1119.3,Uruguay,Documental,2018-05-12,0
12828,30,Estandar,797.5,Chile,Comedia,2025-05-28,1
12829,28,Basico,0.0,Chile,Thriller,2022-09-14,2
12830,28,Estandar,652.7,Uruguay,Crimen,2024-11-23,0
12831,23,Estandar,503.7,Uruguay,Comedia,2018-03-06,0
12832,46,Estandar,1071.4,Argentina,Accion,2020-09-12,0
12833,39,Estandar,814.7,Peru,Comedia,2020-04-24,0
12834,60,Estandar,1126.5,Peru,Drama,2018-10-03,1
12835,39,Estandar,1045.9,Uruguay,Accion,2019-02-18,0
12836,40,Estandar,747.0,Brasil,Comedia,2024-08-29,0
12837,22,Estandar,964.7,Colombia,Drama,2018-05-18,0
12838,24,Basico,459.7,Brasil,Crimen,2023-01-03,1
12839,45,Estandar,701.6,Uruguay,Comedia,2022-02-14,2
12840,54,Estandar,1156.5,Uruguay,Thriller,2025-07-15,0
12841,34,Basico,727.6,Colombia,Accion,2025-11-20,1
12842,44,Basico,842.9,Brasil,Crimen,2018-07-19,0
12843,21,Estandar,814.8,Argentina,Romance,2020-09-29,0
12844,37,Premium,1585.5,Uruguay,Documental,2018-07-01,0
12845,28,Estandar,1163.7,Uruguay,Comedia,2022-07-06,5
12846,40,Premium,1417.9,Argentina,Comedia,2022-12-03,0
12847,53,Basico,825.5,Peru,Documental,2020-08-17,1
12848,22,Premium,1045.8,Chile,Documental,2024-01-20,0
12849,43,Basico,824.8,Peru,Drama,2020-06-08,1
12850,29,Basico,1009.4,Colombia,Comedia,2018-08-20,0
12851,25,Basico,691.1,Brasil,Crimen,2019-07-28,0
12852,19,Estandar,794.0,Brasil,Romance,2023-08-26,0
12853,31,Basico,520.0,Mexico,Crimen,2021-03-30,1
12854,36,Estandar,753.7,Mexico,Crimen,2020-08-17,0
12855,25,Estandar,716.2,Mexico,Crimen,2024-06-17,0
12856,44,Estandar,804.0,Colombia,Documental,2021-07-30,0
12857,49,Basico,1154.1,Mexico,Crimen,2022-02-14,2
12858,17,Basico,498.4,Colombia,Thriller,2024-09-15,1
12859,60,Estandar,890.1,Peru,Crimen,2025-07-17,1
12860,21,Estandar,1322.6,Peru,Thriller,2021-08-06,2
12861,23,Basico,576.6,Brasil,Crimen,2020-08-28,1
12862,51,Basico,285.2,Uruguay,Crimen,2021-05-21,0
12863,31,Estandar,679.8,Uruguay,Drama,2019-08-10,0
12864,31,Basico,641.8,Mexico,Accion,2025-05-28,0
12865,42,Basico,502.7,Colombia,Thriller,2023-11-06,2
12866,41,Basico,457.4,Uruguay,Drama,2020-06-24,0
12867,29,Basico,1180.4,Brasil,Romance,2022-08-21,0
12868,43,Basico,259.6,Colombia,Documental,2021-05-15,2
12869,37,Estandar,1003.3,Uruguay,Crimen,2021-02-01,1
12870,28,Basico,883.1,Chile,Romance,2018-09-07,2
12871,29,Basico,576.4,Argentina,Drama,2024-03-30,1
12872,45,Premium,1168.3,Argentina,Romance,2024-08-20,1
12873,13,Basico,502.4,Uruguay,Thriller,2019-12-19,0
12874,36,Basico,546.0,Brasil,Romance,2025-01-08,1
12875,33,Estandar,828.4,Uruguay,Crimen,2025-08-12,0
12876,44,Estandar,284.2,Argentina,Romance,2022-10-16,1
12877,52,Estandar,1461.2,Peru,Romance,2024-03-26,0
12878,31,Estandar,318.2,Uruguay,Documental,2023-07-24,2
12879,31,Estandar,876.0,Argentina,Drama,2018-07-12,0
12880,39,Basico,707.0,Colombia,Romance,2021-11-11,0
12881,28,Basico,833.3,Chile,Documental,2025-03-20,1
12882,49,Premium,1126.1,Chile,Drama,2025-07-12,0
12883,50,Premium,941.5,Chile,Crimen,2022-04-11,0
12884,41,Premium,972.8,Colombia,Crimen,2023-11-19,1
12885,39,Estandar,1052.2,Peru,Documental,2021-07-29,1
12886,21,Estandar,875.4,Chile,Drama,2025-10-23,0
12887,39,Premium,1270.1,Uruguay,Documental,2022-09-02,1
12888,40,Premium,1152.1,Peru,Crimen,2022-07-31,1
12889,30,Premium,1317.0,Mexico,Documental,2019-09-04,1
12890,45,Premium,868.6,Mexico,Romance,2021-05-13,0
12891,41,Estandar,707.4,Peru,Crimen,2022-02-14,0
12892,15,Estandar,953.4,Chile,Accion,2020-01-24,2
12893,47,Basico,324.3,Brasil,Drama,2024-01-13,0
12894,32,Premium,983.9,Argentina,Documental,2023-04-24,0
12895,29,Basico,242.0,Brasil,Romance,2020-09-14,0
12896,42,Estandar,1107.3,Chile,Drama,2020-07-12,0
12897,39,Basico,336.7,Argentina,Romance,2021-05-16,2
12898,23,Premium,1085.7,Colombia,Accion,2025-12-08,1
12899,13,Estandar,863.2,Uruguay,Thriller,2019-08-15,0
12900,21,Estandar,709.8,Uruguay,Drama,2022-02-14,2
12901,34,Estandar,1218.9,Brasil,Documental,2018-08-25,2
12902,41,Basico,265.5,Argentina,Documental,2024-04-22,0
12903,41,Premium,1349.0,Mexico,Accion,2022-08-18,0
12904,31,Premium,1119.3,Uruguay,Romance,2022-09-03,1
12905,33,Basico,543.9,Colombia,Documental,2024-04-01,0
12906,57,Estandar,405.1,Argentina,Thriller,2023-12-11,1
12907,54,Premium,1382.2,Chile,Thriller,2019-07-04,2
12908,13,Basico,6.0,Chile,Thriller,2022-05-10,1
12909,39,Basico,586.6,Uruguay,Accion,2020-09-21,1
12910,26,Basico,430.9,Chile,Thriller,2020-11-10,1
12911,45,Estandar,808.5,Brasil,Romance,2020-04-12,3
12912,35,Basico,865.1,Argentina,Crimen,2021-09-14,2
12913,40,Basico,508.4,Mexico,Accion,2025-04-02,2
12914,38,Estandar,995.7,Brasil,Thriller,2018-11-20,2
12915,32,Basico,193.1,Mexico,Accion,2023-01-17,0
12916,14,Estandar,2822.8,Chile,Accion,2022-02-28,1
12917,56,Basico,1006.5,Mexico,Accion,2019-01-14,0
12918,40,Estandar,639.7,Brasil,Romance,2024-01-03,0
12919,53,Estandar,1190.5,Mexico,Romance,2020-02-20,0
12920,16,Premium,1512.5,Colombia,Comedia,2018-07-31,0
12921,30,Basico,394.3,Chile,Romance,2021-01-04,1
12922,13,Estandar,1240.2,Chile,Documental,2022-03-25,2
12923,52,Estandar,835.2,Argentina,Drama,2025-07-22,0
12924,27,Basico,779.3,Colombia,Accion,2024-10-13,0
12925,44,Estandar,1202.6,Mexico,Documental,2024-10-05,0
12926,23,Basico,508.6,Chile,Thriller,2018-06-11,1
12927,18,Estandar,952.3,Argentina,Romance,2018-10-26,0
12928,36,Basico,968.6,Brasil,Thriller,2020-02-10,0
12929,37,Estandar,917.1,Mexico,Thriller,2024-08-03,2
12930,43,Basico,553.9,Peru,Drama,2025-07-13,1
12931,31,Basico,44.2,Brasil,Drama,2022-02-14,1
12932,34,Basico,192.8,Chile,Romance,2022-02-14,0
12933,39,Estandar,1099.0,Colombia,Accion,2023-05-18,0
12934,29,Premium,1128.4,Uruguay,Thriller,2020-05-05,2
12935,19,Basico,829.6,Colombia,Documental,2021-09-25,1
12936,36,Basico,0.0,Chile,Documental,2021-05-26,0
12937,54,Basico,233.8,Peru,Crimen,2018-03-04,0
12938,23,Basico,536.9,Brasil,Comedia,2020-05-17,3
12939,45,Basico,682.6,Argentina,Comedia,2020-02-18,1
12940,32,Premium,1189.4,Uruguay,Crimen,2019-04-26,0
12941,39,Estandar,495.8,Colombia,Crimen,2023-05-16,1
12942,28,Basico,1324.2,Mexico,Crimen,2020-09-20,1
12943,34,Estandar,738.5,Argentina,Thriller,2025-10-20,2
12944,42,Estandar,1258.8,Uruguay,Thriller,2024-10-11,1
12945,33,Estandar,687.7,Argentina,Accion,2025-11-22,3
12946,23,Estandar,1147.7,Colombia,Comedia,2020-04-17,0
12947,53,Basico,698.5,Peru,Documental,2022-06-13,0
12948,37,Estandar,627.7,Colombia,Thriller,2020-09-07,0
12949,22,Basico,478.0,Chile,Romance,2024-03-11,0
12950,33,Basico,835.9,Chile,Thriller,2021-08-10,0
12951,44,Basico,961.1,Mexico,Comedia,2021-05-03,1
12952,34,Estandar,1115.4,Colombia,Thriller,2022-04-09,0
12953,32,Basico,586.3,Brasil,Thriller,2023-03-25,0
12954,38,Basico,589.8,Uruguay,Thriller,2023-12-26,1
12955,34,Basico,806.0,Colombia,Comedia,2025-04-11,0
12956,26,Premium,978.5,Peru,Crimen,2022-01-11,0
12957,36,Basico,958.8,Chile,Crimen,2021-06-17,1
12958,40,Estandar,1010.9,Chile,Comedia,2022-02-14,2
12959,25,Basico,3473.8,Mexico,Crimen,2022-01-13,0
12960,34,Estandar,1074.9,Brasil,Comedia,2023-10-02,4
12961,21,Basico,602.6,Chile,Romance,2023-07-30,1
12962,34,Estandar,1110.4,Peru,Romance,2023-03-24,0
12963,22,Basico,349.1,Chile,Romance,2019-08-02,0
12964,17,Basico,699.5,Mexico,Drama,2023-04-08,0
12965,26,Estandar,794.0,Colombia,Thriller,2021-08-04,1
12966,18,Basico,491.0,Mexico,Thriller,2020-04-12,0
12967,38,Premium,1719.7,Chile,Drama,2022-02-27,5
12968,40,Estandar,527.3,Mexico,Accion,2021-07-05,1
12969,27,Estandar,536.3,Uruguay,Documental,2022-08-23,0
12970,44,Basico,426.9,Peru,Thriller,2018-07-07,3
12971,43,Basico,965.8,Mexico,Documental,2024-04-23,0
12972,29,Estandar,1135.8,Chile,Accion,2020-06-25,0
12973,34,Estandar,445.7,Chile,Thriller,2022-02-14,1
12974,27,Estandar,520.9,Uruguay,Romance,2018-03-08,1
12975,36,Basico,705.4,Chile,Documental,2020-12-04,4
12976,35,Premium,1312.1,Peru,Accion,2024-03-16,0
12977,20,Basico,511.2,Argentina,Crimen,2024-07-20,0
12978,30,Premium,1067.1,Uruguay,Drama,2024-06-30,5
12979,43,Estandar,1244.4,Mexico,Drama,2022-09-07,1
12980,27,Basico,103.0,Brasil,Romance,2021-04-24,1
12981,14,Premium,590.6,Peru,Drama,2019-09-17,2
12982,18,Premium,1362.2,Colombia,Romance,2020-03-14,5
12983,66,Basico,525.6,Argentina,Accion,2021-09-13,3
12984,38,Basico,1084.2,Chile,Crimen,2020-07-31,2
12985,16,Basico,627.0,Chile,Documental,2022-04-05,1
12986,33,Premium,1202.0,Uruguay,Documental,2024-05-22,0
12987,34,Basico,452.4,Brasil,Drama,2020-10-03,0
12988,37,Premium,1489.1,Peru,Drama,2022-02-14,2
12989,27,Premium,1113.2,Brasil,Accion,2024-03-05,1
12990,35,Basico,152.7,Chile,Crimen,2025-05-05,0
12991,48,Premium,1029.0,Colombia,Drama,2025-09-06,1
12992,39,Estandar,1072.3,Chile,Thriller,2021-10-14,0
12993,27,Basico,750.5,Mexico,Thriller,2020-11-20,1
12994,13,Basico,626.0,Brasil,Drama,2023-06-25,0
12995,37,Premium,1085.7,Colombia,Thriller,2025-03-13,1
12996,35,Basico,616.0,Argentina,Documental,2023-07-03,5
12997,20,Estandar,1390.8,Brasil,Comedia,2023-03-03,1
12998,16,Basico,0.0,Mexico,Documental,2019-11-21,1
12999,26,Estandar,880.9,Brasil,Documental,2021-12-13,1
13000,40,Basico,460.8,Peru,Drama,2019-11-25,2
13001,33,Estandar,507.1,Argentina,Drama,2019-07-28,0
13002,51,Premium,790.4,Brasil,Drama,2024-02-17,0
13003,13,Estandar,153.9,Peru,Drama,2023-06-24,0
13004,41,Estandar,961.2,Argentina,Accion,2020-01-24,1
13005,27,Premium,946.3,Mexico,Documental,2024-01-30,1
13006,40,Basico,878.9,Chile,Crimen,2025-03-13,1
13007,35,Basico,491.6,Chile,Documental,2018-08-29,1
13008,39,Premium,1395.4,Mexico,Comedia,2023-11-17,0
13009,38,Basico,580.9,Uruguay,Thriller,2018-05-19,0
13010,50,Estandar,915.2,Argentina,Comedia,2018-11-01,1
13011,38,Premium,873.7,Mexico,Comedia,2025-06-30,0
13012,21,Estandar,931.3,Peru,Comedia,2018-07-18,2
13013,16,Premium,976.5,Colombia,Comedia,2018-01-27,0
13014,22,Basico,699.4,Chile,Thriller,2022-08-17,0
13015,36,Premium,1192.8,Argentina,Comedia,2019-07-18,1
13016,47,Premium,1517.8,Mexico,Drama,2025-01-27,0
13017,42,Estandar,947.2,Uruguay,Documental,2020-08-05,0
13018,44,Estandar,2964.9,Peru,Documental,2018-10-06,2
13019,26,Premium,781.9,Mexico,Accion,2025-12-06,1
13020,22,Premium,920.9,Colombia,Documental,2019-09-11,0
13021,30,Basico,271.2,Peru,Drama,2018-02-07,0
13022,54,Basico,372.4,Peru,Crimen,2020-06-14,2
13023,57,Premium,919.4,Uruguay,Romance,2023-09-03,0
13024,44,Premium,1232.2,Argentina,Documental,2023-02-11,1
13025,29,Estandar,920.4,Brasil,Comedia,2022-02-14,2
13026,26,Estandar,1037.7,Chile,Comedia,2018-09-05,0
13027,42,Estandar,552.3,Colombia,Accion,2024-12-05,1
13028,42,Premium,1316.5,Peru,Romance,2025-02-25,2
13029,30,Premium,513.5,Colombia,Crimen,2025-06-24,2
13030,34,Estandar,630.4,Brasil,Romance,2024-11-30,2
13031,39,Premium,626.4,Colombia,Drama,2023-06-03,1
13032,16,Basico,416.7,Argentina,Accion,2025-05-24,0
13033,27,Basico,709.5,Brasil,Thriller,2023-06-22,2
13034,13,Basico,123.9,Brasil,Romance,2022-02-14,0
13035,20,Basico,203.1,Chile,Romance,2018-01-28,0
13036,44,Basico,601.8,Uruguay,Comedia,2023-12-20,0
13037,32,Estandar,2896.7,Peru,Crimen,2024-03-09,1
13038,47,Premium,1100.2,Uruguay,Crimen,2022-08-12,0
13039,53,Estandar,1266.4,Uruguay,Accion,2018-02-18,0
13040,48,Estandar,1249.6,Colombia,Drama,2018-03-10,0
13041,32,Basico,470.4,Colombia,Thriller,2023-12-09,0
13042,39,Estandar,1140.9,Colombia,Comedia,2021-01-30,0
13043,46,Estandar,690.5,Uruguay,Crimen,2024-01-04,1
13044,34,Basico,543.3,Peru,Romance,2021-03-20,1
13045,13,Estandar,715.6,Brasil,Thriller,2018-03-12,0
13046,24,Basico,0.0,Brasil,Accion,2023-08-20,1
13047,37,Estandar,842.7,Uruguay,Romance,2025-10-29,1
13048,28,Estandar,1512.8,Uruguay,Accion,2025-07-23,1
13049,29,Premium,1420.1,Mexico,Accion,2022-10-30,1
13050,24,Basico,725.7,Peru,Crimen,2020-05-01,0
13051,28,Estandar,0.0,Argentina,Romance,2019-03-15,0
13052,24,Estandar,791.4,Peru,Thriller,2019-01-30,0
13053,17,Basico,182.6,Brasil,Drama,2023-11-18,0
13054,35,Estandar,377.1,Brasil,Crimen,2019-09-02,3
13055,20,Basico,78.6,Chile,Crimen,2020-09-14,0
13056,30,Basico,745.2,Colombia,Crimen,2020-02-26,0
13057,28,Estandar,1041.8,Mexico,Crimen,2024-12-13,2
13058,17,Estandar,955.5,Colombia,Thriller,2023-11-27,1
13059,32,Estandar,1147.2,Argentina,Comedia,2020-10-30,0
13060,63,Estandar,1052.7,Brasil,Documental,2021-12-22,0
13061,19,Basico,698.1,Uruguay,Drama,2020-12-30,1
13062,37,Basico,55.5,Argentina,Accion,2022-06-14,1
13063,27,Basico,1124.3,Mexico,Romance,2018-11-20,2
13064,33,Basico,999.1,Uruguay,Drama,2022-03-09,1
13065,19,Basico,822.6,Colombia,Thriller,2022-07-22,2
13066,39,Basico,563.8,Mexico,Documental,2023-02-24,0
13067,53,Estandar,422.2,Mexico,Comedia,2024-05-03,1
13068,33,Estandar,632.7,Argentina,Accion,2020-09-23,1
13069,39,Basico,1024.8,Mexico,Romance,2025-10-26,0
13070,28,Estandar,570.5,Peru,Thriller,2020-07-14,3
13071,24,Estandar,1283.8,Uruguay,Documental,2021-05-13,1
13072,31,Basico,337.3,Argentina,Romance,2025-09-02,0
13073,29,Estandar,543.1,Mexico,Drama,2018-11-27,0
13074,34,Premium,750.2,Mexico,Romance,2025-05-01,1
13075,39,Basico,461.3,Peru,Accion,2025-04-15,0
13076,39,Premium,1295.8,Peru,Thriller,2018-05-10,0
13077,13,Estandar,3628.4,Argentina,Documental,2019-01-18,0
13078,33,Premium,1350.7,Chile,Romance,2022-07-19,0
13079,28,Basico,395.9,Mexico,Accion,2022-04-03,1
13080,20,Premium,940.8,Uruguay,Thriller,2022-03-25,0
13081,46,Estandar,260.1,Mexico,Crimen,2024-03-13,2
13082,44,Basico,286.2,Chile,Documental,2023-05-04,1
13083,44,Basico,741.2,Chile,Comedia,2022-02-14,0
13084,30,Basico,485.1,Brasil,Thriller,2025-02-21,0
13085,27,Basico,520.0,Mexico,Drama,2018-02-08,0
13086,49,Estandar,985.5,Argentina,Crimen,2025-11-18,0
13087,76,Basico,658.3,Peru,Accion,2019-12-03,1
13088,36,Basico,430.6,Brasil,Thriller,2018-12-05,1
13089,36,Premium,1130.7,Mexico,Drama,2023-08-10,1
13090,30,Basico,488.0,Chile,Drama,2022-11-13,1
13091,19,Premium,743.4,Uruguay,Accion,2025-03-26,1
13092,35,Estandar,1044.0,Mexico,Documental,2021-09-18,1
13093,27,Basico,0.0,Colombia,Comedia,2024-05-06,0
13094,34,Estandar,3628.4,Mexico,Romance,2019-01-26,1
13095,22,Basico,792.5,Mexico,Accion,2023-12-04,0
13096,41,Premium,957.9,Mexico,Romance,2018-06-24,0
13097,36,Premium,1179.1,Peru,Documental,2020-07-30,0
13098,28,Basico,549.7,Mexico,Documental,2020-05-15,1
13099,41,Basico,0.0,Argentina,Comedia,2025-10-06,1
13100,34,Basico,3146.3,Argentina,Crimen,2024-05-10,1
13101,48,Basico,557.0,Peru,Drama,2022-02-14,2
13102,38,Basico,1026.7,Uruguay,Romance,2021-01-15,1
13103,25,Estandar,1457.3,Chile,Romance,2018-07-10,2
13104,45,Basico,107.8,Brasil,Drama,2018-11-01,0
13105,32,Estandar,466.7,Brasil,Documental,2025-09-04,1
13106,50,Basico,418.8,Colombia,Accion,2021-02-22,1
13107,16,Basico,590.0,Peru,Comedia,2024-02-03,1
13108,44,Basico,847.2,Colombia,Accion,2024-04-27,1
13109,40,Basico,590.4,Chile,Accion,2025-05-19,0
13110,20,Estandar,528.8,Chile,Comedia,2022-02-14,3
13111,56,Estandar,847.9,Brasil,Thriller,2020-01-05,0
13112,24,Basico,526.7,Uruguay,Drama,2021-07-12,3
13113,40,Basico,251.7,Peru,Thriller,2022-02-14,2
13114,32,Premium,481.5,Colombia,Thriller,2020-04-28,0
13115,25,Premium,1499.5,Argentina,Drama,2024-08-01,1
13116,47,Premium,1684.8,Peru,Comedia,2019-08-14,1
13117,41,Basico,138.0,Mexico,Thriller,2025-12-29,1
13118,24,Estandar,515.9,Colombia,Romance,2022-06-20,2
13119,29,Premium,600.6,Mexico,Crimen,2022-02-14,2
13120,22,Premium,1053.0,Colombia,Romance,2021-05-10,2
13121,45,Basico,484.7,Chile,Documental,2019-10-28,0
13122,42,Basico,240.8,Peru,Romance,2024-04-28,1
13123,20,Premium,1622.3,Colombia,Comedia,2020-09-11,0
13124,61,Premium,1845.4,Peru,Romance,2024-05-10,1
13125,34,Estandar,1184.6,Brasil,Thriller,2022-05-13,0
13126,13,Estandar,344.2,Mexico,Comedia,2025-08-05,0
13127,40,Estandar,723.9,Colombia,Romance,2024-01-24,1
13128,37,Estandar,856.0,Peru,Drama,2021-09-20,2
13129,21,Estandar,531.1,Colombia,Romance,2022-04-22,2
13130,15,Premium,1198.6,Argentina,Drama,2019-07-28,0
13131,42,Premium,828.8,Argentina,Crimen,2025-09-24,0
13132,35,Estandar,1045.7,Chile,Comedia,2018-11-18,2
13133,36,Basico,863.4,Mexico,Comedia,2023-08-14,0
13134,42,Estandar,610.3,Brasil,Comedia,2021-11-17,0
13135,37,Estandar,601.7,Colombia,Crimen,2018-08-08,2
13136,39,Premium,1034.9,Argentina,Crimen,2019-02-05,0
13137,39,Premium,1342.3,Chile,Thriller,2022-11-26,0
13138,41,Basico,631.6,Peru,Thriller,2020-08-08,0
13139,34,Premium,1010.4,Uruguay,Thriller,2018-11-08,1
13140,19,Estandar,666.8,Uruguay,Thriller,2021-10-27,0
13141,23,Premium,844.4,Mexico,Romance,2024-10-14,0
13142,42,Basico,868.2,Mexico,Accion,2024-11-19,1
13143,43,Basico,472.1,Brasil,Documental,2024-09-05,0
13144,40,Estandar,1312.6,Peru,Documental,2022-06-13,2
13145,27,Estandar,1209.1,Mexico,Documental,2022-02-14,3
13146,25,Premium,1119.8,Peru,Comedia,2018-05-02,0
13147,13,Basico,630.1,Colombia,Drama,2025-02-10,3
13148,30,Basico,943.6,Colombia,Documental,2021-01-24,2
13149,23,Basico,157.6,Peru,Accion,2023-01-20,1
13150,60,Estandar,352.5,Colombia,Drama,2023-07-03,1
13151,32,Basico,703.6,Chile,Drama,2020-07-23,0
13152,39,Premium,809.7,Mexico,Crimen,2021-12-28,1
13153,26,Basico,500.4,Uruguay,Romance,2024-03-15,0
13154,38,Estandar,1194.0,Chile,Comedia,2022-03-18,2
13155,43,Estandar,805.4,Chile,Documental,2022-11-04,0
13156,19,Estandar,1089.8,Colombia,Documental,2020-01-31,0
13157,30,Basico,776.2,Peru,Comedia,2025-08-16,1
13158,34,Estandar,1101.2,Brasil,Accion,2024-07-27,0
13159,24,Premium,374.5,Argentina,Comedia,2025-05-30,1
13160,45,Estandar,363.7,Mexico,Comedia,2022-04-06,1
13161,26,Basico,636.3,Mexico,Comedia,2022-02-14,4
13162,51,Basico,1017.5,Uruguay,Crimen,2024-12-08,0
13163,47,Basico,0.0,Brasil,Crimen,2021-04-24,0
13164,39,Estandar,752.7,Argentina,Thriller,2020-10-06,0
13165,31,Basico,469.0,Chile,Crimen,2025-12-30,2
13166,27,Premium,794.4,Chile,Thriller,2018-10-29,1
13167,28,Basico,840.6,Uruguay,Accion,2018-12-03,1
13168,35,Estandar,630.5,Colombia,Romance,2022-02-14,0
13169,34,Basico,443.6,Chile,Drama,2019-09-24,1
13170,13,Estandar,685.2,Chile,Romance,2022-04-06,0
13171,26,Basico,300.6,Colombia,Crimen,2025-12-25,2
13172,13,Premium,890.3,Argentina,Documental,2025-02-09,1
13173,28,Estandar,964.9,Peru,Accion,2019-09-24,0
13174,33,Basico,785.4,Brasil,Comedia,2022-05-15,1
13175,31,Estandar,575.6,Chile,Accion,2021-07-21,2
13176,50,Estandar,995.9,Mexico,Documental,2022-02-14,2
13177,38,Basico,591.9,Brasil,Romance,2019-03-13,0
13178,23,Premium,1572.9,Peru,Accion,2019-01-10,0
13179,37,Basico,199.2,Uruguay,Romance,2018-01-22,0
13180,42,Basico,24.7,Uruguay,Drama,2021-06-16,0
13181,41,Estandar,841.0,Brasil,Romance,2022-12-27,0
13182,13,Estandar,323.8,Brasil,Accion,2022-01-14,0
13183,20,Estandar,632.8,Mexico,Comedia,2021-01-09,1
13184,54,Basico,512.6,Mexico,Thriller,2019-02-23,0
13185,32,Estandar,1303.7,Argentina,Crimen,2019-06-27,0
13186,40,Basico,433.1,Brasil,Comedia,2018-12-24,1
13187,36,Estandar,764.6,Brasil,Accion,2020-02-07,2
13188,22,Basico,468.7,Brasil,Comedia,2022-11-01,0
13189,31,Premium,66.1,Argentina,Thriller,2023-01-13,1
13190,44,Estandar,1000.0,Mexico,Crimen,2024-03-31,0
13191,33,Premium,1215.7,Uruguay,Crimen,2024-03-22,0
13192,28,Basico,502.0,Chile,Documental,2023-09-30,1
13193,45,Estandar,1330.9,Brasil,Drama,2022-07-30,0
13194,44,Basico,742.6,Peru,Comedia,2019-02-28,0
13195,40,Estandar,611.8,Chile,Accion,2018-04-18,0
13196,32,Estandar,1180.2,Uruguay,Comedia,2019-01-03,0
13197,52,Basico,21.2,Peru,Thriller,2021-12-20,0
13198,25,Basico,77.5,Argentina,Comedia,2024-03-20,1
13199,35,Estandar,959.5,Uruguay,Crimen,2019-01-17,1
13200,47,Estandar,563.7,Uruguay,Thriller,2024-09-11,2
13201,43,Basico,590.2,Peru,Romance,2024-09-15,0
13202,43,Estandar,789.0,Brasil,Crimen,2021-08-21,1
13203,45,Estandar,841.0,Brasil,Crimen,2022-04-27,0
13204,22,Estandar,862.0,Peru,Documental,2018-02-20,0
13205,32,Premium,1595.4,Uruguay,Accion,2021-04-10,1
13206,24,Premium,1119.3,Uruguay,Romance,2022-08-22,2
13207,13,Estandar,655.8,Argentina,Thriller,2022-05-08,0
13208,24,Premium,928.7,Colombia,Crimen,2018-12-13,4
13209,29,Estandar,3628.4,Argentina,Documental,2024-04-10,2
13210,17,Basico,173.2,Peru,Thriller,2020-09-21,0
13211,42,Basico,418.8,Chile,Romance,2024-05-31,0
13212,39,Basico,901.1,Peru,Crimen,2023-11-05,0
13213,23,Premium,3628.4,Argentina,Drama,2019-11-26,0
13214,36,Basico,235.8,Chile,Romance,2025-09-08,0
13215,36,Estandar,391.4,Argentina,Documental,2022-04-09,1
13216,25,Estandar,679.1,Mexico,Drama,2019-11-26,2
13217,44,Estandar,1368.5,Colombia,Documental,2019-07-23,2
13218,13,Basico,149.7,Argentina,Accion,2021-01-06,0
13219,16,Premium,868.6,Uruguay,Comedia,2021-05-18,0
13220,44,Basico,922.2,Uruguay,Romance,2021-01-04,0
13221,42,Estandar,666.3,Colombia,Comedia,2023-07-13,1
13222,35,Basico,413.0,Chile,Romance,2022-02-14,2
13223,38,Estandar,211.8,Uruguay,Romance,2018-09-17,2
13224,22,Estandar,1407.7,Chile,Crimen,2019-11-16,1
13225,32,Premium,1119.3,Uruguay,Comedia,2022-11-16,3
13226,33,Premium,844.9,Mexico,Accion,2021-02-04,2
13227,27,Basico,13.4,Mexico,Documental,2022-09-21,1
13228,46,Basico,191.5,Colombia,Accion,2021-05-12,1
13229,38,Basico,515.2,Peru,Documental,2023-06-07,0
13230,39,Basico,855.9,Uruguay,Romance,2018-11-12,0
13231,42,Basico,364.7,Mexico,Crimen,2022-01-19,1
13232,35,Estandar,479.9,Argentina,Comedia,2020-10-27,2
13233,21,Estandar,1019.4,Brasil,Romance,2020-10-07,0
13234,13,Basico,684.2,Uruguay,Comedia,2025-01-04,0
13235,32,Estandar,545.9,Peru,Documental,2023-07-24,0
13236,24,Basico,0.0,Colombia,Crimen,2024-08-29,2
13237,38,Premium,1264.6,Uruguay,Drama,2024-11-30,0
13238,35,Estandar,856.2,Colombia,Romance,2020-03-11,0
13239,39,Premium,1085.7,Colombia,Drama,2023-02-19,2
13240,37,Basico,342.0,Chile,Drama,2019-03-15,0
13241,23,Basico,478.8,Brasil,Thriller,2019-07-09,1
13242,32,Estandar,1129.8,Colombia,Thriller,2021-06-01,0
13243,21,Estandar,772.3,Brasil,Comedia,2018-01-28,1
13244,31,Basico,407.5,Argentina,Crimen,2022-02-14,0
13245,48,Estandar,562.5,Brasil,Drama,2021-09-22,1
13246,61,Basico,1324.9,Brasil,Romance,2024-12-15,0
13247,46,Premium,593.9,Peru,Accion,2022-02-14,2
13248,46,Premium,626.8,Chile,Drama,2021-09-11,1
13249,26,Estandar,548.3,Colombia,Thriller,2022-12-09,0
13250,32,Estandar,996.2,Argentina,Crimen,2021-10-03,0
13251,38,Basico,666.7,Brasil,Romance,2022-10-30,0
13252,20,Premium,1113.2,Brasil,Romance,2025-04-20,0
13253,24,Estandar,654.8,Brasil,Romance,2024-08-31,1
13254,41,Premium,1130.7,Mexico,Thriller,2019-07-12,0
13255,37,Estandar,555.8,Brasil,Thriller,2021-05-15,1
13256,29,Premium,1083.0,Uruguay,Thriller,2021-08-06,0
13257,24,Premium,1666.8,Argentina,Documental,2024-10-06,1
13258,33,Basico,520.0,Argentina,Crimen,2025-10-18,1
13259,48,Premium,1316.9,Argentina,Drama,2020-04-02,0
13260,32,Estandar,1197.2,Brasil,Comedia,2023-05-17,0
13261,32,Premium,697.1,Mexico,Romance,2021-07-10,1
13262,34,Estandar,737.2,Peru,Accion,2019-12-29,0
13263,25,Basico,592.6,Mexico,Thriller,2022-06-20,1
13264,44,Basico,3032.7,Uruguay,Comedia,2021-07-31,0
13265,49,Basico,441.4,Peru,Romance,2022-02-14,2
13266,33,Basico,324.8,Chile,Accion,2025-10-17,0
13267,29,Premium,780.1,Mexico,Drama,2025-02-05,0
13268,31,Premium,493.0,Chile,Thriller,2023-07-05,1
13269,34,Basico,106.7,Uruguay,Romance,2024-06-16,1
13270,38,Estandar,913.2,Brasil,Thriller,2020-09-19,0
13271,63,Estandar,1286.9,Argentina,Accion,2021-08-27,0
13272,17,Basico,685.3,Argentina,Romance,2022-03-21,0
13273,33,Basico,178.5,Chile,Comedia,2021-02-22,1
13274,28,Basico,241.9,Uruguay,Accion,2022-05-29,0
13275,25,Basico,1079.7,Argentina,Thriller,2022-02-04,1
13276,21,Basico,197.9,Uruguay,Documental,2019-04-12,3
13277,42,Basico,607.9,Argentina,Thriller,2024-04-28,5
13278,19,Basico,789.1,Brasil,Comedia,2020-03-29,1
13279,32,Estandar,684.2,Mexico,Documental,2024-08-22,1
13280,41,Basico,493.0,Mexico,Drama,2024-02-13,0
13281,33,Estandar,1029.0,Peru,Thriller,2020-01-07,2
13282,33,Basico,742.0,Brasil,Drama,2025-08-24,1
13283,36,Estandar,716.4,Chile,Comedia,2024-03-03,0
13284,23,Premium,634.7,Peru,Drama,2018-04-21,0
13285,33,Premium,443.2,Mexico,Accion,2023-03-06,0
13286,28,Estandar,725.3,Colombia,Documental,2025-12-11,0
13287,14,Basico,628.0,Mexico,Drama,2020-05-08,0
13288,38,Basico,553.0,Brasil,Documental,2022-12-01,2
13289,27,Estandar,932.8,Brasil,Thriller,2021-04-08,1
13290,39,Estandar,484.7,Brasil,Romance,2025-08-10,0
13291,60,Basico,2681.2,Mexico,Crimen,2018-10-11,0
13292,43,Premium,1113.2,Brasil,Crimen,2022-08-03,2
13293,31,Premium,1018.5,Argentina,Crimen,2025-07-19,0
13294,40,Basico,382.2,Colombia,Documental,2023-08-08,0
13295,13,Estandar,379.5,Colombia,Drama,2019-07-25,1
13296,30,Basico,622.1,Colombia,Crimen,2022-02-14,2
13297,50,Basico,748.7,Chile,Drama,2022-02-14,2
13298,34,Estandar,984.4,Brasil,Romance,2020-09-18,1
13299,35,Basico,695.5,Chile,Crimen,2020-10-31,1
13300,19,Basico,605.2,Peru,Romance,2025-05-21,0
13301,26,Basico,898.5,Uruguay,Crimen,2022-02-14,2
13302,34,Premium,980.6,Uruguay,Thriller,2022-09-30,0
13303,41,Estandar,1316.9,Peru,Crimen,2022-03-25,0
13304,13,Basico,759.9,Peru,Accion,2018-10-30,1
13305,52,Estandar,934.7,Uruguay,Drama,2023-01-14,1
13306,58,Basico,812.9,Peru,Accion,2024-09-15,0
13307,39,Premium,1609.1,Brasil,Crimen,2023-05-17,0
13308,31,Estandar,861.8,Mexico,Comedia,2024-07-12,0
13309,44,Basico,565.5,Chile,Crimen,2022-06-30,0
13310,46,Premium,1089.5,Chile,Drama,2023-12-29,3
13311,29,Basico,306.8,Argentina,Drama,2023-09-07,2
13312,22,Basico,441.0,Brasil,Accion,2025-10-04,0
13313,29,Basico,90.1,Chile,Comedia,2022-10-09,0
13314,37,Premium,1469.4,Chile,Accion,2024-02-05,2
13315,26,Premium,1126.1,Chile,Romance,2018-05-31,0
13316,36,Estandar,1456.6,Colombia,Documental,2022-01-12,1
13317,30,Premium,1452.9,Mexico,Documental,2025-11-13,0
13318,38,Basico,336.6,Mexico,Drama,2024-01-09,1
13319,31,Premium,1291.6,Colombia,Drama,2024-08-29,1
13320,37,Basico,455.5,Uruguay,Comedia,2025-02-26,0
13321,38,Premium,1221.8,Brasil,Comedia,2018-12-15,0
13322,35,Basico,369.5,Argentina,Drama,2019-03-24,0
13323,57,Premium,1371.4,Uruguay,Comedia,2020-10-13,0
13324,27,Estandar,949.3,Colombia,Documental,2025-05-17,3
13325,37,Basico,499.2,Mexico,Drama,2025-06-15,0
13326,35,Basico,495.0,Colombia,Comedia,2021-12-25,1
13327,27,Estandar,1229.6,Mexico,Comedia,2019-11-13,0
13328,24,Premium,1238.6,Colombia,Crimen,2025-04-04,1
13329,43,Basico,1239.6,Colombia,Documental,2022-02-14,2
13330,13,Estandar,841.0,Brasil,Crimen,2018-07-01,0
13331,65,Premium,1196.4,Mexico,Thriller,2024-04-25,0
13332,48,Premium,1259.0,Brasil,Drama,2025-03-27,2
13333,41,Basico,1152.5,Brasil,Accion,2025-08-06,0
13334,13,Basico,400.6,Peru,Crimen,2025-04-03,1
13335,25,Basico,724.4,Mexico,Accion,2022-06-25,1
13336,32,Premium,676.2,Brasil,Comedia,2021-09-20,0
13337,28,Premium,1199.8,Peru,Crimen,2022-10-30,1
13338,23,Premium,1198.3,Colombia,Drama,2019-03-10,2
13339,30,Estandar,989.3,Colombia,Thriller,2018-02-13,2
13340,36,Estandar,1141.7,Mexico,Accion,2022-02-14,5
13341,33,Premium,1550.7,Uruguay,Drama,2020-11-25,0
13342,40,Basico,629.1,Argentina,Drama,2020-06-28,1
13343,28,Basico,506.9,Mexico,Romance,2023-09-23,0
13344,39,Estandar,731.7,Brasil,Drama,2023-10-26,0
13345,36,Estandar,899.2,Chile,Comedia,2024-04-04,1
13346,55,Estandar,1257.4,Argentina,Comedia,2024-07-05,0
13347,19,Basico,698.4,Chile,Romance,2025-09-17,0
13348,15,Premium,3628.4,Chile,Crimen,2024-06-14,0
13349,34,Basico,570.3,Chile,Thriller,2020-06-24,1
13350,30,Estandar,904.8,Chile,Documental,2022-12-31,2
13351,22,Estandar,704.6,Chile,Comedia,2022-03-13,3
13352,29,Estandar,140.8,Peru,Romance,2022-05-22,1
13353,52,Basico,490.3,Colombia,Accion,2023-03-12,1
13354,27,Basico,216.5,Uruguay,Crimen,2025-08-15,1
13355,35,Basico,618.8,Uruguay,Crimen,2024-08-07,0
13356,34,Premium,1305.2,Argentina,Accion,2025-09-29,1
13357,49,Estandar,650.7,Brasil,Thriller,2023-08-12,0
13358,47,Estandar,816.5,Peru,Drama,2019-09-10,1
13359,26,Basico,751.4,Uruguay,Crimen,2021-11-13,1
13360,13,Basico,718.7,Brasil,Drama,2018-04-11,0
13361,60,Premium,1178.7,Argentina,Thriller,2023-06-01,0
13362,39,Estandar,840.8,Uruguay,Romance,2019-03-05,0
13363,19,Basico,770.8,Colombia,Romance,2021-04-25,0
13364,30,Estandar,830.1,Chile,Documental,2022-08-31,0
13365,36,Estandar,846.2,Brasil,Drama,2018-12-18,1
13366,24,Estandar,506.6,Mexico,Comedia,2019-04-21,1
13367,34,Estandar,1474.2,Argentina,Documental,2019-08-04,0
13368,49,Basico,13.6,Colombia,Crimen,2021-11-27,0
13369,48,Premium,898.2,Argentina,Accion,2021-07-01,1
13370,16,Estandar,715.7,Uruguay,Drama,2021-11-06,2
13371,44,Basico,353.7,Uruguay,Documental,2023-02-09,0
13372,18,Basico,513.6,Chile,Comedia,2020-04-27,1
13373,23,Premium,896.4,Uruguay,Comedia,2023-11-05,0
13374,46,Premium,1294.5,Mexico,Romance,2023-06-02,1
13375,23,Estandar,1304.6,Brasil,Thriller,2021-11-27,0
13376,55,Estandar,882.1,Uruguay,Comedia,2023-05-05,0
13377,27,Basico,920.1,Peru,Romance,2019-02-04,0
13378,54,Premium,892.6,Colombia,Comedia,2022-11-30,0
13379,57,Basico,916.8,Chile,Thriller,2025-10-24,1
13380,26,Estandar,661.0,Colombia,Crimen,2023-01-28,2
13381,22,Premium,866.6,Uruguay,Accion,2021-07-30,0
13382,42,Premium,1025.1,Colombia,Thriller,2018-10-03,0
13383,35,Basico,1120.7,Mexico,Thriller,2021-05-14,2
13384,31,Basico,753.5,Brasil,Drama,2018-07-03,0
13385,53,Estandar,1113.3,Brasil,Documental,2025-12-21,1
13386,46,Premium,1359.0,Uruguay,Drama,2019-04-17,1
13387,36,Basico,766.7,Uruguay,Crimen,2018-04-03,1
13388,34,Basico,113.2,Chile,Romance,2021-11-06,1
13389,27,Premium,1272.7,Uruguay,Romance,2025-04-08,0
13390,34,Estandar,1243.2,Peru,Romance,2019-03-24,0
13391,27,Estandar,630.4,Argentina,Crimen,2025-08-05,1
13392,13,Basico,190.0,Argentina,Thriller,2019-11-05,0
13393,36,Premium,1123.6,Peru,Crimen,2020-09-26,1
13394,32,Basico,585.8,Peru,Drama,2023-10-15,0
13395,28,Premium,809.1,Peru,Romance,2019-12-16,1
13396,33,Estandar,353.0,Brasil,Romance,2024-03-10,0
13397,25,Estandar,564.1,Uruguay,Drama,2022-02-14,2
13398,34,Premium,1085.7,Colombia,Drama,2021-09-17,2
13399,37,Estandar,1036.8,Argentina,Accion,2024-04-12,0
13400,15,Estandar,717.6,Peru,Crimen,2022-10-13,1
13401,20,Estandar,1101.7,Chile,Documental,2023-03-08,3
13402,30,Basico,446.4,Peru,Accion,2020-08-07,1
13403,19,Estandar,208.9,Peru,Comedia,2022-07-18,0
13404,13,Basico,227.3,Colombia,Thriller,2025-01-23,2
13405,49,Basico,349.7,Brasil,Drama,2022-02-14,2
13406,42,Estandar,932.0,Peru,Thriller,2022-02-14,2
13407,32,Estandar,722.8,Chile,Drama,2025-03-08,1
13408,27,Estandar,1344.8,Peru,Romance,2025-05-16,0
13409,34,Estandar,554.3,Argentina,Drama,2022-11-06,1
13410,54,Premium,1424.1,Colombia,Drama,2022-06-09,1
13411,29,Estandar,499.6,Chile,Crimen,2022-02-14,2
13412,25,Basico,691.1,Mexico,Comedia,2024-11-20,1
13413,24,Basico,829.7,Peru,Thriller,2020-03-19,1
13414,59,Basico,184.8,Colombia,Accion,2023-01-16,1
13415,33,Premium,1136.7,Brasil,Romance,2024-08-22,1
13416,41,Basico,620.2,Colombia,Romance,2022-02-14,2
13417,25,Premium,1081.0,Chile,Drama,2022-05-12,1
13418,23,Basico,493.3,Brasil,Documental,2018-01-19,0
13419,29,Estandar,966.6,Peru,Romance,2025-11-26,1
13420,41,Estandar,715.7,Argentina,Crimen,2020-05-29,2
13421,13,Estandar,1189.8,Mexico,Romance,2020-04-22,0
13422,33,Estandar,841.0,Brasil,Thriller,2021-02-14,1
13423,43,Premium,1118.0,Chile,Comedia,2025-11-22,0
13424,38,Estandar,1253.7,Colombia,Drama,2018-09-14,0
13425,34,Basico,420.6,Brasil,Thriller,2024-06-22,0
13426,13,Basico,410.9,Colombia,Drama,2019-02-21,0
13427,17,Premium,822.2,Chile,Comedia,2024-01-09,0
13428,26,Basico,1077.0,Peru,Documental,2020-02-05,1
13429,35,Basico,295.2,Uruguay,Drama,2022-02-07,2
13430,40,Estandar,1379.5,Mexico,Romance,2021-08-28,0
13431,33,Estandar,505.4,Brasil,Comedia,2020-03-18,1
13432,20,Estandar,755.4,Colombia,Crimen,2023-02-18,0
13433,33,Estandar,396.6,Chile,Comedia,2019-04-12,0
13434,31,Estandar,1015.2,Chile,Romance,2020-12-10,0
13435,39,Premium,1401.4,Peru,Crimen,2025-07-10,2
13436,27,Basico,339.6,Chile,Drama,2023-06-28,1
13437,52,Basico,103.0,Argentina,Documental,2023-12-02,0
13438,27,Basico,610.3,Peru,Crimen,2025-03-02,1
13439,13,Basico,485.6,Mexico,Romance,2021-07-07,2
13440,44,Premium,1450.0,Brasil,Thriller,2024-09-11,1
13441,16,Estandar,1256.2,Colombia,Thriller,2022-05-11,0
13442,21,Basico,572.0,Mexico,Romance,2024-11-08,0
13443,43,Premium,1241.9,Uruguay,Drama,2022-05-27,0
13444,27,Premium,1413.3,Colombia,Drama,2024-08-01,1
13445,48,Premium,1252.3,Argentina,Documental,2019-04-13,0
13446,23,Estandar,903.0,Chile,Crimen,2021-11-26,0
13447,52,Premium,375.0,Uruguay,Accion,2021-12-12,0
13448,49,Basico,601.2,Argentina,Drama,2023-02-19,1
13449,23,Estandar,1293.6,Argentina,Accion,2024-12-03,0
13450,35,Premium,1151.4,Argentina,Documental,2019-12-08,1
13451,36,Premium,1506.9,Uruguay,Comedia,2025-07-22,2
13452,37,Estandar,1028.4,Mexico,Thriller,2025-12-01,2
13453,33,Basico,632.8,Peru,Accion,2021-05-03,0
13454,18,Premium,1353.9,Argentina,Drama,2024-11-21,2
13455,35,Basico,668.3,Uruguay,Comedia,2024-08-14,0
13456,26,Basico,853.1,Colombia,Romance,2018-12-14,0
13457,44,Basico,995.6,Brasil,Drama,2025-07-15,5
13458,42,Basico,715.7,Argentina,Romance,2019-07-03,0
13459,34,Basico,833.1,Uruguay,Thriller,2021-07-06,0
13460,17,Estandar,820.5,Mexico,Thriller,2019-04-28,0
13461,13,Estandar,699.0,Argentina,Crimen,2020-09-04,0
13462,34,Estandar,995.4,Peru,Accion,2021-06-04,0
13463,60,Estandar,502.8,Argentina,Comedia,2019-04-25,1
13464,39,Basico,298.0,Mexico,Romance,2020-01-20,1
13465,31,Basico,658.6,Chile,Romance,2022-03-10,5
13466,51,Estandar,507.6,Mexico,Crimen,2025-10-11,0
13467,19,Estandar,702.4,Uruguay,Drama,2019-08-03,0
13468,26,Estandar,1045.4,Mexico,Accion,2023-09-24,0
13469,33,Basico,541.5,Mexico,Drama,2022-05-11,1
13470,21,Estandar,590.0,Brasil,Thriller,2022-09-10,0
13471,51,Basico,592.5,Chile,Accion,2022-02-14,2
13472,41,Basico,1427.8,Chile,Thriller,2019-07-19,1
13473,34,Estandar,1325.6,Mexico,Comedia,2024-06-12,1
13474,42,Estandar,732.3,Uruguay,Crimen,2022-04-21,0
13475,39,Basico,632.0,Peru,Drama,2022-02-14,3
13476,13,Premium,739.9,Colombia,Romance,2020-01-31,1
13477,36,Premium,1315.0,Uruguay,Drama,2023-06-17,2
13478,48,Estandar,421.7,Uruguay,Documental,2025-02-16,2
13479,21,Basico,315.3,Mexico,Romance,2024-01-11,0
13480,22,Estandar,1365.2,Peru,Comedia,2025-10-11,3
13481,41,Estandar,773.0,Brasil,Accion,2025-03-27,0
13482,41,Basico,659.3,Argentina,Crimen,2019-12-11,0
13483,37,Basico,404.9,Argentina,Documental,2024-03-22,2
13484,22,Basico,458.6,Argentina,Documental,2019-11-15,5
13485,46,Basico,291.7,Uruguay,Documental,2023-06-29,0
13486,44,Estandar,1312.3,Argentina,Documental,2021-03-29,0
13487,29,Basico,419.4,Colombia,Thriller,2019-07-29,2
13488,36,Estandar,855.2,Peru,Thriller,2022-02-14,2
13489,30,Estandar,987.4,Argentina,Romance,2021-07-12,3
13490,20,Basico,1064.4,Peru,Comedia,2023-01-22,1
13491,34,Basico,790.3,Brasil,Accion,2024-12-12,0
13492,49,Estandar,792.6,Colombia,Crimen,2018-08-08,1
13493,15,Premium,1035.2,Mexico,Romance,2022-01-10,1
13494,20,Estandar,450.1,Peru,Documental,2018-02-09,1
13495,31,Estandar,900.0,Peru,Drama,2023-06-08,1
13496,16,Premium,996.1,Chile,Thriller,2019-07-14,2
13497,27,Premium,1153.0,Mexico,Comedia,2020-03-10,1
13498,44,Estandar,619.1,Uruguay,Crimen,2022-04-22,3
13499,56,Estandar,860.4,Brasil,Documental,2024-04-19,1
13500,19,Basico,826.4,Brasil,Drama,2023-09-02,0
13501,60,Basico,573.4,Argentina,Drama,2025-04-28,0
13502,37,Premium,1253.0,Peru,Thriller,2023-07-21,0
13503,51,Basico,357.2,Brasil,Comedia,2022-08-03,0
13504,59,Basico,0.0,Argentina,Romance,2025-09-05,1
13505,24,Basico,1156.9,Chile,Comedia,2023-07-08,1
13506,29,Basico,611.6,Peru,Crimen,2022-08-30,0
13507,25,Estandar,596.4,Mexico,Documental,2025-12-18,2
13508,44,Estandar,1135.6,Brasil,Accion,2022-12-24,1
13509,44,Basico,160.6,Uruguay,Drama,2023-06-25,0
13510,27,Basico,783.4,Peru,Comedia,2019-11-17,1
13511,32,Estandar,455.6,Argentina,Documental,2018-12-05,4
13512,32,Premium,1368.0,Argentina,Drama,2024-05-04,3
13513,13,Basico,830.6,Argentina,Accion,2018-05-07,1
13514,27,Estandar,875.2,Argentina,Romance,2020-06-22,1
13515,25,Premium,1156.7,Mexico,Thriller,2021-04-11,0
13516,25,Estandar,1177.9,Peru,Accion,2018-05-14,1
13517,15,Estandar,786.0,Chile,Crimen,2021-01-30,1
13518,13,Basico,3628.4,Peru,Crimen,2020-07-09,0
13519,39,Premium,1055.1,Peru,Thriller,2024-01-12,4
13520,50,Premium,1392.8,Chile,Drama,2022-02-14,2
13521,13,Estandar,1344.2,Colombia,Crimen,2019-11-20,0
13522,52,Basico,548.2,Brasil,Thriller,2023-02-17,1
13523,36,Estandar,802.2,Colombia,Thriller,2024-05-05,0
13524,55,Basico,294.8,Colombia,Drama,2023-07-22,1
13525,41,Premium,839.8,Colombia,Romance,2024-03-01,0
13526,46,Basico,1037.8,Mexico,Accion,2023-09-24,0
13527,30,Premium,1168.3,Argentina,Documental,2019-04-09,2
13528,25,Basico,571.4,Uruguay,Romance,2024-06-03,0
13529,35,Premium,1354.1,Brasil,Crimen,2019-04-13,0
13530,44,Basico,555.6,Brasil,Crimen,2021-01-02,1
13531,46,Basico,666.9,Mexico,Drama,2024-02-03,1
13532,52,Basico,182.9,Argentina,Romance,2022-02-11,0
13533,40,Basico,212.7,Mexico,Drama,2022-02-14,3
13534,29,Basico,681.9,Colombia,Accion,2018-06-20,1
13535,43,Basico,57.5,Mexico,Comedia,2022-12-13,1
13536,38,Estandar,530.3,Colombia,Crimen,2024-02-16,0
13537,26,Estandar,745.9,Peru,Documental,2020-06-14,2
13538,58,Estandar,470.0,Uruguay,Documental,2022-10-08,2
13539,47,Premium,1452.2,Argentina,Comedia,2019-02-24,1
13540,40,Basico,973.0,Chile,Comedia,2025-05-01,2
13541,18,Estandar,1165.2,Mexico,Documental,2020-10-10,0
13542,37,Premium,900.0,Peru,Thriller,2021-05-04,2
13543,55,Premium,1064.7,Brasil,Comedia,2018-05-13,0
13544,41,Basico,630.3,Argentina,Thriller,2023-01-17,0
13545,26,Estandar,722.2,Brasil,Romance,2020-12-12,1
13546,35,Estandar,526.2,Brasil,Crimen,2021-11-28,1
13547,43,Premium,497.6,Brasil,Documental,2018-12-23,0
13548,13,Estandar,1094.0,Peru,Crimen,2022-12-04,1
13549,30,Basico,853.9,Mexico,Comedia,2019-04-26,0
13550,33,Basico,409.8,Peru,Drama,2020-08-28,0
13551,40,Basico,423.5,Mexico,Documental,2020-05-09,2
13552,43,Basico,366.7,Brasil,Thriller,2024-08-05,0
13553,15,Premium,1336.8,Brasil,Thriller,2025-09-23,0
13554,31,Basico,931.8,Peru,Thriller,2021-12-07,1
13555,30,Premium,838.7,Colombia,Documental,2025-12-21,0
13556,48,Basico,430.4,Brasil,Documental,2024-11-04,0
13557,30,Basico,296.6,Colombia,Crimen,2025-02-04,1
13558,40,Basico,145.5,Uruguay,Accion,2022-10-20,1
13559,38,Basico,806.0,Brasil,Crimen,2019-11-11,1
13560,39,Estandar,287.6,Brasil,Comedia,2024-11-28,1
13561,30,Estandar,741.4,Peru,Documental,2019-07-25,0
13562,24,Premium,768.8,Peru,Drama,2020-04-26,1
13563,45,Estandar,1089.7,Argentina,Drama,2020-04-27,0
13564,19,Basico,84.9,Brasil,Romance,2018-09-01,1
13565,44,Basico,79.0,Uruguay,Accion,2024-05-24,1
13566,37,Premium,1243.6,Colombia,Comedia,2021-12-07,0
13567,25,Estandar,716.7,Mexico,Romance,2023-12-21,1
13568,18,Basico,755.5,Chile,Crimen,2021-02-25,0
13569,46,Basico,580.2,Mexico,Documental,2024-09-10,1
13570,42,Estandar,975.9,Colombia,Thriller,2024-01-16,2
13571,48,Basico,0.0,Colombia,Comedia,2019-11-21,0
13572,34,Estandar,1253.9,Uruguay,Accion,2021-08-18,1
13573,28,Estandar,769.3,Mexico,Crimen,2025-11-23,0
13574,38,Premium,1044.9,Peru,Romance,2021-04-13,0
13575,54,Estandar,776.7,Colombia,Documental,2021-03-31,1
13576,21,Estandar,1060.6,Uruguay,Crimen,2024-06-03,1
13577,22,Basico,280.7,Chile,Romance,2020-12-31,1
13578,24,Basico,113.9,Argentina,Accion,2023-10-09,2
13579,44,Estandar,550.0,Brasil,Documental,2025-08-14,0
13580,29,Estandar,906.3,Uruguay,Documental,2019-01-26,1
13581,32,Basico,449.5,Chile,Romance,2019-07-10,0
13582,46,Basico,344.1,Chile,Crimen,2022-08-13,1
13583,32,Premium,1654.7,Brasil,Thriller,2018-08-31,1
13584,31,Estandar,1032.4,Brasil,Comedia,2022-02-14,2
13585,30,Basico,196.3,Mexico,Crimen,2025-05-10,3
13586,29,Basico,1128.9,Brasil,Documental,2019-06-04,0
13587,33,Premium,1277.5,Argentina,Romance,2025-11-13,1
13588,24,Estandar,752.8,Chile,Crimen,2019-06-28,0
13589,13,Basico,679.3,Mexico,Comedia,2020-10-19,0
13590,37,Premium,784.8,Colombia,Documental,2019-08-23,0
13591,26,Basico,675.9,Peru,Comedia,2025-12-23,0
13592,29,Premium,1244.6,Argentina,Thriller,2021-08-12,1
13593,37,Basico,129.9,Peru,Romance,2020-10-10,0
13594,23,Estandar,1023.8,Colombia,Drama,2025-08-01,1
13595,36,Basico,886.7,Uruguay,Thriller,2022-05-28,2
13596,44,Basico,447.1,Mexico,Crimen,2023-06-28,3
13597,39,Estandar,430.6,Chile,Comedia,2019-06-08,2
13598,31,Estandar,791.6,Chile,Thriller,2024-06-23,1
13599,29,Estandar,1061.3,Uruguay,Crimen,2025-02-03,2
13600,31,Estandar,970.1,Argentina,Thriller,2021-01-05,0
13601,40,Estandar,1331.3,Argentina,Thriller,2025-01-15,0
13602,36,Basico,830.2,Colombia,Thriller,2022-08-24,1
13603,29,Estandar,1044.3,Mexico,Comedia,2022-03-17,1
13604,23,Basico,1034.8,Colombia,Thriller,2023-01-26,0
13605,24,Premium,1735.7,Argentina,Accion,2018-11-06,1
13606,56,Basico,497.3,Brasil,Thriller,2025-02-08,0
13607,25,Basico,580.8,Argentina,Drama,2019-01-17,1
13608,38,Basico,0.0,Argentina,Documental,2022-07-09,2
13609,50,Basico,630.2,Brasil,Comedia,2023-10-13,2
13610,36,Estandar,2670.8,Mexico,Crimen,2022-02-14,2
13611,27,Basico,691.3,Uruguay,Crimen,2025-10-16,0
13612,13,Estandar,1199.4,Chile,Crimen,2022-02-20,0
13613,37,Basico,974.1,Mexico,Documental,2023-02-06,0
13614,30,Premium,1169.6,Chile,Documental,2023-06-23,0
13615,33,Estandar,875.2,Chile,Documental,2021-09-02,0
13616,35,Premium,1126.1,Chile,Thriller,2024-11-07,1
13617,14,Estandar,825.7,Peru,Comedia,2018-01-11,2
13618,15,Estandar,294.7,Chile,Comedia,2019-01-17,0
13619,13,Premium,1126.1,Chile,Romance,2022-02-14,2
13620,58,Premium,971.6,Colombia,Comedia,2025-02-13,0
13621,27,Estandar,1174.3,Argentina,Documental,2025-06-13,2
13622,33,Basico,349.1,Peru,Documental,2025-10-27,1
13623,33,Estandar,516.5,Chile,Accion,2022-02-14,2
13624,45,Premium,612.9,Colombia,Drama,2018-09-17,4
13625,36,Estandar,1203.2,Argentina,Comedia,2023-12-30,1
13626,23,Estandar,1232.8,Chile,Crimen,2022-02-14,2
13627,24,Premium,1612.6,Colombia,Documental,2020-06-11,1
13628,32,Premium,1271.2,Chile,Crimen,2022-10-26,0
13629,51,Basico,460.7,Uruguay,Accion,2022-02-14,2
13630,28,Basico,3.9,Peru,Drama,2023-07-20,2
13631,32,Premium,1398.0,Uruguay,Romance,2021-01-04,1
13632,32,Estandar,1279.8,Peru,Thriller,2022-02-14,2
13633,40,Basico,1129.5,Mexico,Comedia,2021-03-07,0
13634,16,Basico,548.2,Brasil,Crimen,2021-10-15,1
13635,34,Estandar,910.9,Uruguay,Documental,2024-02-20,1
13636,33,Estandar,556.6,Uruguay,Accion,2024-06-25,0
13637,24,Premium,906.2,Argentina,Romance,2019-06-19,2
13638,38,Premium,1111.4,Brasil,Documental,2024-05-07,3
13639,28,Basico,812.9,Argentina,Documental,2023-06-11,1
13640,23,Basico,342.1,Chile,Accion,2021-11-08,0
13641,48,Premium,990.5,Colombia,Accion,2022-02-14,1
13642,13,Estandar,583.2,Mexico,Documental,2018-07-18,1
13643,28,Basico,761.5,Argentina,Drama,2018-07-08,1
13644,58,Basico,207.1,Peru,Accion,2019-02-12,5
13645,56,Basico,646.2,Colombia,Thriller,2025-01-08,1
13646,26,Estandar,483.6,Mexico,Accion,2022-02-14,0
13647,30,Basico,1046.3,Brasil,Documental,2018-08-03,0
13648,30,Estandar,210.4,Brasil,Drama,2019-05-24,0
13649,38,Basico,467.7,Chile,Crimen,2019-10-10,0
13650,32,Basico,765.8,Mexico,Thriller,2022-12-13,1
13651,27,Estandar,814.4,Argentina,Documental,2023-02-13,2
13652,34,Basico,672.2,Brasil,Thriller,2018-01-03,0
13653,29,Basico,537.5,Brasil,Accion,2022-10-19,2
13654,23,Premium,1515.3,Mexico,Documental,2020-04-08,1
13655,27,Basico,749.2,Argentina,Drama,2025-09-21,1
13656,34,Premium,1249.6,Peru,Crimen,2019-06-25,0
13657,52,Estandar,838.2,Chile,Accion,2025-04-16,1
13658,31,Premium,564.7,Peru,Accion,2021-05-21,3
13659,25,Basico,259.6,Uruguay,Crimen,2019-10-14,0
13660,33,Basico,1107.9,Brasil,Drama,2021-01-27,1
13661,42,Premium,1422.8,Colombia,Drama,2019-01-18,1
13662,32,Premium,1221.2,Argentina,Crimen,2025-05-05,0
13663,30,Premium,682.1,Colombia,Accion,2022-01-16,1
13664,25,Basico,225.3,Colombia,Crimen,2020-10-22,0
13665,40,Basico,449.1,Uruguay,Crimen,2018-12-04,0
13666,31,Basico,347.1,Peru,Romance,2022-03-04,0
13667,49,Estandar,674.9,Mexico,Romance,2022-02-14,2
13668,34,Basico,975.0,Peru,Documental,2025-04-11,0
13669,30,Basico,441.5,Brasil,Accion,2019-11-09,3
13670,34,Basico,849.4,Brasil,Crimen,2018-08-01,0
13671,33,Basico,488.9,Uruguay,Romance,2022-06-12,0
13672,33,Premium,803.4,Chile,Accion,2025-01-06,1
13673,26,Estandar,513.6,Peru,Crimen,2021-06-05,1
13674,22,Estandar,1271.6,Mexico,Documental,2025-11-04,1
13675,40,Basico,798.6,Argentina,Drama,2020-08-17,1
13676,35,Basico,160.6,Mexico,Romance,2022-10-25,0
13677,23,Premium,1346.7,Uruguay,Crimen,2025-05-08,0
13678,41,Basico,965.7,Argentina,Thriller,2019-01-09,0
13679,21,Premium,1180.7,Brasil,Crimen,2025-11-22,0
13680,34,Estandar,605.3,Peru,Comedia,2019-01-25,0
13681,52,Estandar,1041.6,Peru,Crimen,2018-01-05,0
13682,22,Basico,451.6,Brasil,Documental,2020-05-24,1
13683,22,Basico,656.3,Peru,Thriller,2023-05-08,0
13684,36,Estandar,1187.5,Colombia,Crimen,2018-11-16,0
13685,42,Basico,213.1,Mexico,Documental,2019-06-28,2
13686,24,Estandar,1049.2,Colombia,Romance,2024-08-28,0
13687,32,Basico,333.0,Argentina,Comedia,2020-07-15,1
13688,35,Basico,308.9,Peru,Romance,2023-10-29,2
13689,50,Basico,651.7,Uruguay,Thriller,2025-08-17,1
13690,56,Basico,417.2,Brasil,Romance,2022-12-28,0
13691,18,Estandar,3047.7,Argentina,Crimen,2018-02-08,0
13692,18,Estandar,602.4,Uruguay,Thriller,2018-02-03,1
13693,30,Estandar,1263.2,Chile,Documental,2025-10-20,0
13694,51,Estandar,348.5,Brasil,Accion,2021-11-08,3
13695,31,Basico,424.2,Mexico,Accion,2019-05-09,1
13696,34,Basico,471.9,Uruguay,Comedia,2022-09-26,0
13697,80,Basico,286.6,Brasil,Drama,2025-10-13,1
13698,55,Estandar,663.3,Argentina,Comedia,2019-06-26,1
13699,31,Premium,949.4,Colombia,Romance,2023-05-11,1
13700,13,Basico,509.1,Uruguay,Drama,2018-10-18,0
13701,37,Estandar,1103.7,Colombia,Romance,2020-07-26,0
13702,13,Basico,3628.4,Brasil,Romance,2022-02-14,2
13703,24,Premium,1777.2,Mexico,Romance,2019-01-01,0
13704,49,Basico,479.8,Uruguay,Thriller,2019-02-24,0
13705,34,Basico,637.3,Chile,Crimen,2019-02-27,0
13706,27,Premium,1446.8,Mexico,Comedia,2021-07-07,1
13707,49,Estandar,589.1,Colombia,Drama,2022-02-14,0
13708,42,Basico,86.5,Peru,Thriller,2021-05-10,0
13709,18,Premium,1026.7,Mexico,Crimen,2019-07-16,1
13710,18,Estandar,657.7,Chile,Thriller,2022-04-17,1
13711,57,Estandar,467.9,Argentina,Romance,2019-06-30,0
13712,49,Basico,491.8,Peru,Crimen,2025-03-12,0
13713,41,Basico,355.6,Mexico,Thriller,2025-08-05,0
13714,13,Estandar,594.5,Colombia,Thriller,2019-08-09,2
13715,31,Basico,197.3,Mexico,Thriller,2018-10-08,0
13716,33,Premium,925.8,Chile,Comedia,2023-12-13,0
13717,34,Basico,578.8,Argentina,Drama,2024-04-26,0
13718,13,Basico,731.0,Uruguay,Accion,2018-02-04,0
13719,25,Basico,554.4,Mexico,Accion,2024-11-04,1
13720,29,Estandar,903.6,Uruguay,Accion,2025-04-16,2
13721,25,Basico,683.3,Argentina,Drama,2019-11-04,2
13722,25,Estandar,838.1,Peru,Comedia,2022-12-08,0
13723,44,Basico,280.2,Brasil,Drama,2021-12-09,0
13724,32,Premium,1012.9,Uruguay,Crimen,2020-05-22,1
13725,36,Estandar,956.5,Brasil,Documental,2025-01-16,0
13726,36,Estandar,1070.3,Argentina,Thriller,2019-09-13,1
13727,19,Estandar,380.4,Argentina,Accion,2022-08-14,1
13728,31,Basico,151.7,Chile,Drama,2024-11-28,0
13729,15,Basico,749.5,Mexico,Accion,2025-09-13,2
13730,45,Estandar,402.5,Brasil,Documental,2022-12-18,0
13731,33,Premium,897.9,Brasil,Comedia,2020-06-08,1
13732,25,Basico,567.7,Peru,Romance,2018-12-22,0
13733,28,Premium,1232.1,Colombia,Comedia,2019-02-16,0
13734,29,Estandar,487.4,Chile,Documental,2019-07-28,0
13735,36,Basico,259.5,Colombia,Crimen,2022-02-14,2
13736,23,Premium,1204.7,Chile,Romance,2024-08-11,5
13737,23,Premium,1178.8,Argentina,Thriller,2022-04-22,2
13738,13,Estandar,977.8,Colombia,Documental,2021-12-10,3
13739,13,Estandar,935.2,Peru,Drama,2022-10-25,0
13740,37,Basico,641.3,Chile,Romance,2021-07-12,1
13741,39,Estandar,529.6,Mexico,Thriller,2019-07-27,0
13742,39,Premium,1468.0,Uruguay,Documental,2020-10-11,1
13743,24,Estandar,2714.7,Mexico,Thriller,2022-02-14,2
13744,36,Estandar,1154.9,Mexico,Accion,2025-03-25,4
13745,33,Basico,914.6,Colombia,Drama,2018-12-12,1
13746,20,Basico,438.4,Chile,Romance,2020-10-13,2
13747,35,Estandar,989.3,Brasil,Accion,2024-03-16,0
13748,27,Estandar,3628.4,Uruguay,Thriller,2024-09-27,1
13749,41,Premium,1680.0,Chile,Thriller,2024-09-23,0
13750,34,Estandar,394.9,Mexico,Thriller,2024-10-24,1
13751,31,Basico,805.4,Chile,Accion,2021-03-13,1
13752,47,Basico,454.0,Uruguay,Romance,2025-09-29,0
13753,49,Estandar,957.5,Mexico,Crimen,2018-04-20,0
13754,55,Basico,999.8,Chile,Drama,2025-05-20,0
13755,25,Estandar,320.4,Chile,Thriller,2021-05-20,2
13756,16,Estandar,1189.0,Peru,Crimen,2020-04-21,0
13757,35,Basico,267.1,Colombia,Comedia,2023-10-22,0
13758,34,Estandar,560.7,Uruguay,Thriller,2024-10-21,0
13759,45,Premium,1241.7,Brasil,Thriller,2023-09-19,4
13760,39,Estandar,1348.9,Argentina,Comedia,2020-02-12,0
13761,43,Premium,608.8,Uruguay,Romance,2022-05-24,0
13762,41,Basico,1021.9,Mexico,Accion,2021-04-25,1
13763,24,Basico,260.4,Brasil,Drama,2025-03-31,0
13764,44,Premium,1119.3,Uruguay,Romance,2018-08-12,1
13765,29,Basico,587.1,Mexico,Accion,2020-09-07,0
13766,47,Basico,637.3,Chile,Drama,2023-07-21,3
13767,21,Premium,1390.1,Peru,Comedia,2022-04-30,1
13768,41,Premium,1168.3,Argentina,Accion,2019-04-07,3
13769,30,Basico,384.6,Argentina,Drama,2020-09-14,0
13770,42,Premium,969.4,Chile,Romance,2023-08-09,2
13771,43,Basico,294.4,Mexico,Drama,2025-02-26,1
13772,34,Estandar,277.3,Mexico,Romance,2024-08-29,0
13773,48,Basico,321.2,Argentina,Romance,2018-10-18,0
13774,24,Premium,1110.7,Mexico,Accion,2023-12-04,0
13775,33,Estandar,557.4,Uruguay,Drama,2018-02-19,0
13776,39,Basico,383.0,Argentina,Accion,2022-01-19,0
13777,45,Basico,344.2,Argentina,Drama,2021-07-20,0
13778,28,Estandar,867.4,Uruguay,Romance,2019-06-25,2
13779,38,Basico,0.0,Colombia,Comedia,2022-05-04,1
13780,39,Basico,15.7,Chile,Documental,2024-05-17,0
13781,31,Basico,901.4,Brasil,Crimen,2022-09-20,1
13782,51,Basico,618.2,Argentina,Thriller,2022-02-05,1
13783,37,Estandar,1067.3,Uruguay,Accion,2024-02-16,1
13784,40,Basico,335.3,Mexico,Drama,2025-08-29,1
13785,37,Estandar,781.7,Chile,Documental,2019-12-09,1
13786,36,Basico,883.7,Uruguay,Accion,2023-04-14,0
13787,33,Basico,35.9,Colombia,Romance,2018-10-26,4
13788,35,Basico,659.8,Colombia,Thriller,2018-03-10,0
13789,46,Basico,640.8,Chile,Accion,2024-08-02,1
13790,35,Basico,808.0,Chile,Romance,2022-02-14,0
13791,19,Estandar,1175.8,Brasil,Romance,2018-02-26,2
13792,17,Estandar,1154.5,Mexico,Drama,2020-12-09,0
13793,48,Estandar,763.2,Chile,Comedia,2020-06-02,1
13794,43,Basico,685.2,Peru,Crimen,2018-06-13,2
13795,32,Basico,471.0,Uruguay,Accion,2022-02-14,2
13796,34,Basico,360.8,Peru,Thriller,2022-06-19,1
13797,21,Basico,895.7,Uruguay,Comedia,2023-09-07,1
13798,43,Estandar,926.8,Uruguay,Accion,2021-03-19,1
13799,20,Estandar,844.9,Brasil,Crimen,2022-02-14,2
13800,13,Estandar,186.1,Peru,Accion,2025-12-28,2
13801,60,Estandar,1028.2,Mexico,Comedia,2023-08-15,0
13802,33,Basico,482.4,Peru,Comedia,2022-08-29,1
13803,33,Basico,328.4,Brasil,Documental,2022-10-01,0
13804,42,Basico,502.3,Mexico,Drama,2025-11-14,0
13805,17,Estandar,847.2,Chile,Drama,2022-07-06,0
13806,27,Estandar,607.7,Colombia,Accion,2018-12-04,2
13807,23,Basico,639.2,Argentina,Drama,2025-03-08,0
13808,47,Basico,1196.9,Argentina,Crimen,2024-01-07,2
13809,44,Basico,658.6,Colombia,Drama,2024-01-12,0
13810,46,Basico,816.3,Colombia,Accion,2024-11-28,2
13811,32,Premium,1540.7,Argentina,Romance,2019-09-18,2
13812,38,Basico,536.6,Argentina,Romance,2021-02-10,1
13813,61,Estandar,1131.5,Argentina,Crimen,2018-12-09,3
13814,55,Premium,560.1,Chile,Comedia,2021-06-23,1
13815,31,Estandar,1349.3,Chile,Documental,2018-11-20,2
13816,17,Basico,603.7,Argentina,Accion,2023-09-26,0
13817,25,Premium,1127.0,Brasil,Documental,2020-04-12,1
13818,53,Basico,573.5,Peru,Romance,2019-09-29,1
13819,34,Estandar,685.6,Chile,Accion,2024-01-07,0
13820,13,Basico,1122.0,Argentina,Crimen,2021-08-31,0
13821,38,Estandar,682.0,Colombia,Thriller,2022-05-20,0
13822,42,Premium,1554.2,Peru,Accion,2024-07-30,0
13823,20,Estandar,716.2,Chile,Crimen,2025-02-11,0
13824,32,Basico,622.8,Peru,Crimen,2025-04-15,0
13825,42,Basico,676.2,Brasil,Romance,2025-08-21,0
13826,33,Basico,474.3,Peru,Documental,2025-03-19,2
13827,39,Estandar,1480.6,Argentina,Romance,2018-09-28,1
13828,28,Basico,17.7,Argentina,Drama,2021-06-24,0
13829,28,Basico,333.5,Chile,Thriller,2025-11-01,1
13830,45,Premium,1086.0,Brasil,Accion,2022-11-27,1
13831,36,Basico,1028.0,Argentina,Drama,2020-09-04,1
13832,13,Basico,951.6,Argentina,Drama,2018-08-26,0
13833,36,Estandar,629.6,Uruguay,Romance,2020-09-28,0
13834,13,Estandar,979.2,Argentina,Thriller,2018-12-20,0
13835,28,Estandar,852.3,Argentina,Crimen,2022-11-15,0
13836,27,Basico,622.1,Peru,Comedia,2019-04-21,1
13837,40,Estandar,731.9,Argentina,Accion,2023-02-01,0
13838,67,Basico,864.2,Argentina,Documental,2024-11-12,0
13839,21,Premium,1659.9,Uruguay,Crimen,2024-10-29,1
13840,32,Basico,407.4,Brasil,Romance,2018-08-14,2
13841,35,Estandar,275.4,Peru,Romance,2021-06-20,0
13842,27,Basico,182.3,Chile,Drama,2025-06-21,0
13843,29,Premium,1307.0,Uruguay,Comedia,2025-05-19,1
13844,14,Basico,760.9,Mexico,Crimen,2019-12-21,1
13845,13,Estandar,519.3,Chile,Drama,2019-05-05,0
13846,13,Estandar,501.3,Peru,Documental,2018-02-21,1
13847,41,Estandar,885.2,Mexico,Romance,2025-12-09,1
13848,38,Estandar,1027.3,Uruguay,Comedia,2019-07-17,0
13849,29,Basico,558.6,Argentina,Thriller,2025-11-13,0
13850,44,Estandar,999.4,Colombia,Accion,2022-02-14,2
13851,42,Estandar,714.1,Brasil,Comedia,2019-11-03,1
13852,22,Premium,497.2,Uruguay,Thriller,2023-07-27,1
13853,51,Estandar,686.6,Peru,Documental,2021-11-21,3
13854,33,Basico,1039.4,Mexico,Thriller,2023-11-13,0
13855,36,Basico,906.1,Colombia,Accion,2023-10-20,1
13856,34,Estandar,703.5,Brasil,Romance,2020-11-27,1
13857,63,Estandar,622.6,Brasil,Drama,2019-11-15,2
13858,48,Premium,859.7,Mexico,Comedia,2022-03-04,0
13859,36,Premium,733.0,Uruguay,Documental,2019-06-04,2
13860,22,Basico,834.8,Chile,Romance,2021-01-05,0
13861,40,Basico,1166.0,Chile,Accion,2019-04-29,1
13862,27,Estandar,1237.8,Argentina,Comedia,2018-05-01,1
13863,25,Basico,852.6,Mexico,Thriller,2021-10-04,0
13864,28,Basico,773.7,Brasil,Romance,2022-10-25,1
13865,35,Estandar,310.7,Brasil,Accion,2021-01-19,1
13866,35,Basico,234.9,Uruguay,Thriller,2023-11-16,0
13867,24,Premium,1453.7,Uruguay,Crimen,2018-09-19,1
13868,35,Basico,1023.9,Brasil,Drama,2020-12-13,0
13869,23,Estandar,1144.0,Argentina,Crimen,2025-12-27,0
13870,25,Basico,508.7,Colombia,Crimen,2024-06-19,2
13871,15,Basico,606.8,Peru,Documental,2025-01-14,2
13872,20,Premium,956.8,Peru,Comedia,2022-02-14,2
13873,27,Premium,1187.1,Peru,Crimen,2023-07-26,3
13874,28,Basico,664.3,Peru,Romance,2023-02-08,2
13875,39,Basico,594.6,Chile,Romance,2023-09-24,1
13876,28,Basico,3628.4,Brasil,Drama,2022-01-15,0
13877,34,Basico,0.0,Chile,Crimen,2018-08-16,3
13878,14,Basico,572.6,Uruguay,Romance,2023-08-09,2
13879,41,Basico,534.2,Peru,Documental,2024-05-10,0
13880,50,Premium,1130.7,Mexico,Thriller,2019-11-15,0
13881,57,Premium,1123.6,Peru,Thriller,2022-02-15,2
13882,37,Estandar,803.7,Peru,Drama,2019-10-07,1
13883,38,Premium,957.5,Uruguay,Accion,2020-11-10,0
13884,19,Basico,281.9,Colombia,Romance,2019-02-26,3
13885,55,Premium,1070.9,Peru,Thriller,2024-06-08,2
13886,33,Basico,612.4,Argentina,Drama,2025-07-24,0
13887,13,Estandar,831.5,Peru,Drama,2019-04-18,0
13888,36,Premium,690.9,Brasil,Drama,2020-07-24,1
13889,36,Premium,1130.7,Mexico,Crimen,2023-09-16,1
13890,32,Estandar,691.9,Peru,Accion,2018-01-11,0
13891,33,Basico,784.5,Chile,Crimen,2018-06-30,2
13892,21,Basico,164.6,Chile,Accion,2018-02-20,1
13893,19,Estandar,564.7,Mexico,Crimen,2022-02-14,2
13894,45,Basico,259.6,Colombia,Comedia,2018-07-08,2
13895,31,Basico,579.8,Brasil,Thriller,2023-04-17,0
13896,46,Basico,609.7,Peru,Romance,2022-01-30,0
13897,39,Estandar,801.0,Uruguay,Crimen,2022-04-18,0
13898,21,Basico,430.6,Uruguay,Accion,2019-09-07,1
13899,41,Premium,843.9,Brasil,Romance,2020-01-04,1
13900,42,Premium,1023.9,Colombia,Romance,2018-05-25,0
13901,40,Basico,418.5,Colombia,Documental,2022-02-14,2
13902,28,Estandar,764.7,Uruguay,Thriller,2025-05-09,0
13903,40,Estandar,806.5,Uruguay,Comedia,2022-09-14,0
13904,42,Estandar,1464.0,Peru,Drama,2020-07-08,0
13905,24,Basico,225.3,Mexico,Crimen,2021-08-11,0
13906,21,Basico,810.2,Argentina,Romance,2020-10-13,1
13907,28,Basico,294.1,Uruguay,Drama,2022-09-01,1
13908,34,Estandar,580.3,Uruguay,Romance,2021-08-03,1
13909,32,Estandar,1061.1,Peru,Romance,2021-01-16,1
13910,53,Basico,849.6,Mexico,Accion,2018-11-16,1
13911,49,Premium,762.5,Uruguay,Crimen,2024-05-30,1
13912,20,Estandar,714.7,Brasil,Romance,2022-03-08,0
13913,28,Basico,1113.5,Peru,Drama,2019-05-05,3
13914,45,Estandar,2913.7,Peru,Romance,2023-08-19,3
13915,36,Estandar,1008.6,Colombia,Accion,2025-07-20,0
13916,45,Basico,465.0,Chile,Accion,2018-08-04,0
13917,44,Premium,517.7,Uruguay,Comedia,2020-01-05,2
13918,35,Premium,867.6,Chile,Accion,2020-07-03,3
13919,28,Basico,999.5,Peru,Accion,2023-10-14,0
13920,23,Basico,388.0,Chile,Comedia,2018-07-08,1
13921,53,Basico,616.7,Chile,Crimen,2022-07-01,0
13922,45,Estandar,478.3,Argentina,Drama,2018-10-10,1
13923,53,Premium,1379.1,Mexico,Documental,2023-03-21,1
13924,24,Premium,1050.0,Mexico,Accion,2021-03-02,0
13925,32,Estandar,867.4,Uruguay,Romance,2021-06-26,1
13926,28,Basico,407.2,Chile,Accion,2021-09-02,0
13927,42,Basico,812.9,Uruguay,Comedia,2018-12-20,0
13928,41,Basico,706.1,Mexico,Drama,2024-03-15,2
13929,47,Basico,576.3,Mexico,Comedia,2023-02-14,1
13930,28,Basico,808.4,Colombia,Crimen,2018-02-02,0
13931,37,Basico,364.1,Mexico,Accion,2022-02-20,1
13932,55,Estandar,654.0,Brasil,Thriller,2020-04-01,0
13933,31,Basico,539.2,Argentina,Thriller,2021-04-09,0
13934,28,Basico,273.6,Brasil,Romance,2024-04-28,0
13935,13,Estandar,1077.1,Mexico,Thriller,2021-05-29,1
13936,34,Basico,579.8,Colombia,Romance,2024-12-25,2
13937,14,Basico,521.9,Brasil,Romance,2020-09-20,0
13938,47,Basico,918.8,Chile,Romance,2023-03-16,0
13939,52,Estandar,633.5,Brasil,Romance,2022-02-17,0
13940,39,Basico,195.3,Brasil,Documental,2024-08-20,1
13941,34,Estandar,1268.8,Brasil,Romance,2023-07-14,0
13942,37,Estandar,791.5,Colombia,Crimen,2020-03-11,0
13943,30,Basico,997.3,Peru,Drama,2024-02-17,2
13944,20,Basico,179.0,Peru,Accion,2020-10-01,0
13945,13,Estandar,572.7,Peru,Documental,2019-09-09,1
13946,30,Basico,384.8,Argentina,Comedia,2018-01-27,1
13947,32,Estandar,872.7,Colombia,Crimen,2022-08-07,0
13948,44,Basico,0.0,Colombia,Accion,2018-04-08,2
13949,32,Basico,871.5,Brasil,Crimen,2020-08-12,0
13950,52,Basico,1047.2,Peru,Documental,2024-01-28,2
13951,24,Basico,825.8,Colombia,Comedia,2021-11-19,0
13952,31,Basico,3628.4,Brasil,Thriller,2025-02-17,1
13953,36,Estandar,1248.3,Chile,Crimen,2025-10-11,0
13954,38,Estandar,704.5,Argentina,Accion,2018-02-09,1
13955,13,Basico,720.8,Mexico,Thriller,2021-10-04,1
13956,36,Basico,0.0,Uruguay,Crimen,2018-01-06,0
13957,39,Basico,257.8,Brasil,Romance,2025-05-16,1
13958,43,Premium,1517.6,Uruguay,Documental,2022-03-22,1
13959,30,Estandar,825.4,Peru,Romance,2021-06-13,1
13960,22,Estandar,1528.0,Brasil,Accion,2019-03-02,1
13961,13,Estandar,972.9,Brasil,Documental,2020-04-20,0
13962,28,Estandar,991.2,Uruguay,Thriller,2023-12-11,0
13963,30,Premium,1113.2,Brasil,Accion,2020-09-02,1
13964,21,Basico,426.7,Mexico,Romance,2022-09-16,2
13965,35,Estandar,850.1,Colombia,Documental,2023-07-09,0
13966,43,Estandar,1305.3,Mexico,Accion,2018-09-03,0
13967,26,Premium,1126.1,Chile,Documental,2019-08-07,0
13968,42,Estandar,1061.1,Uruguay,Drama,2025-12-24,1
13969,34,Basico,233.3,Argentina,Documental,2021-02-20,0
13970,28,Estandar,834.9,Peru,Crimen,2019-01-17,1
13971,44,Estandar,349.0,Brasil,Documental,2018-06-29,0
13972,48,Estandar,338.0,Brasil,Crimen,2020-08-06,2
13973,35,Premium,1450.6,Colombia,Accion,2023-10-30,1
13974,38,Basico,2789.7,Mexico,Comedia,2022-08-19,2
13975,49,Basico,480.4,Colombia,Documental,2025-11-10,1
13976,20,Premium,963.2,Chile,Thriller,2022-03-06,2
13977,30,Estandar,1232.5,Argentina,Documental,2023-02-21,1
13978,29,Premium,783.6,Uruguay,Romance,2018-12-14,1
13979,51,Basico,171.4,Peru,Accion,2024-07-06,1
13980,40,Premium,3628.4,Chile,Drama,2019-01-27,1
13981,13,Premium,1245.1,Uruguay,Crimen,2023-09-02,2
13982,29,Basico,804.5,Chile,Comedia,2019-01-07,0
13983,24,Estandar,995.9,Mexico,Thriller,2025-02-23,0
13984,57,Basico,532.8,Colombia,Accion,2022-04-06,1
13985,24,Basico,3375.4,Mexico,Thriller,2018-11-03,1
13986,28,Estandar,451.1,Mexico,Crimen,2022-02-14,2
13987,24,Premium,909.1,Colombia,Drama,2024-05-14,0
13988,39,Basico,701.3,Uruguay,Thriller,2018-09-13,1
13989,36,Premium,1356.3,Chile,Documental,2022-11-17,0
13990,30,Basico,931.5,Colombia,Thriller,2025-06-06,2
13991,39,Basico,411.9,Brasil,Accion,2022-02-14,3
13992,36,Basico,428.2,Colombia,Romance,2020-08-27,0
13993,24,Premium,1119.3,Uruguay,Comedia,2021-04-09,0
13994,28,Premium,1128.4,Colombia,Comedia,2020-12-05,0
13995,14,Basico,780.8,Mexico,Crimen,2021-07-14,0
13996,28,Premium,1408.4,Colombia,Documental,2022-05-29,1
13997,43,Premium,1312.0,Peru,Documental,2025-11-10,0
13998,13,Estandar,960.1,Mexico,Accion,2021-08-29,1
13999,39,Basico,752.4,Chile,Crimen,2021-07-26,0
14000,38,Basico,428.5,Uruguay,Crimen,2023-01-29,1
14001,31,Premium,1269.7,Mexico,Accion,2021-01-18,3
14002,41,Basico,829.4,Peru,Documental,2020-08-14,1
14003,56,Estandar,411.2,Chile,Crimen,2018-11-02,0
14004,42,Basico,627.9,Mexico,Documental,2020-04-10,0
14005,35,Basico,367.9,Brasil,Accion,2019-07-12,1
14006,43,Basico,497.2,Colombia,Documental,2024-07-22,3
14007,36,Basico,855.4,Mexico,Accion,2019-03-23,1
14008,37,Estandar,1180.0,Mexico,Accion,2019-09-29,0
14009,37,Premium,1017.6,Chile,Thriller,2019-03-09,1
14010,13,Premium,826.8,Chile,Crimen,2019-11-05,0
14011,27,Estandar,1291.7,Peru,Accion,2023-01-16,1
14012,32,Estandar,730.4,Colombia,Thriller,2023-03-24,0
14013,37,Premium,1252.7,Peru,Romance,2021-07-10,1
14014,15,Basico,852.1,Colombia,Comedia,2022-07-24,0
14015,29,Basico,689.9,Colombia,Crimen,2019-05-10,0
14016,40,Estandar,1041.0,Colombia,Romance,2024-01-05,0
14017,34,Premium,613.8,Argentina,Thriller,2022-01-07,1
14018,16,Premium,1454.6,Colombia,Drama,2022-02-14,2
14019,46,Premium,962.0,Brasil,Documental,2023-01-26,0
14020,58,Estandar,678.6,Peru,Documental,2021-06-16,3
14021,44,Estandar,935.3,Peru,Drama,2023-03-13,0
14022,38,Basico,534.2,Brasil,Drama,2020-12-21,0
14023,38,Basico,607.7,Argentina,Crimen,2019-05-07,1
14024,25,Premium,1058.3,Peru,Drama,2019-01-06,0
14025,68,Basico,737.6,Chile,Crimen,2019-10-08,1
14026,24,Basico,436.7,Chile,Documental,2025-09-11,0
14027,33,Basico,928.0,Peru,Comedia,2021-05-31,1
14028,27,Premium,1275.8,Brasil,Romance,2025-11-26,0
14029,30,Basico,597.8,Brasil,Romance,2025-10-25,0
14030,25,Estandar,553.4,Uruguay,Romance,2024-10-07,1
14031,48,Basico,709.9,Uruguay,Documental,2018-06-15,1
14032,34,Estandar,516.1,Colombia,Thriller,2020-05-30,1
14033,15,Estandar,717.4,Chile,Documental,2021-09-04,0
14034,31,Basico,423.6,Peru,Accion,2019-08-31,2
14035,27,Basico,396.6,Uruguay,Romance,2019-01-09,1
14036,34,Estandar,891.3,Chile,Thriller,2025-12-22,0
14037,50,Basico,670.1,Uruguay,Accion,2022-02-14,4
14038,19,Basico,201.2,Peru,Documental,2021-12-28,1
14039,42,Estandar,975.6,Peru,Documental,2022-06-12,3
14040,38,Estandar,1177.3,Uruguay,Comedia,2023-10-05,0
14041,34,Estandar,334.3,Brasil,Thriller,2018-07-20,1
14042,48,Basico,678.5,Brasil,Thriller,2025-08-05,1
14043,21,Basico,51.6,Chile,Documental,2021-05-09,0
14044,39,Estandar,970.3,Chile,Documental,2020-01-12,0
14045,55,Estandar,1096.8,Mexico,Drama,2022-02-14,1
14046,47,Premium,1220.1,Brasil,Thriller,2022-02-14,1
14047,28,Estandar,1085.2,Mexico,Documental,2022-07-15,0
14048,31,Basico,705.5,Peru,Documental,2023-01-27,0
14049,32,Basico,529.9,Colombia,Comedia,2022-02-14,2
14050,51,Basico,857.9,Uruguay,Documental,2024-03-03,1
14051,39,Estandar,1694.6,Argentina,Documental,2020-10-20,3
14052,44,Estandar,1237.5,Chile,Crimen,2019-01-23,0
14053,19,Premium,1134.8,Colombia,Drama,2023-08-03,2
14054,43,Estandar,1131.5,Chile,Drama,2019-02-22,0
14055,29,Basico,121.6,Argentina,Drama,2019-07-27,0
14056,29,Basico,1199.3,Colombia,Romance,2019-05-13,0
14057,27,Basico,439.6,Chile,Comedia,2018-02-18,1
14058,24,Estandar,958.7,Uruguay,Drama,2018-09-10,0
14059,13,Estandar,1101.1,Uruguay,Thriller,2020-06-29,0
14060,13,Basico,388.8,Mexico,Documental,2019-06-20,0
14061,46,Basico,22.5,Argentina,Drama,2020-03-22,1
14062,31,Estandar,813.8,Chile,Accion,2022-06-29,1
14063,46,Basico,644.9,Uruguay,Thriller,2022-02-14,2
14064,36,Estandar,597.4,Colombia,Thriller,2022-02-14,2
14065,40,Basico,847.9,Argentina,Accion,2025-01-25,1
14066,43,Estandar,1027.2,Brasil,Crimen,2022-02-14,2
14067,45,Basico,379.4,Peru,Thriller,2018-12-11,0
14068,28,Basico,401.2,Brasil,Documental,2024-07-13,2
14069,42,Estandar,604.2,Mexico,Drama,2024-07-28,0
14070,27,Basico,14.1,Argentina,Crimen,2020-11-26,1
14071,36,Estandar,730.6,Peru,Comedia,2018-11-04,1
14072,57,Premium,1437.0,Mexico,Documental,2018-03-31,0
14073,30,Estandar,615.0,Brasil,Comedia,2018-09-22,1
14074,34,Estandar,1011.5,Brasil,Crimen,2020-03-20,2
14075,13,Basico,957.7,Peru,Thriller,2025-03-30,0
14076,28,Basico,467.8,Colombia,Crimen,2022-12-22,0
14077,30,Premium,1130.7,Mexico,Documental,2019-06-12,0
14078,48,Estandar,982.2,Mexico,Drama,2019-01-12,1
14079,48,Premium,833.0,Chile,Documental,2021-09-20,1
14080,17,Premium,1057.1,Mexico,Thriller,2019-05-17,2
14081,22,Estandar,713.4,Chile,Thriller,2018-06-24,0
14082,33,Basico,578.3,Colombia,Romance,2023-04-03,0
14083,45,Estandar,768.6,Peru,Thriller,2018-07-27,2
14084,41,Estandar,919.6,Uruguay,Comedia,2019-11-20,0
14085,33,Basico,384.5,Argentina,Documental,2024-06-08,1
14086,24,Premium,266.2,Brasil,Thriller,2022-11-10,0
14087,36,Premium,1075.7,Chile,Crimen,2022-06-06,1
14088,49,Basico,552.7,Uruguay,Drama,2023-07-26,0
14089,48,Basico,114.2,Uruguay,Documental,2018-05-01,0
14090,23,Estandar,981.8,Chile,Accion,2022-02-14,2
14091,34,Estandar,807.5,Uruguay,Documental,2025-08-30,0
14092,43,Premium,1203.7,Brasil,Romance,2022-10-14,0
14093,33,Estandar,660.5,Chile,Documental,2019-12-09,1
14094,41,Basico,493.9,Brasil,Crimen,2021-12-20,3
14095,13,Premium,1574.8,Chile,Crimen,2020-05-29,1
14096,30,Basico,996.6,Argentina,Crimen,2020-02-06,1
14097,38,Basico,749.3,Brasil,Documental,2021-01-31,0
14098,56,Premium,776.4,Chile,Documental,2022-02-14,2
14099,56,Basico,553.0,Uruguay,Romance,2023-01-01,2
14100,55,Basico,1268.2,Colombia,Crimen,2019-09-01,1
14101,35,Basico,1070.0,Chile,Accion,2018-05-22,1
14102,52,Basico,904.9,Peru,Documental,2024-11-20,2
14103,50,Basico,271.6,Mexico,Documental,2024-12-11,0
14104,33,Premium,1380.1,Peru,Crimen,2024-12-02,0
14105,21,Basico,633.2,Uruguay,Accion,2020-10-03,1
14106,64,Basico,931.1,Argentina,Comedia,2025-04-05,1
14107,46,Premium,1258.7,Uruguay,Romance,2021-04-23,0
14108,31,Estandar,139.4,Argentina,Romance,2023-08-06,0
14109,28,Basico,383.2,Mexico,Drama,2022-08-15,0
14110,39,Estandar,500.1,Peru,Drama,2024-03-05,1
14111,34,Estandar,1334.1,Chile,Crimen,2023-05-17,1
14112,41,Estandar,839.1,Brasil,Thriller,2018-09-07,1
14113,40,Basico,661.2,Uruguay,Accion,2018-12-26,0
14114,35,Estandar,1182.7,Uruguay,Drama,2021-02-19,0
14115,56,Basico,280.7,Chile,Accion,2022-04-18,0
14116,13,Estandar,634.1,Peru,Comedia,2019-07-17,1
14117,13,Basico,2505.3,Chile,Crimen,2022-09-14,0
14118,17,Estandar,1048.3,Colombia,Accion,2020-03-27,2
14119,35,Estandar,1101.4,Uruguay,Accion,2025-03-17,2
14120,38,Estandar,976.6,Peru,Crimen,2023-11-24,1
14121,13,Estandar,752.7,Mexico,Drama,2020-10-17,1
14122,43,Estandar,658.5,Uruguay,Drama,2025-01-27,1
14123,34,Estandar,983.2,Brasil,Drama,2024-02-05,2
14124,34,Basico,654.3,Colombia,Comedia,2018-03-21,1
14125,54,Estandar,778.0,Argentina,Crimen,2022-04-16,1
14126,27,Basico,463.6,Peru,Comedia,2025-12-31,0
14127,43,Basico,181.8,Mexico,Romance,2022-02-14,2
14128,14,Premium,1085.7,Colombia,Crimen,2023-05-19,0
14129,45,Estandar,213.6,Argentina,Documental,2024-02-09,2
14130,37,Estandar,478.7,Brasil,Documental,2023-06-09,0
14131,56,Estandar,386.4,Brasil,Comedia,2021-11-10,0
14132,21,Basico,604.5,Uruguay,Accion,2024-05-05,0
14133,47,Estandar,514.7,Uruguay,Accion,2023-08-20,0
14134,32,Basico,0.0,Chile,Drama,2021-08-10,3
14135,33,Basico,134.9,Colombia,Comedia,2022-05-10,1
14136,26,Basico,622.9,Peru,Comedia,2021-01-12,0
14137,44,Basico,557.4,Colombia,Thriller,2020-01-07,0
14138,30,Estandar,1192.0,Argentina,Thriller,2022-02-14,2
14139,34,Estandar,466.8,Colombia,Romance,2021-07-30,0
14140,30,Basico,729.5,Argentina,Comedia,2024-09-11,0
14141,55,Basico,263.3,Peru,Comedia,2020-06-16,2
14142,48,Estandar,1081.3,Colombia,Drama,2018-05-01,0
14143,40,Estandar,1003.1,Peru,Comedia,2021-02-24,2
14144,38,Premium,731.4,Colombia,Documental,2018-08-28,1
14145,53,Estandar,1213.0,Peru,Romance,2023-04-17,0
14146,32,Estandar,862.3,Peru,Thriller,2023-12-09,5
14147,43,Basico,1307.8,Brasil,Drama,2022-01-04,1
14148,29,Basico,582.6,Brasil,Drama,2024-07-20,1
14149,42,Basico,287.6,Chile,Thriller,2020-08-11,0
14150,44,Basico,0.0,Uruguay,Thriller,2019-10-16,4
14151,43,Estandar,1491.5,Argentina,Drama,2019-02-15,0
14152,41,Premium,1375.2,Mexico,Drama,2022-02-14,2
14153,31,Estandar,681.5,Brasil,Drama,2025-05-14,0
14154,24,Estandar,401.3,Brasil,Romance,2020-09-14,2
14155,47,Basico,523.9,Chile,Thriller,2020-12-27,1
14156,34,Estandar,1138.1,Uruguay,Romance,2023-12-26,0
14157,42,Premium,1057.1,Peru,Thriller,2018-08-18,3
14158,38,Estandar,715.4,Colombia,Romance,2020-06-17,0
14159,27,Estandar,486.8,Chile,Thriller,2024-06-16,1
14160,49,Estandar,1161.7,Brasil,Crimen,2022-05-10,0
14161,32,Estandar,835.4,Chile,Drama,2022-02-14,2
14162,42,Estandar,985.5,Mexico,Documental,2022-02-14,2
14163,31,Premium,494.4,Mexico,Thriller,2019-12-23,0
14164,30,Estandar,1028.5,Argentina,Comedia,2020-08-26,3
14165,27,Estandar,548.6,Uruguay,Crimen,2024-08-23,1
14166,15,Estandar,612.5,Peru,Crimen,2021-07-26,5
14167,43,Estandar,840.5,Mexico,Thriller,2025-10-28,0
14168,27,Basico,200.6,Argentina,Drama,2022-01-09,0
14169,25,Premium,833.8,Peru,Crimen,2024-08-20,0
14170,58,Estandar,986.0,Peru,Thriller,2018-04-26,0
14171,50,Premium,981.3,Colombia,Documental,2025-11-21,0
14172,43,Estandar,649.1,Brasil,Accion,2025-11-09,0
14173,55,Basico,450.9,Uruguay,Accion,2022-02-14,2
14174,44,Estandar,1108.6,Colombia,Documental,2024-05-14,2
14175,59,Basico,862.8,Uruguay,Thriller,2024-04-27,0
14176,27,Estandar,776.1,Peru,Crimen,2019-08-06,1
14177,52,Estandar,953.6,Mexico,Drama,2024-04-25,0
14178,35,Estandar,1006.0,Uruguay,Romance,2020-02-11,0
14179,34,Premium,1255.4,Brasil,Comedia,2023-07-10,1
14180,48,Basico,999.6,Argentina,Romance,2024-01-30,1
14181,45,Estandar,1107.2,Uruguay,Thriller,2021-06-19,0
14182,21,Basico,740.3,Colombia,Comedia,2019-12-21,1
14183,37,Basico,711.7,Chile,Crimen,2022-02-14,2
14184,30,Basico,415.2,Colombia,Crimen,2018-06-05,0
14185,24,Estandar,541.7,Brasil,Drama,2019-01-05,2
14186,24,Basico,555.9,Uruguay,Thriller,2018-08-19,0
14187,13,Estandar,1299.3,Mexico,Accion,2020-08-10,2
14188,53,Basico,216.8,Mexico,Accion,2024-09-30,3
14189,53,Estandar,110.8,Uruguay,Accion,2020-06-15,5
14190,36,Estandar,966.8,Brasil,Drama,2018-03-23,0
14191,34,Basico,299.0,Uruguay,Documental,2023-11-27,1
14192,23,Premium,658.5,Peru,Documental,2023-05-12,1
14193,28,Basico,658.3,Brasil,Crimen,2018-01-03,0
14194,35,Basico,440.5,Mexico,Crimen,2021-09-20,0
14195,34,Basico,893.6,Colombia,Crimen,2024-11-20,0
14196,52,Estandar,230.0,Brasil,Thriller,2020-04-05,1
14197,40,Basico,555.8,Chile,Thriller,2019-06-19,1
14198,27,Premium,1080.3,Peru,Drama,2021-10-27,1
14199,56,Premium,957.9,Brasil,Romance,2022-02-14,3
14200,34,Basico,501.1,Colombia,Accion,2021-08-18,0
14201,59,Estandar,820.3,Chile,Crimen,2018-09-01,2
14202,29,Estandar,1204.9,Chile,Romance,2018-03-31,1
14203,21,Basico,506.4,Argentina,Drama,2019-08-29,1
14204,31,Basico,416.1,Peru,Drama,2024-07-30,1
14205,33,Premium,1259.9,Argentina,Accion,2025-11-26,0
14206,45,Basico,629.8,Colombia,Documental,2019-08-04,0
14207,25,Estandar,830.8,Uruguay,Thriller,2019-03-31,0
14208,13,Premium,1022.1,Chile,Accion,2023-11-26,1
14209,41,Estandar,491.3,Chile,Thriller,2022-02-03,0
14210,27,Estandar,1099.3,Brasil,Accion,2018-10-25,1
14211,19,Estandar,1060.2,Mexico,Comedia,2022-03-11,4
14212,16,Premium,997.3,Colombia,Romance,2025-11-25,2
14213,29,Premium,1191.4,Argentina,Romance,2025-06-05,1
14214,26,Basico,145.8,Colombia,Thriller,2022-06-09,3
14215,22,Basico,273.6,Mexico,Drama,2024-07-28,0
14216,33,Estandar,1041.3,Argentina,Accion,2019-02-18,0
14217,19,Basico,1047.0,Mexico,Comedia,2021-10-10,0
14218,42,Estandar,864.0,Brasil,Comedia,2021-05-21,0
14219,21,Basico,636.0,Mexico,Romance,2021-08-14,0
14220,31,Premium,928.2,Peru,Drama,2022-02-14,2
14221,35,Basico,525.7,Uruguay,Crimen,2019-10-08,1
14222,29,Premium,662.8,Argentina,Documental,2022-11-25,1
14223,31,Premium,1134.4,Brasil,Thriller,2025-03-03,1
14224,38,Basico,841.1,Mexico,Thriller,2023-06-19,0
14225,47,Estandar,725.0,Uruguay,Documental,2025-04-13,0
14226,40,Estandar,1615.0,Peru,Comedia,2021-07-23,1
14227,38,Basico,518.2,Chile,Romance,2019-12-15,0
14228,65,Basico,985.3,Chile,Accion,2025-12-06,1
14229,47,Basico,724.8,Mexico,Crimen,2024-04-20,0
14230,35,Basico,493.7,Chile,Comedia,2025-10-11,2
14231,23,Estandar,689.7,Chile,Comedia,2024-11-18,5
14232,36,Basico,451.8,Brasil,Documental,2022-01-01,1
14233,33,Estandar,587.1,Chile,Comedia,2020-07-03,2
14234,47,Basico,1073.8,Brasil,Thriller,2025-06-19,4
14235,13,Premium,1226.9,Mexico,Crimen,2024-08-09,0
14236,25,Basico,507.7,Brasil,Drama,2019-12-20,0
14237,26,Basico,400.3,Chile,Romance,2022-03-30,1
14238,38,Estandar,575.5,Uruguay,Drama,2021-06-10,0
14239,29,Basico,453.0,Chile,Romance,2025-09-21,0
14240,33,Estandar,826.9,Argentina,Documental,2021-04-21,1
14241,15,Basico,149.5,Brasil,Romance,2019-06-06,0
14242,56,Basico,1134.0,Mexico,Crimen,2019-12-29,0
14243,17,Estandar,1144.6,Argentina,Accion,2022-02-14,2
14244,28,Basico,531.6,Brasil,Drama,2025-11-15,1
14245,36,Estandar,720.0,Brasil,Accion,2024-06-04,1
14246,36,Estandar,378.9,Mexico,Crimen,2022-05-23,1
14247,36,Estandar,822.0,Argentina,Drama,2024-05-13,1
14248,33,Estandar,700.4,Uruguay,Comedia,2018-05-13,1
14249,21,Basico,1055.5,Brasil,Comedia,2020-01-16,0
14250,62,Basico,664.5,Chile,Crimen,2024-10-03,0
14251,30,Estandar,372.2,Uruguay,Drama,2021-07-27,1
14252,29,Premium,1158.2,Colombia,Accion,2024-11-09,0
14253,31,Estandar,994.6,Mexico,Crimen,2020-06-23,4
14254,45,Estandar,397.9,Peru,Thriller,2025-03-04,0
14255,45,Basico,0.0,Mexico,Drama,2024-05-05,5
14256,26,Premium,1058.5,Uruguay,Thriller,2019-03-03,2
14257,23,Basico,887.0,Mexico,Comedia,2023-07-26,0
14258,49,Basico,974.9,Peru,Documental,2019-07-31,1
14259,53,Basico,346.1,Uruguay,Drama,2021-09-18,0
14260,40,Estandar,2880.5,Uruguay,Accion,2018-11-15,0
14261,36,Basico,607.4,Peru,Romance,2020-09-01,1
14262,29,Basico,380.5,Peru,Documental,2021-11-21,1
14263,24,Basico,558.1,Argentina,Comedia,2021-01-08,0
14264,32,Basico,369.9,Uruguay,Documental,2019-11-19,1
14265,25,Estandar,250.7,Brasil,Crimen,2025-02-18,0
14266,34,Basico,300.5,Mexico,Documental,2018-12-30,1
14267,20,Estandar,1265.2,Brasil,Documental,2025-12-13,0
14268,18,Basico,1035.6,Brasil,Drama,2025-07-07,0
14269,25,Estandar,1096.3,Argentina,Thriller,2025-03-02,0
14270,23,Estandar,1177.3,Colombia,Romance,2021-07-10,0
14271,33,Basico,253.8,Peru,Comedia,2023-01-04,2
14272,32,Basico,1127.7,Peru,Documental,2018-02-16,1
14273,49,Basico,1001.6,Mexico,Accion,2020-12-22,1
14274,61,Basico,722.5,Brasil,Comedia,2020-05-08,1
14275,26,Premium,887.0,Chile,Documental,2022-02-14,2
14276,13,Basico,1121.2,Argentina,Accion,2025-10-10,2
14277,36,Premium,1068.4,Peru,Accion,2018-10-05,0
14278,16,Basico,3577.0,Colombia,Romance,2021-12-06,0
14279,32,Basico,295.8,Mexico,Thriller,2020-11-17,3
14280,34,Estandar,151.2,Argentina,Accion,2019-03-19,0
14281,23,Premium,1280.3,Mexico,Romance,2022-02-14,1
14282,47,Estandar,1189.9,Peru,Drama,2018-07-17,0
14283,44,Basico,297.0,Chile,Accion,2022-04-30,0
14284,37,Premium,952.0,Brasil,Comedia,2022-11-30,2
14285,35,Basico,468.7,Mexico,Documental,2022-09-15,0
14286,20,Basico,174.0,Brasil,Crimen,2019-11-13,0
14287,26,Premium,1384.0,Brasil,Crimen,2022-08-23,2
14288,28,Basico,838.7,Brasil,Romance,2023-07-13,0
14289,46,Basico,502.5,Peru,Drama,2022-04-01,4
14290,53,Basico,968.5,Peru,Accion,2021-12-09,1
14291,34,Basico,722.3,Brasil,Documental,2024-02-15,0
14292,27,Premium,1067.0,Chile,Romance,2022-03-18,1
14293,36,Estandar,1105.6,Brasil,Drama,2022-02-14,4
14294,22,Basico,612.3,Peru,Crimen,2023-05-18,2
14295,28,Premium,298.9,Peru,Accion,2024-06-25,0
14296,32,Basico,243.6,Mexico,Crimen,2025-04-20,1
14297,40,Estandar,906.3,Peru,Comedia,2025-09-15,0
14298,29,Basico,136.8,Brasil,Documental,2020-07-12,1
14299,18,Basico,243.0,Colombia,Comedia,2019-10-29,0
14300,44,Estandar,946.6,Chile,Accion,2023-01-23,0
14301,33,Basico,539.9,Uruguay,Crimen,2018-10-29,1
14302,36,Estandar,539.6,Chile,Romance,2018-05-17,0
14303,35,Basico,1286.4,Uruguay,Crimen,2021-04-22,2
14304,44,Basico,790.8,Argentina,Crimen,2018-03-24,2
14305,49,Basico,1219.2,Argentina,Crimen,2021-07-29,1
14306,41,Premium,811.1,Uruguay,Accion,2020-12-05,1
14307,39,Estandar,883.5,Colombia,Crimen,2019-03-05,2
14308,13,Estandar,806.4,Colombia,Drama,2018-10-31,1
14309,34,Estandar,1094.6,Colombia,Drama,2022-02-14,2
14310,27,Estandar,834.9,Peru,Crimen,2019-11-28,0
14311,22,Estandar,1119.2,Uruguay,Comedia,2022-03-18,1
14312,48,Basico,762.9,Colombia,Comedia,2019-10-22,1
14313,54,Basico,109.2,Peru,Romance,2018-11-04,0
14314,53,Premium,1396.7,Colombia,Thriller,2022-02-14,3
14315,27,Premium,1350.0,Chile,Crimen,2019-01-17,0
14316,30,Basico,432.5,Chile,Crimen,2021-10-16,1
14317,42,Basico,287.9,Colombia,Crimen,2024-08-30,0
14318,19,Basico,688.7,Brasil,Romance,2024-11-18,0
14319,34,Premium,1252.3,Peru,Drama,2023-06-01,0
14320,47,Estandar,1116.9,Peru,Accion,2025-11-25,3
14321,20,Premium,998.6,Peru,Comedia,2018-05-07,0
14322,45,Basico,931.1,Mexico,Accion,2022-11-02,0
14323,32,Premium,1444.5,Brasil,Comedia,2025-01-05,1
14324,46,Premium,3628.4,Mexico,Drama,2019-11-07,1
14325,35,Basico,217.3,Peru,Comedia,2024-10-23,0
14326,34,Estandar,551.3,Peru,Documental,2022-11-14,2
14327,46,Estandar,859.9,Argentina,Romance,2019-10-06,0
14328,45,Estandar,1267.8,Argentina,Documental,2022-02-14,2
14329,36,Premium,841.1,Mexico,Accion,2019-02-19,0
14330,32,Estandar,1136.6,Chile,Accion,2021-09-18,0
14331,36,Basico,851.0,Mexico,Crimen,2020-04-21,1
14332,57,Basico,883.7,Colombia,Comedia,2020-02-18,0
14333,25,Premium,1291.8,Uruguay,Drama,2022-08-04,0
14334,35,Estandar,1072.3,Argentina,Comedia,2025-10-26,0
14335,27,Estandar,582.7,Brasil,Drama,2024-03-19,1
14336,29,Basico,598.9,Mexico,Documental,2024-01-22,2
14337,37,Premium,1209.1,Chile,Thriller,2020-12-22,0
14338,21,Estandar,364.1,Colombia,Romance,2025-05-29,0
14339,29,Premium,1251.7,Chile,Documental,2021-02-27,1
14340,13,Estandar,719.5,Mexico,Comedia,2021-05-03,0
14341,37,Basico,380.1,Argentina,Accion,2020-08-30,0
14342,32,Basico,606.7,Uruguay,Drama,2019-01-28,1
14343,46,Premium,832.5,Peru,Comedia,2018-07-23,0
14344,27,Premium,1085.4,Mexico,Comedia,2022-05-29,1
14345,50,Premium,1085.7,Colombia,Documental,2024-05-30,0
14346,16,Premium,3628.4,Peru,Thriller,2024-03-01,1
14347,25,Premium,719.5,Chile,Drama,2023-07-04,2
14348,21,Basico,573.3,Mexico,Drama,2019-09-22,2
14349,36,Premium,1234.4,Brasil,Drama,2018-08-12,0
14350,32,Estandar,647.3,Uruguay,Drama,2022-01-17,0
14351,29,Premium,1425.7,Argentina,Accion,2018-01-16,0
14352,39,Basico,421.8,Colombia,Thriller,2022-10-18,1
14353,13,Basico,875.4,Mexico,Documental,2018-12-25,1
14354,45,Basico,606.1,Colombia,Thriller,2021-04-21,0
14355,38,Basico,658.3,Peru,Comedia,2025-06-04,0
14356,37,Premium,810.2,Brasil,Accion,2025-01-04,0
14357,22,Estandar,911.9,Brasil,Crimen,2024-09-24,0
14358,43,Estandar,840.0,Brasil,Drama,2023-05-22,0
14359,44,Basico,702.6,Uruguay,Documental,2020-03-28,1
14360,25,Estandar,931.6,Chile,Romance,2019-02-02,0
14361,25,Basico,1195.9,Chile,Comedia,2018-04-16,1
14362,32,Basico,197.1,Mexico,Documental,2020-04-27,3
14363,34,Estandar,1057.4,Brasil,Romance,2019-12-01,2
14364,44,Basico,745.1,Brasil,Crimen,2025-02-27,0
14365,29,Basico,765.7,Colombia,Comedia,2021-04-10,1
14366,46,Estandar,1350.6,Chile,Comedia,2018-12-02,3
14367,59,Estandar,673.0,Chile,Romance,2023-04-24,0
14368,35,Premium,1110.8,Colombia,Comedia,2019-04-19,1
14369,50,Estandar,919.2,Uruguay,Drama,2021-06-17,0
14370,26,Basico,812.6,Argentina,Accion,2022-06-17,0
14371,39,Basico,468.7,Peru,Drama,2022-02-14,2
14372,40,Basico,406.4,Uruguay,Documental,2023-06-27,0
14373,53,Premium,1113.2,Brasil,Accion,2025-05-31,0
14374,36,Estandar,841.0,Brasil,Accion,2020-12-21,1
14375,23,Basico,316.4,Argentina,Comedia,2019-01-09,5
14376,28,Basico,659.9,Chile,Accion,2025-03-14,0
14377,40,Estandar,828.8,Chile,Crimen,2024-02-07,1
14378,20,Basico,330.0,Colombia,Comedia,2022-05-07,1
14379,27,Basico,947.4,Mexico,Comedia,2020-01-28,0
14380,36,Estandar,1024.9,Chile,Drama,2022-02-28,0
14381,31,Estandar,989.7,Chile,Accion,2022-04-12,2
14382,31,Estandar,571.5,Chile,Comedia,2022-02-22,2
14383,47,Basico,364.7,Peru,Drama,2020-02-04,0
14384,33,Basico,368.8,Brasil,Comedia,2022-12-31,1
14385,45,Estandar,720.3,Colombia,Thriller,2018-07-02,0
14386,48,Premium,1277.2,Chile,Romance,2020-12-14,2
14387,55,Basico,529.1,Peru,Crimen,2022-12-07,1
14388,46,Basico,511.3,Brasil,Documental,2023-03-20,1
14389,13,Basico,55.3,Brasil,Accion,2020-12-14,0
14390,26,Basico,176.3,Argentina,Drama,2022-02-14,1
14391,32,Estandar,433.8,Colombia,Thriller,2021-01-05,0
14392,28,Estandar,596.0,Uruguay,Documental,2024-04-30,0
14393,29,Estandar,1275.8,Chile,Thriller,2018-09-10,1
14394,46,Estandar,736.2,Colombia,Thriller,2019-09-12,1
14395,47,Basico,774.2,Chile,Thriller,2025-10-23,0
14396,28,Premium,922.6,Chile,Accion,2025-06-26,1
14397,39,Estandar,334.6,Chile,Drama,2019-02-01,0
14398,33,Basico,34.0,Colombia,Romance,2018-12-18,2
14399,30,Estandar,779.7,Argentina,Romance,2025-06-29,0
14400,13,Estandar,951.3,Colombia,Crimen,2021-11-09,1
14401,23,Basico,481.4,Chile,Thriller,2024-01-27,1
14402,24,Basico,1108.0,Peru,Thriller,2022-08-23,0
14403,35,Estandar,1047.2,Peru,Crimen,2024-08-12,1
14404,39,Basico,686.5,Brasil,Thriller,2020-07-20,0
14405,54,Basico,854.1,Mexico,Crimen,2024-03-17,2
14406,31,Premium,664.5,Peru,Comedia,2018-09-07,0
14407,13,Estandar,707.0,Mexico,Thriller,2022-05-05,0
14408,30,Estandar,1229.3,Colombia,Romance,2023-11-11,2
14409,23,Basico,639.9,Chile,Accion,2022-09-11,1
14410,33,Basico,960.9,Argentina,Crimen,2024-01-03,2
14411,49,Basico,768.8,Chile,Romance,2025-09-15,0
14412,36,Basico,204.6,Brasil,Comedia,2022-02-14,2
14413,16,Basico,986.0,Colombia,Documental,2024-06-03,1
14414,43,Estandar,747.3,Peru,Documental,2020-08-23,1
14415,33,Estandar,1019.2,Uruguay,Documental,2023-05-05,0
14416,23,Basico,468.8,Peru,Crimen,2021-05-09,1
14417,45,Premium,1253.1,Uruguay,Accion,2018-11-20,0
14418,33,Estandar,1243.5,Argentina,Romance,2022-06-06,0
14419,34,Basico,523.4,Peru,Accion,2018-05-23,1
14420,56,Basico,1346.1,Argentina,Drama,2023-08-19,0
14421,47,Basico,395.9,Peru,Comedia,2024-05-28,1
14422,33,Estandar,838.5,Chile,Crimen,2023-10-18,2
14423,25,Basico,588.2,Peru,Drama,2024-05-29,2
14424,13,Estandar,897.7,Argentina,Thriller,2025-08-07,1
14425,29,Estandar,903.2,Chile,Romance,2024-12-15,0
14426,37,Premium,1076.5,Peru,Documental,2019-08-27,1
14427,21,Estandar,925.7,Colombia,Documental,2019-05-08,1
14428,42,Basico,885.9,Uruguay,Comedia,2023-01-14,0
14429,45,Premium,1126.1,Chile,Comedia,2019-12-10,0
14430,44,Estandar,653.5,Argentina,Romance,2019-11-16,1
14431,49,Estandar,620.0,Mexico,Accion,2020-05-17,0
14432,26,Basico,174.2,Colombia,Comedia,2020-02-29,1
14433,13,Estandar,1155.1,Peru,Documental,2019-06-01,1
14434,36,Basico,316.4,Peru,Romance,2018-06-24,1
14435,52,Estandar,820.5,Mexico,Documental,2022-10-01,0
14436,22,Premium,1008.7,Argentina,Thriller,2018-11-17,0
14437,46,Basico,477.9,Mexico,Romance,2025-08-30,1
14438,27,Basico,446.5,Argentina,Documental,2022-02-14,2
14439,17,Premium,665.5,Brasil,Documental,2020-04-07,0
14440,21,Basico,1163.7,Argentina,Accion,2025-01-13,0
14441,21,Basico,1172.2,Mexico,Comedia,2019-08-29,1
14442,33,Basico,355.9,Brasil,Crimen,2024-09-03,3
14443,45,Premium,1199.5,Argentina,Comedia,2020-11-22,1
14444,39,Basico,765.7,Chile,Accion,2021-08-02,0
14445,13,Premium,860.4,Brasil,Thriller,2018-10-02,1
14446,43,Premium,1113.2,Brasil,Crimen,2018-12-23,0
14447,26,Basico,964.5,Mexico,Romance,2022-05-09,2
14448,29,Estandar,1106.3,Colombia,Thriller,2024-03-28,1
14449,54,Basico,1043.8,Peru,Comedia,2022-06-16,2
14450,44,Basico,631.6,Argentina,Comedia,2024-03-11,0
14451,36,Premium,956.2,Brasil,Documental,2021-08-28,0
14452,14,Premium,1213.6,Peru,Romance,2021-02-05,4
14453,22,Estandar,934.7,Peru,Romance,2023-10-30,0
14454,36,Estandar,1149.6,Argentina,Romance,2023-02-20,0
14455,27,Basico,884.1,Peru,Romance,2018-02-20,0
14456,32,Basico,612.9,Colombia,Documental,2025-11-08,1
14457,40,Basico,1165.1,Peru,Thriller,2022-02-14,5
14458,22,Basico,712.4,Peru,Documental,2022-02-14,3
14459,27,Premium,1134.6,Uruguay,Romance,2023-11-11,5
14460,27,Basico,230.8,Peru,Accion,2022-09-15,3
14461,40,Basico,489.0,Colombia,Romance,2019-04-06,0
14462,39,Estandar,1399.3,Colombia,Thriller,2022-08-25,0
14463,30,Estandar,656.2,Argentina,Romance,2019-09-05,1
14464,13,Basico,728.9,Mexico,Drama,2019-08-31,1
14465,44,Estandar,543.6,Argentina,Accion,2024-05-09,1
14466,34,Estandar,840.7,Colombia,Crimen,2022-02-14,2
14467,48,Premium,1377.2,Mexico,Crimen,2024-07-14,1
14468,34,Basico,192.6,Chile,Accion,2019-02-15,1
14469,13,Estandar,1104.6,Brasil,Comedia,2019-03-09,0
14470,30,Basico,856.0,Peru,Comedia,2024-04-23,0
14471,48,Estandar,853.8,Uruguay,Crimen,2019-02-18,0
14472,30,Premium,1473.2,Mexico,Romance,2021-03-17,2
14473,40,Basico,652.8,Mexico,Accion,2024-01-03,2
14474,59,Basico,298.6,Argentina,Romance,2021-11-09,1
14475,38,Basico,368.6,Mexico,Comedia,2022-08-11,1
14476,38,Basico,792.7,Brasil,Thriller,2020-12-17,1
14477,59,Estandar,712.6,Peru,Crimen,2022-04-18,1
14478,44,Estandar,73.8,Chile,Accion,2025-05-06,0
14479,26,Basico,191.7,Argentina,Crimen,2023-06-12,0
14480,27,Estandar,571.9,Chile,Thriller,2024-06-01,1
14481,28,Basico,570.2,Argentina,Crimen,2024-10-30,1
14482,13,Basico,440.5,Peru,Drama,2023-04-22,2
14483,19,Premium,1339.0,Colombia,Documental,2018-06-03,0
14484,60,Estandar,1165.1,Peru,Thriller,2019-12-07,2
14485,22,Premium,932.9,Uruguay,Romance,2021-02-02,0
14486,48,Premium,1111.1,Chile,Drama,2022-07-09,1
14487,17,Estandar,863.4,Chile,Crimen,2019-08-13,1
14488,45,Premium,3628.4,Uruguay,Thriller,2024-12-07,0
14489,40,Basico,3628.4,Brasil,Thriller,2024-10-29,1
14490,38,Premium,922.5,Chile,Crimen,2025-08-20,0
14491,32,Premium,1329.5,Peru,Accion,2025-10-12,0
14492,39,Premium,1450.5,Mexico,Drama,2022-07-04,0
14493,44,Estandar,956.1,Uruguay,Romance,2018-06-08,1
14494,34,Estandar,1103.0,Uruguay,Documental,2022-06-10,0
14495,29,Basico,295.6,Argentina,Comedia,2021-09-19,1
14496,33,Premium,1131.1,Uruguay,Thriller,2025-09-29,1
14497,25,Estandar,773.8,Argentina,Documental,2020-08-31,1
14498,62,Premium,653.6,Chile,Drama,2018-07-21,0
14499,24,Premium,724.6,Mexico,Thriller,2023-05-01,1
14500,26,Estandar,825.4,Colombia,Romance,2021-01-05,1
14501,27,Premium,1346.1,Uruguay,Thriller,2022-03-06,0
14502,38,Basico,0.0,Argentina,Thriller,2018-03-24,1
14503,13,Estandar,779.0,Argentina,Comedia,2021-10-15,0
14504,27,Estandar,482.8,Uruguay,Crimen,2021-05-26,5
14505,17,Basico,0.0,Colombia,Comedia,2021-06-27,0
14506,31,Basico,285.8,Colombia,Drama,2021-02-22,1
14507,59,Premium,713.0,Brasil,Accion,2023-07-07,0
14508,13,Estandar,982.4,Chile,Romance,2025-10-22,1
14509,40,Basico,1030.9,Brasil,Comedia,2025-09-06,1
14510,35,Basico,405.8,Chile,Comedia,2019-02-07,0
14511,22,Estandar,1081.9,Peru,Drama,2020-07-22,0
14512,26,Estandar,1152.0,Brasil,Thriller,2019-07-05,1
14513,34,Basico,475.5,Uruguay,Accion,2021-05-15,0
14514,47,Estandar,1285.1,Argentina,Romance,2022-12-20,0
14515,38,Premium,770.1,Peru,Drama,2021-08-07,1
14516,36,Premium,954.5,Mexico,Accion,2021-01-08,0
14517,22,Basico,1118.4,Brasil,Thriller,2022-09-04,0
14518,17,Basico,320.6,Chile,Documental,2024-10-13,0
14519,15,Estandar,950.4,Peru,Crimen,2025-03-29,0
14520,60,Estandar,887.3,Chile,Thriller,2022-02-14,1
14521,40,Basico,0.0,Peru,Accion,2020-02-09,2
14522,18,Estandar,620.9,Colombia,Documental,2022-12-15,1
14523,16,Estandar,729.2,Mexico,Thriller,2020-05-15,0
14524,13,Premium,821.1,Colombia,Thriller,2022-07-26,2
14525,30,Estandar,1210.8,Colombia,Accion,2023-06-08,1
14526,43,Estandar,670.0,Brasil,Thriller,2023-10-17,1
14527,34,Premium,1130.7,Mexico,Crimen,2022-03-12,0
14528,23,Estandar,799.1,Brasil,Comedia,2018-08-19,0
14529,28,Basico,588.9,Uruguay,Documental,2023-10-12,0
14530,23,Premium,1262.0,Mexico,Crimen,2019-10-14,3
14531,13,Estandar,831.1,Uruguay,Romance,2018-09-26,2
14532,21,Basico,963.0,Argentina,Crimen,2021-06-28,2
14533,33,Basico,832.7,Uruguay,Accion,2025-12-16,2
14534,27,Estandar,589.5,Mexico,Crimen,2023-09-07,0
14535,38,Estandar,1364.9,Mexico,Thriller,2022-07-11,1
14536,48,Premium,743.4,Uruguay,Comedia,2019-07-10,1
14537,18,Basico,453.3,Uruguay,Drama,2023-11-18,1
14538,36,Basico,728.1,Peru,Comedia,2024-05-18,1
14539,13,Estandar,240.8,Uruguay,Comedia,2018-04-29,1
14540,32,Estandar,871.6,Brasil,Drama,2019-12-13,0
14541,30,Premium,1139.7,Mexico,Documental,2020-02-29,0
14542,52,Basico,269.1,Chile,Romance,2020-04-02,1
14543,35,Estandar,314.1,Chile,Crimen,2018-08-25,1
14544,56,Premium,1085.7,Colombia,Comedia,2020-10-18,0
14545,33,Basico,258.2,Colombia,Drama,2018-05-16,0
14546,18,Basico,552.0,Brasil,Thriller,2023-02-13,1
14547,25,Estandar,751.1,Mexico,Comedia,2018-07-27,2
14548,30,Basico,1136.1,Colombia,Drama,2022-01-16,0
14549,22,Estandar,459.9,Mexico,Thriller,2025-11-26,1
14550,34,Basico,539.0,Brasil,Drama,2020-03-26,1
14551,35,Basico,515.8,Argentina,Crimen,2021-01-27,1
14552,30,Basico,1242.3,Peru,Drama,2022-02-17,1
14553,41,Basico,782.5,Chile,Thriller,2023-03-17,1
14554,44,Basico,486.8,Argentina,Thriller,2023-08-31,0
14555,36,Basico,81.6,Peru,Romance,2022-06-14,0
14556,33,Estandar,778.0,Peru,Documental,2022-02-14,3
14557,20,Estandar,1132.3,Chile,Documental,2019-05-23,1
14558,16,Basico,111.6,Brasil,Romance,2025-08-22,0
14559,34,Estandar,900.2,Brasil,Thriller,2022-02-14,2
14560,33,Premium,911.2,Mexico,Accion,2020-09-17,1
14561,21,Basico,199.6,Uruguay,Drama,2022-03-06,0
14562,27,Premium,1484.1,Uruguay,Drama,2023-06-26,0
14563,27,Basico,685.5,Chile,Documental,2024-08-30,0
14564,30,Estandar,1190.6,Mexico,Accion,2023-01-02,1
14565,61,Estandar,908.0,Uruguay,Documental,2019-12-29,0
14566,38,Basico,6.6,Brasil,Crimen,2022-02-14,3
14567,31,Estandar,1080.7,Mexico,Comedia,2024-07-31,2
14568,45,Premium,1268.7,Peru,Romance,2024-03-08,1
14569,23,Basico,928.2,Chile,Documental,2021-12-03,0
14570,28,Premium,1237.1,Uruguay,Drama,2021-11-11,1
14571,32,Basico,554.8,Colombia,Thriller,2019-11-01,0
14572,31,Estandar,781.6,Uruguay,Documental,2020-11-25,2
14573,35,Premium,599.6,Mexico,Thriller,2025-09-22,2
14574,27,Basico,792.2,Mexico,Drama,2019-01-06,1
14575,21,Basico,575.2,Colombia,Accion,2021-03-13,1
14576,35,Premium,1086.0,Uruguay,Drama,2018-04-23,2
14577,48,Basico,849.8,Mexico,Accion,2022-05-03,1
14578,37,Basico,814.4,Brasil,Romance,2018-07-23,0
14579,33,Premium,1085.7,Colombia,Documental,2019-10-30,2
14580,26,Premium,1284.4,Argentina,Drama,2024-06-01,1
14581,37,Estandar,521.7,Brasil,Romance,2020-05-27,0
14582,26,Premium,1177.4,Chile,Accion,2020-06-25,1
14583,34,Premium,954.9,Mexico,Thriller,2025-04-05,0
14584,31,Premium,1119.3,Uruguay,Thriller,2020-07-11,1
14585,45,Estandar,1026.2,Mexico,Comedia,2022-02-14,2
14586,39,Basico,410.5,Mexico,Crimen,2020-04-26,0
14587,35,Estandar,1092.0,Uruguay,Romance,2021-01-07,1
14588,33,Estandar,1072.3,Colombia,Drama,2022-02-14,2
14589,45,Basico,817.4,Peru,Crimen,2022-08-05,0
14590,33,Estandar,98.6,Brasil,Drama,2023-10-04,0
14591,36,Basico,1059.7,Argentina,Drama,2018-03-24,1
14592,26,Basico,553.4,Colombia,Documental,2025-08-26,2
14593,30,Estandar,1028.5,Colombia,Documental,2018-02-06,0
14594,50,Estandar,930.3,Argentina,Thriller,2023-04-26,1
14595,44,Premium,1009.8,Peru,Crimen,2019-06-26,0
14596,24,Basico,426.4,Colombia,Romance,2025-04-05,0
14597,23,Estandar,694.7,Peru,Romance,2019-12-11,0
14598,22,Basico,291.5,Argentina,Romance,2024-09-28,2
14599,13,Basico,350.1,Argentina,Thriller,2018-02-04,2
14600,32,Basico,507.1,Colombia,Romance,2020-07-05,0
14601,31,Estandar,563.2,Peru,Accion,2020-10-30,0
14602,40,Estandar,618.3,Mexico,Comedia,2024-10-27,0
14603,31,Basico,392.5,Chile,Thriller,2021-05-06,0
14604,24,Basico,431.3,Brasil,Crimen,2025-12-29,2
14605,17,Basico,766.5,Uruguay,Romance,2025-12-15,0
14606,58,Estandar,570.1,Peru,Documental,2025-03-17,0
14607,30,Premium,1463.5,Argentina,Comedia,2021-02-01,1
14608,40,Basico,545.3,Colombia,Accion,2022-10-02,0
14609,48,Estandar,296.7,Colombia,Documental,2022-03-23,1
14610,13,Estandar,833.9,Peru,Documental,2021-11-29,0
14611,30,Basico,939.4,Peru,Documental,2023-02-24,0
14612,24,Basico,249.0,Uruguay,Drama,2020-10-29,1
14613,48,Basico,329.5,Argentina,Accion,2020-06-12,0
14614,13,Estandar,950.5,Chile,Romance,2023-03-27,1
14615,38,Basico,482.8,Chile,Crimen,2021-05-22,0
14616,59,Estandar,905.6,Peru,Documental,2022-02-14,2
14617,47,Estandar,740.1,Mexico,Accion,2023-11-03,5
14618,50,Premium,879.6,Mexico,Comedia,2024-12-29,0
14619,47,Estandar,680.2,Peru,Documental,2022-06-15,0
14620,33,Estandar,865.3,Peru,Romance,2022-02-14,3
14621,20,Premium,1415.9,Colombia,Accion,2019-02-24,0
14622,28,Premium,1365.8,Peru,Accion,2018-01-31,0
14623,38,Basico,306.6,Argentina,Documental,2023-09-27,0
14624,49,Estandar,800.2,Peru,Crimen,2025-06-06,2
14625,47,Basico,677.4,Mexico,Crimen,2022-03-13,1
14626,31,Estandar,616.1,Brasil,Crimen,2024-04-18,2
14627,53,Basico,872.0,Uruguay,Crimen,2025-04-05,0
14628,41,Estandar,1290.0,Argentina,Drama,2024-08-29,0
14629,28,Basico,343.3,Colombia,Romance,2024-10-30,1
14630,35,Estandar,732.8,Argentina,Documental,2021-03-03,0
14631,13,Premium,1238.1,Brasil,Drama,2021-05-07,0
14632,18,Estandar,994.8,Brasil,Documental,2025-09-04,0
14633,29,Basico,825.1,Peru,Documental,2022-02-14,3
14634,33,Premium,1119.3,Uruguay,Documental,2023-05-28,2
14635,47,Estandar,383.2,Chile,Documental,2018-09-19,2
14636,50,Premium,1400.5,Colombia,Romance,2021-10-09,0
14637,41,Basico,359.9,Mexico,Accion,2021-02-06,1
14638,35,Basico,332.7,Colombia,Accion,2025-03-08,2
14639,46,Basico,127.4,Argentina,Romance,2021-08-24,0
14640,42,Premium,1262.6,Peru,Thriller,2021-02-08,0
14641,33,Premium,1130.7,Mexico,Thriller,2020-12-05,3
14642,34,Premium,1303.7,Peru,Thriller,2025-05-11,0
14643,13,Estandar,31.9,Chile,Accion,2025-12-22,0
14644,18,Basico,528.4,Brasil,Crimen,2025-04-22,1
14645,20,Basico,3577.4,Peru,Thriller,2021-05-08,1
14646,23,Estandar,824.7,Mexico,Thriller,2020-02-11,1
14647,25,Basico,717.9,Argentina,Romance,2019-09-07,0
14648,53,Basico,356.3,Argentina,Thriller,2023-10-20,0
14649,21,Basico,571.0,Mexico,Thriller,2020-09-11,1
14650,31,Basico,15.1,Brasil,Comedia,2018-08-21,1
14651,25,Estandar,663.4,Chile,Accion,2024-09-23,1
14652,13,Estandar,615.9,Peru,Crimen,2022-07-14,1
14653,18,Estandar,517.5,Peru,Drama,2025-05-29,1
14654,21,Basico,386.5,Peru,Drama,2021-08-02,2
14655,53,Basico,505.2,Peru,Drama,2025-08-20,2
14656,53,Basico,744.2,Colombia,Accion,2019-07-28,0
14657,36,Premium,1402.2,Peru,Romance,2018-04-15,2
14658,46,Basico,711.4,Chile,Accion,2025-05-08,0
14659,18,Premium,1463.7,Uruguay,Accion,2023-07-31,0
14660,39,Estandar,1356.0,Mexico,Documental,2021-04-25,1
14661,39,Premium,1399.7,Mexico,Documental,2020-11-28,1
14662,34,Estandar,1269.8,Brasil,Thriller,2022-02-14,1
14663,32,Premium,1264.5,Argentina,Crimen,2022-07-16,3
14664,38,Estandar,531.7,Argentina,Crimen,2022-05-10,1
14665,37,Estandar,1172.4,Brasil,Accion,2018-05-25,0
14666,56,Basico,285.2,Peru,Documental,2024-07-16,0
14667,23,Estandar,491.8,Brasil,Thriller,2025-12-10,1
14668,27,Basico,773.3,Brasil,Comedia,2024-06-01,0
14669,49,Basico,476.3,Peru,Crimen,2020-02-17,1
14670,28,Basico,905.7,Uruguay,Comedia,2021-11-06,3
14671,30,Estandar,1248.9,Colombia,Accion,2025-12-31,0
14672,25,Estandar,513.0,Peru,Comedia,2020-06-29,0
14673,42,Premium,713.1,Chile,Documental,2025-09-12,1
14674,13,Basico,608.3,Argentina,Accion,2022-02-14,3
14675,37,Premium,1383.6,Chile,Crimen,2025-02-27,2
14676,46,Premium,1316.5,Argentina,Comedia,2023-05-03,1
14677,13,Premium,1119.3,Uruguay,Documental,2025-07-14,2
14678,38,Estandar,148.6,Chile,Accion,2022-01-08,0
14679,47,Estandar,1061.3,Colombia,Comedia,2023-09-09,1
14680,42,Basico,253.1,Argentina,Documental,2021-05-14,0
14681,23,Basico,466.0,Argentina,Accion,2019-11-28,3
14682,34,Estandar,1202.7,Uruguay,Crimen,2025-05-17,0
14683,29,Basico,997.4,Brasil,Drama,2024-04-05,0
14684,17,Basico,250.0,Brasil,Accion,2020-01-12,0
14685,36,Premium,1330.9,Brasil,Accion,2021-04-18,2
14686,55,Premium,1085.7,Colombia,Romance,2019-02-04,1
14687,40,Estandar,403.8,Argentina,Comedia,2023-04-13,0
14688,47,Estandar,1020.7,Argentina,Romance,2019-06-09,1
14689,37,Premium,875.3,Chile,Crimen,2020-11-25,3
14690,36,Basico,458.9,Colombia,Romance,2022-02-14,2
14691,44,Estandar,385.5,Uruguay,Documental,2020-01-20,0
14692,22,Basico,1093.4,Chile,Documental,2025-08-16,2
14693,33,Basico,660.0,Argentina,Comedia,2021-10-06,2
14694,19,Basico,636.6,Peru,Crimen,2025-05-04,2
14695,31,Premium,886.8,Mexico,Thriller,2019-01-01,0
14696,24,Estandar,725.3,Chile,Accion,2020-06-29,2
14697,47,Basico,802.2,Uruguay,Romance,2021-12-26,2
14698,52,Basico,459.2,Colombia,Comedia,2020-07-03,1
14699,52,Basico,631.1,Argentina,Thriller,2021-06-11,0
14700,15,Premium,794.1,Brasil,Thriller,2022-09-19,0
14701,45,Estandar,374.6,Colombia,Thriller,2021-09-19,0
14702,13,Estandar,926.6,Brasil,Drama,2022-03-03,0
14703,55,Estandar,744.4,Brasil,Crimen,2020-12-03,0
14704,22,Estandar,373.1,Chile,Romance,2024-07-26,1
14705,34,Premium,587.4,Chile,Documental,2021-04-19,0
14706,58,Basico,303.1,Brasil,Comedia,2023-03-15,1
14707,52,Premium,835.2,Uruguay,Crimen,2019-04-28,0
14708,40,Estandar,684.9,Colombia,Comedia,2023-04-12,1
14709,27,Estandar,837.6,Peru,Comedia,2018-08-08,1
14710,38,Estandar,431.6,Uruguay,Comedia,2022-02-14,2
14711,23,Basico,596.2,Chile,Comedia,2024-07-18,1
14712,25,Premium,1168.3,Argentina,Drama,2024-07-04,2
14713,43,Premium,1119.3,Uruguay,Comedia,2024-12-17,0
14714,24,Premium,868.4,Chile,Thriller,2018-10-19,1
14715,27,Basico,845.3,Uruguay,Thriller,2022-02-14,2
14716,36,Premium,965.3,Mexico,Thriller,2020-03-07,2
14717,13,Basico,675.8,Mexico,Documental,2023-08-12,0
14718,35,Premium,593.4,Colombia,Comedia,2019-05-06,0
14719,32,Estandar,902.0,Mexico,Drama,2025-08-20,1
14720,32,Estandar,1185.3,Uruguay,Thriller,2022-04-13,0
14721,22,Estandar,591.2,Mexico,Comedia,2023-12-11,1
14722,33,Basico,514.5,Colombia,Thriller,2021-05-07,2
14723,31,Basico,323.4,Chile,Comedia,2022-08-20,0
14724,39,Basico,131.9,Colombia,Accion,2018-08-10,2
14725,49,Basico,584.3,Mexico,Comedia,2019-09-10,0
14726,31,Premium,1136.3,Argentina,Accion,2019-07-17,0
14727,32,Basico,595.0,Brasil,Thriller,2020-03-31,1
14728,36,Premium,1123.6,Peru,Documental,2021-11-04,0
14729,32,Estandar,878.3,Chile,Accion,2022-08-04,2
14730,37,Basico,633.9,Mexico,Documental,2024-05-21,3
14731,48,Basico,391.2,Peru,Crimen,2023-02-18,1
14732,36,Estandar,461.3,Brasil,Crimen,2019-08-10,1
14733,47,Basico,759.9,Chile,Comedia,2021-07-19,3
14734,32,Estandar,860.7,Argentina,Thriller,2020-01-09,1
14735,43,Basico,293.6,Chile,Thriller,2018-11-28,0
14736,37,Premium,1158.8,Peru,Romance,2023-06-21,1
14737,41,Basico,70.1,Peru,Crimen,2021-09-24,1
14738,40,Basico,598.5,Colombia,Comedia,2025-01-28,1
14739,32,Estandar,744.2,Uruguay,Drama,2019-12-26,1
14740,53,Premium,751.5,Peru,Drama,2021-07-07,0
14741,17,Basico,359.4,Mexico,Accion,2025-02-11,0
14742,20,Basico,1014.8,Peru,Drama,2018-08-26,1
14743,41,Basico,663.3,Uruguay,Drama,2018-01-20,1
14744,35,Basico,406.8,Argentina,Crimen,2023-01-26,1
14745,34,Basico,979.1,Uruguay,Accion,2021-01-25,1
14746,29,Estandar,1394.6,Brasil,Documental,2020-05-07,0
14747,32,Premium,728.0,Argentina,Documental,2019-11-22,1
14748,43,Estandar,1349.8,Argentina,Crimen,2024-06-18,0
14749,39,Estandar,607.8,Colombia,Drama,2019-10-11,0
14750,27,Estandar,650.4,Chile,Crimen,2023-06-29,1
14751,18,Premium,919.3,Peru,Drama,2018-12-27,1
14752,26,Basico,858.3,Chile,Documental,2019-06-15,0
14753,20,Estandar,836.2,Uruguay,Comedia,2024-11-21,0
14754,28,Estandar,834.9,Peru,Thriller,2022-11-12,1
14755,19,Basico,1041.3,Peru,Comedia,2025-02-07,1
14756,39,Estandar,435.9,Peru,Accion,2022-10-25,0
14757,19,Basico,915.0,Peru,Romance,2022-07-11,1
14758,24,Basico,893.1,Argentina,Crimen,2022-10-24,0
14759,36,Estandar,949.3,Argentina,Romance,2023-05-10,1
14760,35,Premium,861.2,Argentina,Thriller,2022-04-20,1
14761,48,Basico,775.9,Brasil,Romance,2018-01-20,3
14762,29,Estandar,1209.9,Mexico,Accion,2018-06-04,0
14763,22,Basico,609.9,Chile,Crimen,2023-12-27,2
14764,41,Basico,861.0,Mexico,Thriller,2020-03-27,1
14765,40,Basico,306.8,Uruguay,Documental,2022-02-14,2
14766,33,Estandar,872.8,Peru,Drama,2018-02-27,1
14767,33,Estandar,795.0,Colombia,Crimen,2021-08-12,1
14768,42,Basico,369.3,Colombia,Documental,2023-12-16,2
14769,39,Basico,65.0,Peru,Drama,2020-02-20,0
14770,33,Premium,1201.9,Brasil,Romance,2022-02-14,2
14771,47,Premium,3628.4,Argentina,Drama,2025-08-03,0
14772,32,Premium,1036.8,Chile,Comedia,2018-01-17,0
14773,41,Basico,339.5,Colombia,Thriller,2025-01-10,0
14774,31,Basico,590.7,Uruguay,Drama,2020-10-16,1
14775,26,Basico,1230.2,Mexico,Thriller,2022-02-14,2
14776,25,Basico,1152.7,Brasil,Thriller,2022-02-14,4
14777,39,Premium,241.8,Colombia,Thriller,2021-11-11,2
14778,24,Basico,133.2,Brasil,Romance,2021-07-02,1
14779,34,Basico,0.0,Mexico,Drama,2019-06-13,1
14780,52,Estandar,1466.0,Colombia,Crimen,2019-02-25,1
14781,29,Basico,340.1,Uruguay,Drama,2022-04-21,0
14782,50,Basico,879.8,Peru,Comedia,2023-08-24,0
14783,54,Estandar,764.0,Uruguay,Accion,2024-08-08,0
14784,18,Premium,1068.5,Chile,Drama,2021-06-07,2
14785,43,Basico,309.5,Uruguay,Thriller,2019-11-16,0
14786,25,Basico,488.7,Mexico,Comedia,2018-09-25,0
14787,13,Basico,121.6,Uruguay,Crimen,2018-07-07,1
14788,43,Basico,880.5,Peru,Drama,2021-05-06,0
14789,13,Basico,966.6,Peru,Drama,2021-04-06,1
14790,36,Premium,716.5,Mexico,Accion,2023-02-11,1
14791,21,Estandar,920.1,Chile,Thriller,2023-11-02,2
14792,13,Basico,35.0,Peru,Documental,2024-09-08,1
14793,29,Premium,1283.6,Brasil,Drama,2023-11-17,0
14794,46,Basico,128.9,Chile,Thriller,2021-10-15,0
14795,28,Basico,865.1,Chile,Comedia,2022-11-12,0
14796,41,Estandar,1180.0,Peru,Drama,2025-09-14,1
14797,32,Estandar,3319.7,Chile,Accion,2019-07-03,0
14798,37,Basico,670.3,Peru,Documental,2021-11-04,0
14799,40,Basico,890.7,Mexico,Documental,2023-07-01,0
14800,39,Estandar,1341.8,Mexico,Romance,2022-01-11,2
14801,36,Premium,906.5,Mexico,Drama,2020-02-11,1
14802,24,Estandar,756.5,Mexico,Romance,2019-11-07,1
14803,29,Basico,543.3,Colombia,Documental,2022-07-11,3
14804,30,Estandar,632.7,Brasil,Romance,2018-03-20,0
14805,42,Premium,1255.9,Chile,Thriller,2022-02-14,3
14806,45,Estandar,1177.0,Argentina,Comedia,2020-07-07,3
14807,13,Estandar,631.4,Colombia,Accion,2019-06-22,1
14808,48,Estandar,972.1,Mexico,Crimen,2020-05-15,2
14809,38,Basico,826.1,Uruguay,Crimen,2022-02-14,3
14810,18,Estandar,742.9,Argentina,Crimen,2024-08-12,0
14811,24,Basico,660.5,Mexico,Comedia,2023-08-29,0
14812,20,Basico,278.4,Mexico,Drama,2019-11-24,0
14813,32,Estandar,926.9,Brasil,Drama,2019-05-20,0
14814,39,Basico,492.0,Uruguay,Drama,2022-02-10,1
14815,31,Basico,710.8,Peru,Drama,2025-12-22,0
14816,36,Basico,301.7,Brasil,Crimen,2025-04-18,0
14817,49,Basico,850.0,Uruguay,Documental,2018-06-03,0
14818,25,Estandar,684.9,Argentina,Documental,2022-03-17,1
14819,31,Basico,620.9,Chile,Documental,2025-03-07,0
14820,48,Estandar,1193.5,Chile,Thriller,2020-11-13,2
14821,29,Estandar,771.2,Peru,Romance,2023-12-31,1
14822,44,Premium,999.8,Brasil,Thriller,2024-12-27,0
14823,24,Estandar,1087.9,Brasil,Accion,2018-07-19,1
14824,30,Basico,911.4,Peru,Comedia,2024-08-29,3
14825,31,Basico,285.9,Mexico,Romance,2022-02-14,2
14826,19,Basico,0.0,Argentina,Comedia,2025-06-04,1
14827,14,Premium,1090.5,Peru,Romance,2019-03-19,2
14828,30,Basico,194.2,Chile,Thriller,2025-05-01,1
14829,35,Basico,325.9,Peru,Comedia,2018-03-22,1
14830,38,Basico,394.1,Argentina,Drama,2018-07-17,1
14831,40,Basico,460.5,Argentina,Accion,2025-09-26,1
14832,24,Basico,419.5,Uruguay,Drama,2019-04-20,1
14833,40,Estandar,626.8,Mexico,Romance,2022-09-04,0
14834,45,Premium,1150.7,Peru,Accion,2022-12-25,1
14835,22,Basico,419.0,Mexico,Comedia,2022-04-07,1
14836,18,Estandar,1103.5,Uruguay,Crimen,2019-05-22,1
14837,30,Premium,953.7,Uruguay,Accion,2024-02-20,1
14838,33,Estandar,878.2,Argentina,Comedia,2020-11-01,1
14839,33,Basico,747.5,Chile,Accion,2022-02-14,3
14840,33,Basico,670.1,Chile,Romance,2025-11-14,1
14841,22,Estandar,886.3,Peru,Accion,2019-09-20,0
14842,28,Basico,743.2,Mexico,Accion,2020-04-21,2
14843,37,Premium,1774.3,Brasil,Crimen,2025-10-18,0
14844,26,Premium,1443.8,Argentina,Thriller,2025-09-09,0
14845,26,Basico,546.9,Mexico,Drama,2025-01-25,0
14846,13,Basico,384.2,Peru,Thriller,2018-02-08,2
14847,33,Premium,786.9,Argentina,Documental,2022-02-14,5
14848,31,Basico,754.7,Argentina,Thriller,2022-09-20,1
14849,34,Basico,1070.0,Argentina,Crimen,2025-06-03,2
14850,44,Estandar,327.3,Brasil,Accion,2019-02-18,1
14851,48,Basico,195.4,Mexico,Crimen,2022-02-14,3
14852,41,Basico,1053.6,Colombia,Comedia,2023-11-02,0
14853,41,Estandar,429.6,Colombia,Romance,2021-01-10,0
14854,34,Basico,989.7,Brasil,Crimen,2024-12-25,0
14855,28,Premium,1107.0,Peru,Drama,2024-10-16,0
14856,46,Basico,465.7,Brasil,Drama,2025-11-10,1
14857,28,Basico,1255.2,Brasil,Accion,2019-07-16,0
14858,62,Estandar,503.7,Uruguay,Drama,2022-09-12,3
14859,25,Estandar,518.4,Uruguay,Crimen,2019-03-06,1
14860,41,Premium,1126.1,Chile,Crimen,2023-09-27,1
14861,33,Estandar,480.8,Mexico,Crimen,2024-12-05,0
14862,37,Basico,322.0,Argentina,Romance,2019-04-28,1
14863,29,Basico,0.0,Brasil,Documental,2021-03-03,0
14864,28,Estandar,646.4,Mexico,Accion,2019-04-12,0
14865,30,Basico,492.2,Uruguay,Romance,2019-03-12,2
14866,44,Premium,498.9,Colombia,Crimen,2023-08-01,0
14867,13,Basico,607.6,Colombia,Romance,2022-02-14,3
14868,38,Estandar,354.8,Peru,Romance,2024-10-30,0
14869,40,Premium,1130.7,Mexico,Romance,2020-03-29,1
14870,33,Basico,745.2,Colombia,Romance,2020-12-13,0
14871,13,Estandar,731.8,Brasil,Romance,2023-11-13,1
14872,31,Basico,773.4,Uruguay,Drama,2020-04-06,0
14873,39,Basico,307.9,Colombia,Thriller,2022-01-06,0
14874,41,Basico,472.2,Chile,Thriller,2025-11-21,0
14875,37,Premium,1710.1,Colombia,Comedia,2022-08-06,1
14876,24,Basico,1214.6,Peru,Accion,2021-04-24,0
14877,24,Basico,444.0,Mexico,Accion,2019-10-19,2
14878,26,Basico,735.1,Peru,Documental,2018-06-11,0
14879,28,Basico,170.2,Uruguay,Accion,2024-02-24,1
14880,35,Estandar,1087.2,Chile,Accion,2023-07-27,1
14881,13,Premium,1074.1,Chile,Romance,2020-04-30,0
14882,24,Estandar,938.2,Chile,Romance,2025-09-19,0
14883,29,Basico,665.7,Argentina,Documental,2023-05-23,0
14884,39,Basico,742.6,Peru,Accion,2021-09-16,0
14885,46,Estandar,657.9,Argentina,Drama,2020-08-18,2
14886,45,Premium,1130.7,Mexico,Thriller,2018-01-12,0
14887,36,Basico,706.5,Mexico,Crimen,2018-02-22,0
14888,41,Estandar,713.0,Colombia,Documental,2025-07-14,0
14889,33,Basico,232.0,Mexico,Thriller,2022-02-14,2
14890,40,Estandar,675.4,Argentina,Comedia,2019-03-29,2
14891,33,Basico,523.2,Uruguay,Comedia,2024-06-09,1
14892,32,Estandar,1284.8,Peru,Thriller,2025-07-03,0
14893,34,Estandar,578.5,Mexico,Drama,2023-07-17,0
14894,26,Basico,143.6,Mexico,Romance,2019-09-03,1
14895,25,Estandar,596.5,Brasil,Romance,2019-01-04,1
14896,53,Premium,1255.6,Brasil,Drama,2022-02-14,3
14897,21,Basico,801.4,Peru,Romance,2018-11-04,2
14898,42,Estandar,856.0,Argentina,Crimen,2019-02-19,2
14899,34,Basico,330.4,Mexico,Romance,2020-11-14,1
14900,36,Basico,772.9,Argentina,Comedia,2025-03-24,0
14901,29,Basico,633.0,Argentina,Crimen,2020-08-04,0
14902,37,Estandar,877.1,Brasil,Thriller,2023-02-14,0
14903,28,Estandar,1189.3,Brasil,Comedia,2021-04-27,1
14904,36,Estandar,212.3,Argentina,Romance,2020-12-17,0
14905,49,Estandar,1258.5,Chile,Drama,2023-03-17,1
14906,66,Basico,800.6,Mexico,Drama,2018-07-25,0
14907,20,Premium,1145.0,Brasil,Thriller,2019-02-13,0
14908,27,Premium,1356.5,Argentina,Thriller,2019-12-17,1
14909,34,Basico,789.1,Mexico,Crimen,2018-06-11,0
14910,38,Estandar,283.0,Peru,Drama,2021-04-05,0
14911,32,Premium,1130.7,Mexico,Thriller,2022-01-15,0
14912,29,Estandar,935.9,Colombia,Crimen,2025-08-04,0
14913,22,Premium,1168.8,Uruguay,Accion,2021-07-04,1
14914,21,Estandar,378.4,Colombia,Romance,2022-10-11,1
14915,57,Basico,833.4,Colombia,Romance,2019-04-20,2
14916,42,Basico,586.4,Uruguay,Accion,2019-01-25,0
14917,26,Estandar,930.8,Peru,Thriller,2018-07-07,0
14918,36,Basico,604.7,Chile,Thriller,2018-02-09,1
14919,52,Premium,1016.1,Peru,Accion,2019-07-21,1
14920,52,Premium,1233.1,Colombia,Accion,2025-06-10,0
14921,36,Basico,416.6,Peru,Crimen,2025-04-04,0
14922,38,Premium,1189.2,Uruguay,Romance,2019-11-30,0
14923,26,Basico,505.1,Peru,Crimen,2021-09-08,0
14924,13,Estandar,1134.8,Uruguay,Drama,2022-01-04,1
14925,49,Basico,468.8,Colombia,Documental,2022-02-14,1
14926,25,Premium,1240.8,Brasil,Drama,2024-12-21,1
14927,32,Estandar,1368.2,Peru,Romance,2021-01-03,1
14928,35,Estandar,551.7,Argentina,Accion,2019-01-16,1
14929,46,Estandar,947.3,Peru,Thriller,2022-03-07,3
14930,13,Estandar,3628.4,Mexico,Thriller,2021-11-04,1
14931,53,Premium,504.5,Chile,Documental,2020-01-20,0
14932,48,Estandar,199.9,Argentina,Romance,2019-12-04,1
14933,51,Basico,815.1,Uruguay,Documental,2022-02-14,2
14934,30,Basico,342.2,Chile,Thriller,2022-06-28,0
14935,42,Premium,994.8,Peru,Accion,2023-02-13,2
14936,26,Basico,846.8,Chile,Documental,2021-01-18,0
14937,23,Premium,1702.5,Colombia,Accion,2022-02-14,3
14938,24,Estandar,1402.4,Peru,Crimen,2025-09-26,2
14939,52,Premium,3065.8,Chile,Documental,2023-05-13,0
14940,28,Basico,862.2,Peru,Thriller,2022-09-24,1
14941,28,Basico,766.7,Colombia,Drama,2025-04-11,1
14942,40,Basico,726.8,Mexico,Accion,2019-11-15,1
14943,25,Premium,1130.7,Mexico,Drama,2019-04-09,2
14944,45,Estandar,1034.5,Colombia,Drama,2019-06-27,0
14945,22,Estandar,607.1,Chile,Accion,2025-10-22,1
14946,32,Basico,300.2,Argentina,Documental,2018-08-29,0
14947,18,Basico,239.9,Uruguay,Romance,2019-10-15,1
14948,33,Estandar,348.4,Peru,Documental,2019-03-01,1
14949,14,Estandar,251.9,Colombia,Thriller,2022-09-01,0
14950,36,Basico,283.8,Brasil,Crimen,2024-08-16,0
14951,26,Basico,3628.4,Peru,Thriller,2023-06-01,1
14952,33,Estandar,923.8,Chile,Romance,2024-05-19,1
14953,55,Basico,359.5,Brasil,Romance,2025-08-10,0
14954,32,Premium,810.8,Argentina,Thriller,2022-11-30,1
14955,28,Basico,466.5,Colombia,Comedia,2020-01-13,5
14956,40,Basico,614.3,Peru,Drama,2024-11-08,0
14957,74,Estandar,889.7,Peru,Documental,2022-04-05,1
14958,38,Basico,303.9,Chile,Documental,2022-01-08,0
14959,15,Estandar,554.4,Chile,Crimen,2024-11-09,0
14960,15,Basico,964.1,Uruguay,Crimen,2018-04-29,1
14961,48,Basico,420.9,Argentina,Romance,2025-09-04,2
14962,32,Basico,615.3,Brasil,Crimen,2022-02-14,3
14963,33,Basico,331.7,Colombia,Documental,2023-06-02,4
14964,34,Basico,367.9,Mexico,Romance,2022-02-14,0
14965,19,Basico,831.6,Peru,Documental,2019-04-08,5
14966,13,Premium,666.2,Colombia,Crimen,2022-08-12,0
14967,37,Estandar,646.7,Peru,Thriller,2022-12-11,1
14968,42,Premium,1306.4,Brasil,Drama,2018-07-08,0
14969,40,Basico,795.1,Uruguay,Comedia,2018-09-17,1
14970,27,Basico,689.0,Brasil,Drama,2020-12-07,1
14971,66,Estandar,594.5,Brasil,Crimen,2025-05-06,0
14972,41,Basico,1192.6,Mexico,Documental,2021-07-11,0
14973,38,Estandar,806.8,Colombia,Accion,2018-02-20,0
14974,36,Estandar,846.0,Colombia,Thriller,2025-11-25,2
14975,64,Estandar,1286.8,Colombia,Romance,2025-08-08,0
14976,36,Estandar,1026.1,Mexico,Crimen,2022-02-14,2
14977,23,Premium,1588.4,Peru,Comedia,2024-06-19,2
14978,18,Estandar,677.1,Peru,Thriller,2024-05-03,0
14979,38,Basico,625.0,Uruguay,Accion,2020-07-06,0
14980,38,Basico,72.0,Brasil,Accion,2025-07-06,0
14981,33,Basico,848.2,Peru,Accion,2021-10-17,0
14982,28,Basico,408.6,Uruguay,Accion,2023-10-28,0
14983,44,Basico,619.3,Peru,Drama,2023-11-13,1
14984,19,Estandar,1273.4,Argentina,Documental,2025-09-20,0
14985,41,Basico,903.9,Uruguay,Documental,2025-11-09,0
14986,66,Basico,487.2,Argentina,Documental,2024-12-07,1
14987,31,Basico,667.9,Argentina,Thriller,2019-01-26,0
14988,28,Estandar,1455.3,Uruguay,Crimen,2022-11-08,1
14989,28,Premium,1761.9,Peru,Comedia,2025-06-03,1
14990,39,Estandar,1207.4,Chile,Drama,2020-10-15,2
14991,17,Basico,171.0,Brasil,Accion,2023-05-28,0
14992,33,Basico,196.2,Chile,Documental,2021-11-17,2
14993,20,Estandar,356.6,Colombia,Thriller,2025-06-11,0
14994,44,Basico,881.9,Brasil,Documental,2025-08-02,1
14995,44,Basico,386.8,Chile,Accion,2025-03-12,1
14996,32,Basico,610.5,Colombia,Comedia,2022-04-26,0
14997,47,Premium,1039.2,Argentina,Accion,2019-09-01,0
14998,26,Premium,769.2,Mexico,Thriller,2022-02-14,2
14999,40,Estandar,985.3,Colombia,Romance,2024-11-15,1
15000,32,Estandar,549.2,Mexico,Thriller,2018-12-08,1
15001,25,Basico,246.3,Argentina,Comedia,2018-02-17,0
15002,22,Premium,1001.8,Argentina,Accion,2025-03-20,0
15003,36,Estandar,3628.4,Mexico,Documental,2019-10-05,0
15004,37,Estandar,925.4,Peru,Accion,2023-09-02,0
15005,20,Basico,853.0,Mexico,Romance,2023-04-07,0
15006,40,Basico,1484.2,Uruguay,Documental,2023-07-24,0
15007,36,Estandar,760.4,Mexico,Drama,2019-11-09,0
15008,50,Estandar,569.1,Peru,Romance,2022-02-14,2
15009,22,Estandar,764.1,Chile,Drama,2023-07-07,0
15010,31,Basico,521.0,Uruguay,Crimen,2021-08-06,1
15011,36,Estandar,844.8,Argentina,Accion,2020-09-13,1
15012,26,Basico,644.3,Colombia,Documental,2022-02-14,2
15013,13,Premium,1407.1,Brasil,Crimen,2021-02-13,2
15014,33,Basico,794.9,Chile,Comedia,2018-07-26,0
15015,19,Basico,727.3,Brasil,Accion,2023-09-08,0
15016,38,Basico,722.5,Brasil,Romance,2020-07-01,0
15017,33,Estandar,386.8,Colombia,Thriller,2024-03-04,1
15018,38,Basico,399.6,Brasil,Comedia,2025-03-20,3
15019,23,Premium,1152.3,Peru,Comedia,2022-03-31,0
15020,25,Estandar,967.2,Mexico,Accion,2022-07-10,1
15021,36,Estandar,789.6,Mexico,Accion,2020-08-20,1
15022,65,Basico,1105.4,Colombia,Documental,2018-11-19,2
15023,37,Basico,492.8,Brasil,Drama,2023-02-24,0
15024,28,Estandar,670.9,Brasil,Accion,2022-12-25,0
15025,19,Basico,639.4,Peru,Comedia,2022-02-14,1
15026,43,Estandar,941.1,Argentina,Documental,2023-01-10,1
15027,57,Basico,620.9,Colombia,Documental,2018-12-27,1
15028,26,Estandar,0.0,Uruguay,Crimen,2023-08-04,0
15029,18,Basico,448.7,Peru,Thriller,2023-01-06,0
15030,26,Estandar,426.4,Peru,Crimen,2021-07-18,2
15031,24,Estandar,935.7,Mexico,Accion,2019-05-02,0
15032,47,Basico,427.3,Colombia,Thriller,2023-07-31,2
15033,28,Basico,717.9,Chile,Accion,2025-04-30,1
15034,22,Premium,624.6,Peru,Thriller,2018-03-14,4
15035,35,Basico,322.6,Colombia,Thriller,2019-02-25,1
15036,26,Basico,1013.2,Chile,Drama,2022-02-14,2
15037,42,Basico,494.3,Argentina,Comedia,2022-08-16,0
15038,13,Basico,1034.1,Chile,Documental,2018-05-27,1
15039,28,Basico,615.9,Uruguay,Documental,2024-04-01,0
15040,25,Estandar,502.0,Chile,Drama,2024-02-28,1
15041,21,Basico,603.6,Argentina,Comedia,2018-01-01,0
15042,18,Premium,1157.8,Colombia,Romance,2019-01-08,0
15043,32,Estandar,1020.4,Brasil,Thriller,2024-10-10,4
15044,36,Premium,1365.8,Argentina,Drama,2024-12-10,1
15045,24,Basico,1081.9,Argentina,Drama,2025-02-24,3
15046,24,Premium,1245.7,Chile,Drama,2021-06-01,2
15047,39,Estandar,832.6,Colombia,Thriller,2023-09-14,0
15048,50,Estandar,1123.4,Chile,Romance,2024-04-22,0
15049,29,Basico,895.9,Chile,Accion,2020-04-27,0
15050,28,Basico,172.2,Chile,Thriller,2025-05-05,1
15051,39,Basico,163.8,Chile,Documental,2025-07-13,1
15052,20,Basico,946.5,Brasil,Comedia,2023-02-12,2
15053,25,Basico,415.6,Peru,Comedia,2021-10-28,0
15054,47,Basico,466.1,Argentina,Thriller,2022-01-28,0
15055,42,Premium,1159.8,Chile,Drama,2018-08-11,0
15056,38,Basico,723.0,Chile,Romance,2020-07-02,2
15057,24,Premium,1249.2,Brasil,Romance,2023-02-05,1
15058,42,Premium,1173.9,Colombia,Documental,2021-09-21,0
15059,32,Premium,593.0,Mexico,Crimen,2024-04-13,0
15060,52,Basico,172.8,Peru,Thriller,2024-12-13,0
15061,29,Premium,875.1,Mexico,Thriller,2024-09-23,1
15062,21,Basico,689.6,Brasil,Thriller,2023-04-22,3
15063,13,Basico,0.0,Peru,Thriller,2025-05-15,1
15064,29,Basico,790.7,Mexico,Documental,2022-01-28,0
15065,33,Premium,1070.6,Chile,Drama,2023-01-28,0
15066,31,Estandar,472.5,Mexico,Documental,2019-04-13,0
15067,33,Premium,1049.2,Uruguay,Romance,2019-02-04,0
15068,28,Basico,394.4,Colombia,Accion,2025-05-22,1
15069,33,Basico,522.1,Chile,Comedia,2020-06-27,1
15070,28,Basico,1159.7,Peru,Accion,2018-01-09,1
15071,44,Basico,244.1,Peru,Documental,2021-10-30,1
15072,35,Basico,598.6,Brasil,Drama,2021-12-25,1
15073,47,Premium,815.8,Chile,Accion,2025-02-08,0
15074,44,Estandar,1075.6,Colombia,Crimen,2021-04-10,0
15075,49,Premium,1074.3,Uruguay,Comedia,2024-02-22,2
15076,31,Estandar,864.1,Chile,Drama,2023-11-09,2
15077,42,Premium,1190.3,Argentina,Accion,2022-03-12,0
15078,41,Basico,363.9,Mexico,Documental,2025-11-15,0
15079,39,Estandar,1410.9,Colombia,Drama,2019-03-12,0
15080,31,Basico,892.6,Argentina,Drama,2018-07-07,0
15081,36,Estandar,274.8,Argentina,Documental,2019-11-04,0
15082,37,Basico,343.2,Mexico,Thriller,2023-07-10,0
15083,37,Basico,1269.9,Brasil,Thriller,2019-07-30,2
15084,49,Basico,560.0,Chile,Comedia,2022-08-04,1
15085,45,Estandar,780.0,Chile,Accion,2019-03-15,1
15086,38,Estandar,893.8,Mexico,Documental,2020-11-07,1
15087,30,Estandar,420.4,Chile,Accion,2024-11-07,1
15088,45,Estandar,1206.3,Colombia,Romance,2020-03-13,1
15089,19,Basico,34.4,Mexico,Comedia,2020-02-08,0
15090,21,Basico,653.0,Mexico,Romance,2019-05-10,1
15091,33,Estandar,210.5,Chile,Thriller,2022-05-29,0
15092,58,Basico,533.2,Colombia,Romance,2020-06-02,1
15093,38,Premium,1453.7,Peru,Documental,2022-02-14,3
15094,36,Estandar,858.9,Brasil,Accion,2020-02-20,2
15095,61,Basico,740.3,Argentina,Drama,2021-10-16,2
15096,32,Basico,497.5,Peru,Romance,2019-03-18,0
15097,13,Basico,724.6,Chile,Crimen,2022-08-25,5
15098,37,Estandar,876.1,Peru,Accion,2018-07-10,0
15099,32,Premium,728.8,Argentina,Comedia,2025-02-06,2
15100,37,Basico,501.6,Chile,Drama,2025-07-16,0
15101,35,Basico,708.1,Chile,Accion,2024-08-08,0
15102,55,Basico,577.7,Brasil,Crimen,2019-05-20,1
15103,17,Premium,971.3,Uruguay,Accion,2023-01-20,2
15104,23,Estandar,1172.8,Uruguay,Crimen,2023-02-17,1
15105,36,Basico,515.3,Brasil,Drama,2025-05-21,0
15106,29,Estandar,714.2,Colombia,Romance,2024-08-10,0
15107,42,Basico,0.0,Chile,Drama,2023-08-28,0
15108,71,Estandar,562.4,Argentina,Drama,2019-07-06,0
15109,44,Estandar,378.2,Brasil,Comedia,2023-08-06,0
15110,24,Basico,264.2,Chile,Comedia,2018-01-18,0
15111,49,Estandar,618.3,Chile,Accion,2023-12-13,3
15112,45,Basico,1038.3,Uruguay,Comedia,2018-07-18,1
15113,21,Estandar,760.5,Mexico,Thriller,2024-03-16,0
15114,38,Premium,1012.4,Mexico,Drama,2022-11-08,1
15115,56,Estandar,3628.4,Chile,Accion,2024-07-24,1
15116,26,Basico,611.1,Mexico,Romance,2023-06-02,0
15117,37,Basico,189.5,Uruguay,Thriller,2023-09-14,3
15118,13,Estandar,688.7,Argentina,Comedia,2019-12-27,0
15119,52,Estandar,1417.3,Brasil,Romance,2025-10-04,0
15120,30,Basico,368.3,Brasil,Comedia,2024-06-27,2
15121,28,Basico,346.1,Chile,Documental,2022-02-14,0
15122,49,Estandar,534.0,Uruguay,Crimen,2019-06-10,1
15123,24,Basico,957.7,Colombia,Accion,2019-03-01,0
15124,32,Basico,360.5,Argentina,Romance,2022-05-06,3
15125,33,Premium,702.9,Chile,Comedia,2025-05-17,1
15126,38,Basico,784.2,Chile,Thriller,2024-09-25,0
15127,36,Premium,1345.7,Chile,Documental,2024-10-18,1
15128,28,Premium,1026.1,Chile,Thriller,2021-11-08,0
15129,35,Estandar,1166.8,Uruguay,Crimen,2023-08-27,1
15130,44,Basico,951.1,Chile,Documental,2022-04-25,0
15131,36,Premium,878.3,Mexico,Accion,2022-09-11,1
15132,34,Premium,785.0,Colombia,Thriller,2024-10-30,0
15133,60,Estandar,1421.5,Mexico,Documental,2025-10-07,1
15134,43,Estandar,834.9,Peru,Romance,2020-10-13,0
15135,24,Basico,3154.3,Colombia,Drama,2021-01-25,1
15136,23,Estandar,1387.7,Argentina,Comedia,2022-06-18,1
15137,52,Basico,1084.4,Colombia,Documental,2021-11-05,0
15138,37,Premium,1458.0,Brasil,Documental,2021-04-19,1
15139,26,Basico,818.6,Uruguay,Documental,2023-01-29,0
15140,24,Premium,1262.4,Mexico,Romance,2019-07-01,0
15141,23,Basico,0.0,Colombia,Comedia,2019-07-20,1
15142,57,Basico,0.0,Argentina,Accion,2022-08-18,0
15143,36,Estandar,886.8,Colombia,Accion,2024-10-03,1
15144,27,Premium,1029.4,Colombia,Documental,2025-11-07,0
15145,30,Estandar,636.1,Mexico,Romance,2023-09-30,0
15146,23,Premium,780.0,Colombia,Documental,2021-05-09,1
15147,29,Estandar,937.9,Brasil,Crimen,2025-11-13,1
15148,25,Estandar,401.9,Uruguay,Accion,2024-02-22,1
15149,28,Basico,625.1,Chile,Comedia,2021-07-09,1
15150,26,Estandar,824.5,Mexico,Drama,2025-12-25,0
15151,13,Estandar,903.6,Chile,Thriller,2024-03-17,0
15152,35,Basico,853.0,Uruguay,Comedia,2025-02-04,1
15153,29,Premium,1165.9,Chile,Documental,2020-06-09,0
15154,27,Basico,194.3,Peru,Accion,2020-04-02,1
15155,31,Premium,509.8,Uruguay,Comedia,2020-05-08,0
15156,25,Estandar,723.8,Argentina,Drama,2024-12-31,0
15157,29,Estandar,834.6,Colombia,Thriller,2021-04-05,5
15158,31,Estandar,1115.2,Brasil,Romance,2025-09-13,1
15159,33,Basico,462.2,Argentina,Accion,2021-11-15,3
15160,54,Premium,1062.3,Brasil,Documental,2025-07-17,1
15161,13,Basico,593.4,Argentina,Accion,2019-06-28,0
15162,34,Estandar,1143.1,Mexico,Romance,2025-12-19,0
15163,24,Premium,907.8,Colombia,Accion,2025-04-16,2
15164,13,Estandar,915.4,Chile,Accion,2019-12-30,1
15165,13,Basico,563.9,Argentina,Romance,2023-08-26,0
15166,29,Basico,200.0,Chile,Comedia,2022-02-14,2
15167,43,Basico,0.0,Peru,Romance,2025-10-14,1
15168,25,Estandar,617.1,Colombia,Crimen,2022-02-14,3
15169,18,Basico,207.0,Chile,Thriller,2021-08-13,1
15170,62,Basico,651.9,Brasil,Drama,2025-12-19,1
15171,35,Basico,240.0,Brasil,Drama,2019-04-18,0
15172,57,Basico,979.2,Chile,Crimen,2021-12-13,4
15173,31,Estandar,469.5,Uruguay,Drama,2024-04-22,0
15174,60,Basico,453.7,Mexico,Documental,2023-05-22,0
15175,33,Estandar,952.6,Uruguay,Documental,2024-07-15,1
15176,26,Basico,272.9,Uruguay,Drama,2024-05-26,1
15177,19,Estandar,638.9,Colombia,Thriller,2025-06-25,0
15178,23,Basico,82.0,Chile,Comedia,2025-12-18,2
15179,28,Basico,686.2,Mexico,Accion,2022-09-06,1
15180,45,Estandar,1295.3,Mexico,Drama,2025-07-24,0
15181,31,Estandar,483.5,Uruguay,Thriller,2023-12-27,1
15182,19,Premium,1612.3,Peru,Thriller,2021-03-17,2
15183,13,Basico,266.7,Colombia,Documental,2022-02-14,2
15184,45,Basico,595.2,Uruguay,Drama,2018-02-22,2
15185,22,Basico,623.1,Chile,Thriller,2023-11-12,2
15186,39,Estandar,709.6,Brasil,Thriller,2019-03-13,5
15187,41,Estandar,277.7,Argentina,Accion,2018-04-14,1
15188,47,Basico,547.9,Argentina,Drama,2022-04-10,2
15189,43,Premium,1171.8,Chile,Thriller,2019-08-19,1
15190,19,Estandar,1378.1,Chile,Drama,2018-08-06,1
15191,30,Basico,585.0,Mexico,Thriller,2025-07-08,2
15192,14,Basico,905.6,Uruguay,Thriller,2018-08-20,1
15193,32,Basico,647.7,Argentina,Romance,2020-03-29,2
15194,32,Basico,983.0,Argentina,Crimen,2020-12-29,0
15195,23,Basico,429.2,Chile,Crimen,2019-10-22,0
15196,34,Premium,773.0,Colombia,Crimen,2021-03-19,1
15197,31,Estandar,670.6,Mexico,Romance,2025-08-31,0
15198,61,Estandar,1395.9,Mexico,Crimen,2020-10-23,3
15199,30,Estandar,526.7,Mexico,Comedia,2019-08-23,0
15200,41,Basico,770.2,Peru,Drama,2018-09-12,0
15201,30,Basico,609.1,Mexico,Thriller,2025-09-29,1
15202,49,Basico,0.0,Brasil,Romance,2022-02-14,2
15203,31,Estandar,531.4,Argentina,Documental,2020-04-15,1
15204,32,Premium,1380.5,Colombia,Romance,2024-01-26,0
15205,46,Estandar,799.4,Colombia,Thriller,2018-05-13,0
15206,34,Estandar,735.6,Peru,Documental,2022-01-09,0
15207,13,Estandar,467.5,Peru,Crimen,2023-01-28,2
15208,49,Estandar,978.1,Chile,Accion,2019-02-24,1
15209,20,Basico,157.9,Chile,Comedia,2024-11-28,3
15210,32,Basico,600.2,Colombia,Thriller,2025-07-29,0
15211,29,Basico,526.8,Peru,Crimen,2024-04-20,0
15212,13,Premium,1337.3,Brasil,Comedia,2020-07-07,0
15213,28,Estandar,3628.4,Colombia,Accion,2025-04-04,0
15214,31,Estandar,1083.4,Chile,Documental,2024-04-17,4
15215,20,Basico,19.2,Peru,Romance,2022-05-12,0
15216,54,Basico,877.8,Mexico,Accion,2020-08-31,2
15217,37,Estandar,893.7,Mexico,Thriller,2023-09-24,1
15218,48,Estandar,1166.4,Uruguay,Comedia,2025-10-22,0
15219,39,Premium,878.0,Argentina,Comedia,2021-03-24,1
15220,49,Estandar,1216.0,Colombia,Romance,2022-02-14,3
15221,13,Premium,1215.6,Brasil,Comedia,2025-06-14,0
15222,23,Premium,660.8,Argentina,Documental,2018-07-12,0
15223,34,Basico,923.2,Chile,Crimen,2022-04-12,0
15224,23,Basico,227.5,Colombia,Accion,2022-05-07,1
15225,25,Basico,0.0,Argentina,Comedia,2022-09-03,1
15226,28,Premium,781.2,Chile,Crimen,2025-09-07,1
15227,32,Estandar,690.4,Uruguay,Crimen,2021-07-04,0
15228,31,Basico,445.3,Uruguay,Documental,2024-03-11,1
15229,22,Estandar,400.2,Uruguay,Crimen,2018-08-09,2
15230,26,Basico,895.7,Uruguay,Romance,2022-02-14,0
15231,45,Basico,163.5,Uruguay,Accion,2020-10-26,1
15232,53,Premium,1222.0,Uruguay,Accion,2020-04-11,2
15233,31,Estandar,784.2,Peru,Comedia,2024-12-16,1
15234,37,Basico,476.6,Peru,Crimen,2022-12-20,0
15235,21,Estandar,594.3,Colombia,Accion,2020-07-12,0
15236,38,Premium,1366.2,Brasil,Documental,2025-02-08,0
15237,24,Basico,80.6,Argentina,Documental,2025-11-26,0
15238,34,Estandar,807.0,Argentina,Documental,2025-12-16,0
15239,14,Basico,441.9,Argentina,Thriller,2025-04-06,1
15240,26,Estandar,996.9,Chile,Accion,2022-02-15,0
15241,41,Basico,752.3,Colombia,Drama,2024-08-07,1
15242,43,Estandar,851.0,Uruguay,Documental,2024-02-17,0
15243,13,Estandar,848.0,Uruguay,Crimen,2024-10-07,0
15244,20,Estandar,749.8,Uruguay,Comedia,2020-03-15,1
15245,45,Basico,604.3,Mexico,Romance,2020-03-03,0
15246,38,Basico,1146.0,Colombia,Thriller,2021-04-19,0
15247,21,Basico,859.1,Chile,Romance,2023-01-13,1
15248,34,Premium,1130.7,Mexico,Documental,2022-02-14,3
15249,36,Premium,1569.5,Argentina,Accion,2025-08-28,0
15250,29,Premium,1130.7,Mexico,Crimen,2018-11-02,0
15251,49,Premium,1344.9,Chile,Romance,2020-02-05,0
15252,42,Estandar,606.1,Brasil,Drama,2019-12-13,1
15253,30,Premium,1168.3,Argentina,Thriller,2023-10-06,0
15254,35,Basico,236.3,Chile,Documental,2019-05-04,1
15255,36,Basico,1054.4,Chile,Comedia,2022-03-26,1
15256,13,Estandar,1081.4,Uruguay,Thriller,2018-06-16,1
15257,31,Premium,1077.0,Mexico,Drama,2022-10-22,1
15258,50,Basico,701.0,Chile,Drama,2021-02-17,0
15259,34,Estandar,314.1,Uruguay,Comedia,2024-03-29,1
15260,41,Basico,321.2,Mexico,Drama,2020-12-18,1
15261,51,Basico,715.2,Brasil,Comedia,2019-06-17,1
15262,34,Basico,1173.6,Mexico,Comedia,2019-10-22,0
15263,16,Premium,814.3,Chile,Comedia,2024-07-20,1
15264,31,Estandar,736.6,Chile,Documental,2020-11-10,0
15265,47,Estandar,282.0,Argentina,Drama,2018-01-24,4
15266,56,Estandar,1044.4,Brasil,Crimen,2021-09-15,0
15267,31,Premium,1603.9,Argentina,Accion,2023-03-26,0
15268,40,Estandar,620.3,Argentina,Drama,2025-12-16,1
15269,26,Basico,118.9,Chile,Romance,2019-09-27,0
15270,34,Basico,505.0,Chile,Comedia,2018-06-13,0
15271,13,Basico,0.0,Peru,Crimen,2019-09-22,0
15272,34,Basico,287.4,Uruguay,Comedia,2021-08-14,0
15273,53,Basico,329.1,Colombia,Drama,2024-09-10,1
15274,14,Premium,1169.0,Uruguay,Accion,2018-07-28,0
15275,37,Estandar,839.8,Argentina,Thriller,2025-01-05,0
15276,16,Estandar,826.1,Colombia,Drama,2024-11-26,0
15277,47,Basico,641.7,Chile,Crimen,2025-06-04,0
15278,45,Premium,736.9,Brasil,Drama,2021-05-18,0
15279,50,Premium,724.2,Mexico,Thriller,2023-07-03,1
15280,63,Basico,683.8,Brasil,Crimen,2024-06-03,1
15281,53,Estandar,833.9,Uruguay,Comedia,2024-03-03,1
15282,20,Estandar,805.0,Mexico,Romance,2022-01-06,0
15283,18,Basico,663.7,Peru,Drama,2018-10-26,0
15284,41,Estandar,373.9,Peru,Accion,2025-12-08,0
15285,13,Estandar,394.0,Uruguay,Drama,2022-02-14,2
15286,35,Estandar,7.0,Argentina,Documental,2023-11-23,0
15287,36,Basico,1152.4,Mexico,Accion,2020-06-19,1
15288,51,Premium,1350.2,Peru,Accion,2020-01-24,5
15289,30,Basico,319.8,Colombia,Drama,2023-11-03,1
15290,27,Premium,1040.9,Argentina,Comedia,2018-10-07,0
15291,27,Basico,351.3,Mexico,Romance,2023-09-01,1
15292,39,Premium,1400.9,Brasil,Comedia,2019-10-15,2
15293,18,Premium,671.4,Peru,Crimen,2022-08-31,1
15294,22,Basico,202.7,Peru,Romance,2024-02-03,1
15295,38,Estandar,513.1,Mexico,Thriller,2024-01-09,1
15296,20,Basico,0.0,Brasil,Thriller,2022-07-11,0
15297,39,Basico,469.5,Peru,Romance,2019-01-12,0
15298,15,Estandar,731.0,Brasil,Drama,2021-12-02,0
15299,34,Estandar,1170.8,Mexico,Drama,2020-06-25,0
15300,29,Estandar,1533.2,Colombia,Accion,2020-05-23,1
15301,39,Premium,1441.9,Mexico,Thriller,2025-06-10,0
15302,38,Premium,842.5,Brasil,Drama,2021-09-21,0
15303,47,Estandar,1218.4,Uruguay,Comedia,2021-09-18,0
15304,39,Estandar,760.8,Colombia,Documental,2022-01-17,2
15305,42,Estandar,716.8,Chile,Thriller,2021-04-17,1
15306,31,Premium,1091.5,Brasil,Comedia,2020-06-13,5
15307,38,Estandar,755.9,Brasil,Comedia,2024-12-07,0
15308,33,Basico,0.0,Colombia,Comedia,2023-12-13,0
15309,22,Basico,531.7,Peru,Comedia,2023-04-30,0
15310,30,Basico,440.0,Uruguay,Comedia,2024-04-18,0
15311,52,Premium,1085.7,Colombia,Romance,2025-04-13,3
15312,38,Estandar,397.6,Chile,Comedia,2018-02-06,0
15313,47,Basico,895.6,Peru,Accion,2022-02-14,2
15314,30,Estandar,1106.0,Argentina,Documental,2025-07-02,0
15315,39,Basico,474.8,Chile,Romance,2021-11-18,1
15316,15,Premium,1168.3,Argentina,Comedia,2022-12-31,0
15317,36,Estandar,859.3,Chile,Crimen,2022-02-14,1
15318,23,Basico,337.9,Mexico,Documental,2025-03-15,1
15319,26,Basico,279.9,Peru,Romance,2024-11-18,1
15320,18,Basico,257.0,Peru,Thriller,2024-12-19,2
15321,16,Basico,225.9,Mexico,Accion,2020-09-25,1
15322,38,Basico,875.2,Uruguay,Drama,2018-06-13,5
15323,53,Premium,1113.2,Brasil,Documental,2022-02-14,2
15324,31,Basico,593.7,Argentina,Drama,2021-08-07,1
15325,43,Basico,265.4,Chile,Crimen,2022-04-12,2
15326,31,Estandar,1052.2,Colombia,Romance,2019-04-10,3
15327,13,Basico,335.1,Brasil,Crimen,2022-04-30,3
15328,60,Estandar,1282.1,Brasil,Comedia,2020-11-16,1
15329,48,Premium,1118.0,Argentina,Comedia,2024-01-22,0
15330,18,Premium,928.8,Chile,Romance,2021-03-04,3
15331,42,Estandar,574.2,Chile,Comedia,2018-04-12,1
15332,21,Estandar,555.6,Colombia,Thriller,2023-10-19,0
15333,37,Basico,644.0,Argentina,Documental,2022-03-16,1
15334,15,Basico,556.2,Brasil,Documental,2023-10-08,4
15335,35,Basico,359.8,Peru,Crimen,2022-02-14,1
15336,20,Estandar,1272.1,Brasil,Thriller,2022-12-31,2
15337,32,Premium,1354.7,Chile,Comedia,2023-06-17,0
15338,49,Premium,1309.4,Uruguay,Accion,2018-06-29,0
15339,48,Premium,1314.5,Uruguay,Documental,2021-04-29,0
15340,43,Basico,722.1,Brasil,Crimen,2025-04-22,0
15341,33,Basico,293.1,Chile,Accion,2020-02-28,2
15342,56,Basico,448.8,Argentina,Comedia,2021-08-05,1
15343,21,Premium,1119.3,Uruguay,Thriller,2023-10-06,0
15344,56,Basico,516.3,Colombia,Drama,2018-12-04,0
15345,42,Estandar,851.6,Peru,Drama,2019-01-29,0
15346,36,Estandar,514.3,Uruguay,Thriller,2019-11-17,1
15347,62,Estandar,1264.7,Uruguay,Comedia,2024-01-13,0
15348,32,Estandar,1130.1,Colombia,Documental,2023-12-25,0
15349,34,Estandar,1334.5,Colombia,Thriller,2018-01-31,0
15350,26,Estandar,1097.1,Uruguay,Romance,2025-01-11,0
15351,30,Basico,346.2,Chile,Romance,2018-09-26,2
15352,35,Basico,615.4,Peru,Accion,2020-05-13,0
15353,22,Basico,324.8,Peru,Documental,2025-07-08,1
15354,34,Estandar,767.0,Peru,Comedia,2025-01-22,1
15355,45,Basico,183.4,Chile,Drama,2020-05-23,0
15356,13,Premium,580.8,Brasil,Accion,2025-09-08,1
15357,27,Premium,1053.0,Brasil,Documental,2022-10-04,0
15358,36,Basico,349.6,Mexico,Accion,2019-03-02,0
15359,47,Estandar,726.3,Brasil,Romance,2020-04-22,0
15360,25,Estandar,596.1,Chile,Drama,2024-01-12,0
15361,43,Premium,1240.5,Colombia,Comedia,2025-11-18,2
15362,30,Basico,541.4,Chile,Documental,2022-11-18,2
15363,47,Basico,239.9,Mexico,Accion,2022-02-14,2
15364,44,Basico,282.2,Peru,Drama,2018-10-23,0
15365,20,Basico,604.1,Argentina,Comedia,2025-09-11,1
15366,42,Premium,1155.4,Brasil,Documental,2019-09-22,0
15367,39,Basico,338.7,Mexico,Romance,2018-04-08,1
15368,22,Basico,0.0,Uruguay,Drama,2022-02-14,4
15369,20,Basico,653.3,Brasil,Thriller,2021-09-20,0
15370,36,Estandar,1098.7,Uruguay,Comedia,2018-06-05,1
15371,23,Premium,1168.3,Argentina,Documental,2022-02-14,3
15372,28,Estandar,977.1,Mexico,Accion,2018-10-28,0
15373,15,Premium,497.8,Colombia,Crimen,2018-08-11,2
15374,57,Basico,647.1,Colombia,Comedia,2019-12-31,1
15375,61,Estandar,812.0,Chile,Romance,2020-10-28,3
15376,13,Estandar,1094.2,Brasil,Romance,2024-04-04,1
15377,38,Estandar,1101.9,Mexico,Crimen,2018-10-16,0
15378,53,Estandar,702.0,Colombia,Accion,2024-06-13,0
15379,54,Estandar,787.7,Colombia,Comedia,2020-07-21,0
15380,21,Estandar,575.2,Uruguay,Thriller,2020-11-25,1
15381,44,Premium,1405.2,Colombia,Drama,2022-07-28,0
15382,20,Estandar,98.3,Peru,Accion,2022-05-09,1
15383,25,Estandar,624.2,Chile,Crimen,2023-01-22,0
15384,23,Estandar,681.4,Argentina,Crimen,2025-01-25,5
15385,46,Basico,721.5,Chile,Documental,2022-07-15,1
15386,33,Basico,236.9,Colombia,Documental,2022-11-09,1
15387,24,Premium,1639.6,Mexico,Thriller,2021-07-19,0
15388,62,Basico,222.9,Mexico,Documental,2018-03-11,0
15389,40,Basico,346.4,Colombia,Documental,2022-05-15,1
15390,56,Basico,819.0,Uruguay,Drama,2025-07-20,0
15391,37,Premium,1104.8,Brasil,Crimen,2019-04-30,1
15392,23,Estandar,717.1,Brasil,Romance,2023-12-31,1
15393,38,Basico,697.6,Mexico,Accion,2018-01-25,0
15394,27,Basico,172.5,Colombia,Thriller,2025-03-12,3
15395,40,Basico,333.4,Brasil,Comedia,2024-12-07,0
15396,38,Premium,967.1,Mexico,Romance,2018-09-17,0
15397,44,Basico,2866.7,Peru,Thriller,2024-07-26,1
15398,42,Basico,1013.6,Chile,Drama,2018-07-06,0
15399,14,Estandar,685.3,Mexico,Drama,2025-11-10,1
15400,37,Basico,3628.4,Chile,Drama,2018-10-25,1
15401,55,Premium,1093.7,Chile,Drama,2022-01-05,1
15402,37,Basico,164.1,Colombia,Romance,2023-08-22,1
15403,20,Estandar,653.5,Peru,Accion,2019-03-11,0
15404,32,Estandar,494.9,Mexico,Documental,2021-04-02,0
15405,35,Basico,895.5,Uruguay,Crimen,2022-02-14,0
15406,35,Estandar,1186.7,Chile,Romance,2021-05-19,0
15407,32,Basico,309.8,Uruguay,Romance,2024-10-20,0
15408,31,Basico,593.0,Mexico,Documental,2018-12-21,0
15409,42,Estandar,738.1,Colombia,Accion,2021-02-27,1
15410,19,Basico,1032.7,Chile,Accion,2022-11-28,1
15411,45,Premium,861.3,Peru,Accion,2022-04-12,1
15412,39,Estandar,1049.4,Peru,Documental,2022-06-07,2
15413,34,Estandar,1222.4,Uruguay,Romance,2025-05-30,0
15414,59,Premium,840.0,Colombia,Romance,2018-05-07,0
15415,46,Premium,1132.7,Mexico,Thriller,2023-04-26,3
15416,35,Basico,820.6,Argentina,Drama,2019-10-03,0
15417,18,Basico,0.0,Peru,Documental,2023-12-26,0
15418,29,Basico,380.4,Peru,Drama,2020-06-19,1
15419,47,Premium,1310.0,Colombia,Documental,2019-07-13,1
15420,38,Estandar,585.9,Peru,Accion,2022-05-21,0
15421,27,Basico,448.5,Brasil,Romance,2022-02-14,3
15422,57,Basico,853.6,Mexico,Comedia,2021-04-23,1
15423,13,Basico,701.8,Peru,Documental,2025-02-10,0
15424,35,Premium,1274.4,Uruguay,Documental,2022-02-14,3
15425,67,Basico,551.4,Peru,Accion,2021-05-05,1
15426,28,Premium,866.5,Argentina,Documental,2025-08-06,0
15427,47,Basico,444.8,Colombia,Drama,2025-04-07,0
15428,63,Estandar,549.9,Argentina,Comedia,2022-03-09,5
15429,23,Basico,289.9,Uruguay,Drama,2018-02-15,1
15430,36,Basico,1047.2,Brasil,Thriller,2024-03-17,2
15431,56,Basico,249.6,Uruguay,Thriller,2024-03-23,2
15432,42,Basico,635.1,Brasil,Romance,2019-08-03,0
15433,35,Basico,385.5,Peru,Drama,2019-05-20,1
15434,16,Basico,814.8,Uruguay,Drama,2018-06-21,2
15435,24,Estandar,861.4,Colombia,Documental,2018-01-21,0
15436,32,Estandar,304.8,Uruguay,Romance,2024-06-03,1
15437,40,Premium,718.7,Chile,Accion,2024-09-09,2
15438,40,Basico,671.7,Colombia,Romance,2022-06-03,2
15439,29,Estandar,993.3,Argentina,Accion,2024-01-10,1
15440,28,Premium,1189.9,Mexico,Drama,2024-02-21,0
15441,45,Basico,389.6,Argentina,Thriller,2018-12-15,0
15442,36,Basico,318.2,Chile,Accion,2021-06-02,0
15443,24,Estandar,697.5,Mexico,Thriller,2020-05-10,0
15444,43,Basico,551.6,Uruguay,Documental,2022-02-14,2
15445,55,Basico,536.3,Peru,Comedia,2020-05-17,1
15446,13,Premium,1123.6,Peru,Accion,2022-08-18,0
15447,34,Basico,554.5,Uruguay,Romance,2025-03-30,1
15448,37,Basico,2716.6,Argentina,Crimen,2023-10-01,1
15449,24,Estandar,792.2,Peru,Comedia,2019-08-07,0
15450,29,Basico,3628.4,Brasil,Romance,2019-10-22,0
15451,42,Estandar,842.8,Argentina,Thriller,2020-01-24,0
15452,17,Estandar,140.8,Colombia,Drama,2020-06-23,0
15453,22,Premium,1106.7,Peru,Romance,2024-12-01,1
15454,20,Basico,1359.3,Chile,Crimen,2020-11-01,1
15455,47,Estandar,890.8,Uruguay,Romance,2020-03-06,0
15456,40,Basico,523.0,Argentina,Comedia,2019-04-15,0
15457,24,Premium,1814.7,Chile,Documental,2020-01-13,1
15458,32,Basico,779.2,Uruguay,Crimen,2025-07-11,0
15459,41,Estandar,1365.1,Uruguay,Crimen,2024-05-12,0
15460,49,Basico,1124.8,Argentina,Crimen,2018-08-11,0
15461,39,Estandar,846.9,Mexico,Thriller,2024-02-27,0
15462,38,Premium,1275.6,Chile,Documental,2023-03-05,2
15463,19,Basico,567.6,Peru,Thriller,2025-03-25,0
15464,22,Premium,1288.1,Mexico,Accion,2024-03-01,0
15465,38,Basico,755.4,Colombia,Comedia,2018-10-27,1
15466,27,Basico,1059.8,Mexico,Drama,2021-04-05,2
15467,31,Premium,971.5,Chile,Crimen,2025-07-14,1
15468,45,Estandar,477.3,Chile,Documental,2018-10-03,0
15469,17,Estandar,895.5,Argentina,Documental,2020-10-23,0
15470,22,Estandar,314.8,Brasil,Romance,2019-02-07,1
15471,27,Basico,492.7,Argentina,Drama,2020-03-19,0
15472,39,Estandar,1220.9,Colombia,Comedia,2024-07-06,1
15473,36,Estandar,834.3,Peru,Thriller,2023-06-19,1
15474,58,Basico,765.5,Colombia,Comedia,2021-09-17,2
15475,22,Premium,1331.4,Colombia,Comedia,2022-01-02,0
15476,53,Basico,612.5,Uruguay,Romance,2019-06-10,1
15477,44,Basico,239.2,Uruguay,Documental,2025-07-12,0
15478,41,Premium,1059.1,Brasil,Crimen,2025-05-08,0
15479,33,Basico,657.2,Argentina,Romance,2020-08-18,1
15480,35,Basico,1272.3,Uruguay,Crimen,2019-02-14,3
15481,47,Basico,0.0,Mexico,Comedia,2021-03-13,0
15482,18,Estandar,1198.6,Colombia,Comedia,2024-12-12,0
15483,34,Premium,771.6,Peru,Crimen,2018-10-13,0
15484,27,Basico,742.6,Mexico,Thriller,2020-03-03,0
15485,49,Basico,414.1,Chile,Comedia,2021-07-25,0
15486,21,Basico,556.3,Argentina,Documental,2023-06-14,0
15487,38,Basico,477.9,Colombia,Romance,2022-02-14,2
15488,30,Premium,1006.4,Chile,Accion,2022-02-14,2
15489,36,Basico,432.4,Chile,Crimen,2024-11-29,0
15490,56,Estandar,823.4,Colombia,Romance,2025-05-24,1
15491,25,Estandar,385.8,Chile,Romance,2021-06-06,0
15492,44,Estandar,83.9,Brasil,Comedia,2025-10-11,1
15493,39,Basico,0.0,Uruguay,Comedia,2024-07-20,1
15494,37,Basico,26.2,Argentina,Drama,2019-09-17,0
15495,49,Estandar,687.4,Uruguay,Crimen,2024-05-05,1
15496,25,Basico,736.8,Peru,Romance,2024-05-10,0
15497,39,Basico,1086.2,Argentina,Comedia,2022-02-01,0
15498,22,Estandar,314.4,Chile,Crimen,2021-07-19,1
15499,13,Estandar,324.3,Argentina,Accion,2022-10-21,0
15500,34,Premium,1110.3,Argentina,Drama,2019-11-22,1
15501,36,Basico,67.8,Mexico,Thriller,2022-02-14,0
15502,21,Premium,861.8,Mexico,Romance,2021-07-06,0
15503,36,Estandar,760.5,Colombia,Documental,2020-10-05,0
15504,23,Premium,1449.8,Brasil,Accion,2020-06-26,0
15505,28,Basico,817.5,Mexico,Documental,2025-12-27,0
15506,31,Estandar,858.4,Brasil,Thriller,2025-03-09,0
15507,54,Premium,1360.6,Peru,Comedia,2022-02-14,1
15508,60,Premium,1479.0,Mexico,Accion,2021-02-07,0
15509,29,Estandar,1067.3,Argentina,Crimen,2022-01-12,1
15510,29,Basico,160.0,Mexico,Drama,2019-07-05,1
15511,31,Estandar,3628.4,Uruguay,Thriller,2025-08-15,0
15512,24,Basico,0.0,Brasil,Drama,2021-09-20,0
15513,24,Estandar,811.0,Mexico,Accion,2023-05-20,0
15514,59,Premium,1232.2,Colombia,Accion,2023-11-03,1
15515,13,Basico,468.4,Brasil,Comedia,2022-12-30,0
15516,31,Premium,1103.2,Uruguay,Crimen,2022-01-09,2
15517,54,Basico,539.4,Chile,Crimen,2021-06-05,1
15518,28,Premium,1113.2,Brasil,Documental,2023-06-18,1
15519,47,Basico,990.4,Colombia,Romance,2024-03-09,0
15520,49,Premium,983.7,Peru,Drama,2019-03-22,1
15521,17,Basico,1028.1,Argentina,Documental,2019-12-21,4
15522,36,Estandar,826.1,Colombia,Drama,2025-03-29,0
15523,50,Premium,1513.1,Argentina,Thriller,2024-10-20,0
15524,21,Basico,507.5,Uruguay,Comedia,2018-12-02,0
15525,13,Basico,951.4,Uruguay,Comedia,2021-02-23,0
15526,31,Basico,432.7,Peru,Drama,2019-07-28,0
15527,23,Basico,502.9,Uruguay,Comedia,2024-01-16,0
15528,15,Premium,1441.0,Chile,Drama,2020-03-15,1
15529,65,Basico,738.9,Mexico,Comedia,2020-12-14,4
15530,22,Estandar,1168.9,Colombia,Romance,2025-01-10,0
15531,26,Basico,1122.5,Colombia,Romance,2018-11-10,0
15532,13,Premium,1166.6,Chile,Crimen,2018-11-05,1
15533,29,Estandar,842.2,Brasil,Comedia,2018-03-18,1
15534,22,Basico,559.0,Argentina,Drama,2023-09-09,0
15535,31,Estandar,715.0,Mexico,Documental,2025-01-31,0
15536,40,Premium,1155.5,Uruguay,Romance,2018-05-08,1
15537,39,Premium,767.0,Uruguay,Drama,2024-07-11,0
15538,23,Basico,600.3,Argentina,Comedia,2024-06-29,0
15539,27,Premium,803.6,Uruguay,Documental,2022-07-18,0
15540,27,Basico,143.6,Chile,Comedia,2024-08-13,2
15541,38,Estandar,820.5,Mexico,Documental,2020-05-21,1
15542,16,Basico,240.9,Uruguay,Comedia,2018-05-31,1
15543,31,Estandar,326.7,Brasil,Documental,2024-03-09,1
15544,36,Estandar,846.1,Brasil,Drama,2020-12-03,3
15545,42,Basico,546.6,Argentina,Thriller,2024-02-05,0
15546,53,Basico,801.4,Argentina,Thriller,2024-01-20,1
15547,41,Basico,1058.2,Argentina,Accion,2023-04-18,2
15548,34,Basico,613.6,Uruguay,Crimen,2025-05-02,0
15549,23,Estandar,1097.7,Mexico,Documental,2019-09-01,1
15550,44,Estandar,309.8,Brasil,Romance,2022-02-07,0
15551,26,Estandar,176.5,Brasil,Romance,2022-05-27,2
15552,35,Premium,1272.1,Brasil,Documental,2020-07-03,1
15553,37,Premium,1168.3,Argentina,Crimen,2024-08-12,2
15554,25,Estandar,1116.8,Colombia,Accion,2021-04-06,0
15555,32,Estandar,495.6,Colombia,Comedia,2019-07-03,1
15556,26,Premium,1086.2,Brasil,Comedia,2023-03-19,0
15557,72,Premium,915.7,Peru,Crimen,2023-08-15,0
15558,51,Estandar,504.7,Chile,Comedia,2023-09-22,1
15559,47,Basico,704.2,Peru,Thriller,2019-06-01,0
15560,41,Basico,741.8,Chile,Thriller,2022-06-14,0
15561,45,Basico,1030.3,Peru,Romance,2022-01-30,1
15562,18,Basico,731.5,Argentina,Comedia,2023-08-19,2
15563,42,Estandar,782.3,Chile,Drama,2018-02-13,0
15564,31,Basico,336.5,Chile,Crimen,2025-06-07,0
15565,49,Premium,710.1,Mexico,Drama,2020-09-05,1
15566,30,Basico,360.3,Colombia,Documental,2024-11-20,2
15567,29,Basico,944.5,Colombia,Romance,2025-09-03,1
15568,22,Basico,421.3,Mexico,Crimen,2022-02-14,3
15569,24,Premium,1467.2,Chile,Accion,2023-10-07,1
15570,13,Basico,639.1,Colombia,Comedia,2019-07-29,0
15571,48,Basico,450.0,Chile,Accion,2023-01-02,1
15572,27,Basico,726.7,Uruguay,Accion,2019-10-15,1
15573,35,Estandar,356.7,Mexico,Crimen,2020-01-04,4
15574,49,Basico,635.9,Peru,Drama,2024-05-08,0
15575,27,Premium,746.0,Argentina,Comedia,2022-02-14,0
15576,16,Estandar,1040.4,Mexico,Accion,2025-05-24,1
15577,57,Premium,1225.9,Uruguay,Documental,2019-08-22,1
15578,29,Basico,902.4,Brasil,Documental,2023-06-04,2
15579,22,Basico,756.2,Uruguay,Thriller,2022-02-14,2
15580,29,Basico,763.3,Mexico,Comedia,2018-06-15,0
15581,15,Basico,150.8,Colombia,Accion,2020-06-15,0
15582,34,Estandar,400.5,Uruguay,Comedia,2023-06-21,2
15583,46,Estandar,834.1,Uruguay,Accion,2020-08-07,2
15584,25,Basico,817.4,Peru,Crimen,2018-09-15,0
15585,34,Basico,2940.5,Brasil,Romance,2022-02-14,2
15586,47,Estandar,1259.5,Brasil,Accion,2022-02-22,0
15587,40,Premium,1071.9,Peru,Crimen,2020-08-16,3
15588,43,Estandar,1335.3,Mexico,Thriller,2018-06-25,1
15589,39,Basico,712.2,Chile,Documental,2025-07-01,2
15590,40,Estandar,1043.3,Peru,Romance,2020-04-26,0
15591,16,Basico,730.5,Brasil,Romance,2023-10-23,1
15592,36,Estandar,631.5,Chile,Comedia,2022-01-19,1
15593,29,Estandar,142.1,Argentina,Documental,2022-05-09,1
15594,37,Basico,1295.2,Uruguay,Crimen,2023-04-08,1
15595,49,Estandar,465.0,Brasil,Thriller,2023-02-06,0
15596,37,Estandar,583.5,Chile,Documental,2018-07-10,1
15597,20,Basico,132.4,Brasil,Drama,2018-06-13,1
15598,39,Basico,683.7,Brasil,Accion,2025-04-10,3
15599,16,Premium,959.7,Chile,Comedia,2021-08-20,0
15600,13,Basico,626.3,Brasil,Comedia,2019-02-27,0
15601,30,Estandar,829.0,Brasil,Crimen,2025-11-22,0
15602,30,Premium,1168.9,Brasil,Drama,2023-11-06,0
15603,50,Estandar,1077.6,Uruguay,Documental,2025-02-08,1
15604,29,Estandar,734.0,Peru,Accion,2021-01-25,1
15605,42,Basico,452.4,Mexico,Comedia,2020-12-14,0
15606,36,Premium,1139.9,Uruguay,Documental,2024-06-28,2
15607,39,Basico,218.6,Peru,Comedia,2024-02-08,1
15608,29,Estandar,705.9,Brasil,Romance,2024-05-24,1
15609,13,Premium,1166.2,Mexico,Comedia,2019-12-14,2
15610,34,Estandar,335.0,Chile,Accion,2022-03-23,0
15611,29,Estandar,473.5,Brasil,Comedia,2025-05-01,1
15612,27,Basico,37.5,Argentina,Comedia,2022-03-31,0
15613,38,Estandar,835.7,Brasil,Drama,2022-02-05,0
15614,42,Basico,664.1,Uruguay,Comedia,2024-08-04,2
15615,35,Estandar,1184.5,Uruguay,Thriller,2025-04-30,0
15616,19,Premium,1052.0,Uruguay,Drama,2018-11-15,1
15617,31,Estandar,312.9,Colombia,Accion,2023-10-18,2
15618,36,Estandar,379.6,Chile,Accion,2020-10-27,1
15619,24,Basico,268.1,Brasil,Thriller,2022-03-22,2
15620,44,Estandar,697.2,Mexico,Drama,2020-07-01,1
15621,39,Basico,3572.8,Brasil,Thriller,2023-10-17,1
15622,36,Estandar,665.5,Peru,Romance,2022-07-21,0
15623,43,Premium,790.7,Chile,Accion,2021-12-16,0
15624,30,Premium,1119.3,Uruguay,Drama,2021-11-14,0
15625,37,Basico,550.0,Chile,Thriller,2023-06-18,1
15626,46,Basico,958.8,Mexico,Romance,2023-05-29,1
15627,51,Basico,428.1,Brasil,Drama,2024-10-10,1
15628,46,Premium,1080.8,Brasil,Romance,2018-01-28,1
15629,30,Estandar,825.2,Peru,Accion,2023-08-18,0
15630,34,Basico,573.8,Uruguay,Accion,2019-07-24,1
15631,52,Basico,551.8,Brasil,Romance,2022-12-07,1
15632,42,Basico,0.0,Peru,Crimen,2019-11-10,1
15633,51,Basico,705.2,Peru,Documental,2020-07-31,0
15634,32,Basico,821.9,Peru,Drama,2018-11-12,0
15635,29,Estandar,493.0,Brasil,Accion,2023-10-09,5
15636,31,Basico,1099.8,Argentina,Documental,2025-03-20,1
15637,13,Basico,434.8,Chile,Documental,2021-02-24,1
15638,41,Estandar,846.7,Uruguay,Drama,2020-05-16,1
15639,41,Premium,1142.1,Argentina,Crimen,2019-09-08,1
15640,44,Estandar,779.2,Uruguay,Comedia,2020-02-05,1
15641,43,Estandar,840.6,Chile,Crimen,2019-10-07,1
15642,42,Estandar,1253.8,Argentina,Comedia,2022-01-23,0
15643,37,Basico,386.7,Uruguay,Thriller,2024-10-01,3
15644,23,Premium,865.5,Colombia,Accion,2019-04-30,1
15645,30,Basico,322.3,Mexico,Documental,2025-05-31,1
15646,54,Basico,380.2,Uruguay,Crimen,2020-08-01,1
15647,43,Basico,657.1,Brasil,Documental,2022-08-26,0
15648,35,Estandar,1191.2,Chile,Crimen,2021-09-14,0
15649,52,Basico,151.8,Chile,Drama,2019-04-10,1
15650,34,Basico,66.9,Colombia,Documental,2023-05-27,3
15651,60,Premium,1730.7,Colombia,Thriller,2025-07-28,1
15652,31,Premium,1183.6,Colombia,Documental,2023-05-16,1
15653,37,Basico,10.9,Colombia,Documental,2023-05-17,1
15654,45,Basico,260.0,Mexico,Crimen,2022-02-14,2
15655,30,Basico,409.6,Colombia,Documental,2024-08-16,0
15656,23,Estandar,879.8,Argentina,Thriller,2019-10-23,0
15657,49,Estandar,637.8,Brasil,Accion,2025-04-05,1
15658,38,Estandar,518.7,Mexico,Accion,2022-08-11,1
15659,17,Basico,760.8,Chile,Drama,2018-04-02,0
15660,49,Premium,1316.4,Peru,Accion,2020-09-25,0
15661,39,Estandar,898.8,Chile,Romance,2018-06-26,0
15662,49,Basico,819.5,Brasil,Documental,2019-06-08,0
15663,23,Basico,782.4,Brasil,Drama,2024-06-07,2
15664,17,Premium,815.2,Colombia,Drama,2024-08-23,0
15665,24,Estandar,667.5,Chile,Crimen,2019-10-22,1
15666,39,Premium,1018.9,Uruguay,Comedia,2019-07-06,0
15667,45,Estandar,569.6,Chile,Accion,2025-01-22,2
15668,24,Estandar,979.8,Colombia,Thriller,2023-10-01,0
15669,45,Estandar,788.0,Chile,Drama,2018-06-10,0
15670,30,Basico,422.5,Uruguay,Comedia,2024-06-02,1
15671,31,Basico,552.2,Peru,Documental,2019-08-25,1
15672,38,Estandar,441.7,Chile,Accion,2018-08-18,2
15673,22,Estandar,1049.2,Colombia,Romance,2019-11-13,0
15674,27,Basico,89.1,Uruguay,Documental,2020-11-23,1
15675,42,Estandar,565.5,Brasil,Thriller,2022-02-14,2
15676,53,Estandar,663.3,Colombia,Crimen,2023-10-18,0
15677,42,Estandar,903.5,Uruguay,Crimen,2022-07-19,0
15678,27,Basico,718.4,Brasil,Drama,2024-09-20,1
15679,21,Premium,1114.9,Brasil,Comedia,2024-04-27,1
15680,23,Premium,1080.9,Brasil,Comedia,2025-02-24,1
15681,27,Premium,1314.6,Mexico,Crimen,2018-03-18,1
15682,37,Basico,697.5,Argentina,Thriller,2025-06-03,1
15683,33,Basico,195.9,Argentina,Romance,2021-03-07,1
15684,29,Estandar,365.7,Argentina,Documental,2018-12-18,1
15685,16,Basico,492.7,Chile,Comedia,2020-06-06,0
15686,60,Premium,1228.9,Colombia,Drama,2023-01-14,0
15687,17,Basico,397.7,Chile,Comedia,2024-10-20,0
15688,17,Estandar,1127.3,Brasil,Documental,2023-04-15,1
15689,36,Basico,759.9,Brasil,Comedia,2023-05-27,5
15690,25,Basico,71.6,Mexico,Thriller,2019-11-30,1
15691,44,Estandar,577.5,Mexico,Documental,2020-06-17,2
15692,37,Estandar,989.1,Chile,Crimen,2022-08-10,1
15693,22,Estandar,1093.9,Colombia,Crimen,2024-09-27,0
15694,22,Basico,26.5,Peru,Thriller,2019-08-08,5
15695,34,Basico,635.0,Peru,Drama,2022-02-14,2
15696,44,Estandar,583.2,Mexico,Crimen,2020-01-15,1
15697,28,Estandar,422.6,Mexico,Comedia,2024-12-27,1
15698,35,Estandar,1497.7,Brasil,Romance,2025-05-25,1
15699,40,Estandar,263.1,Mexico,Comedia,2023-09-24,1
15700,41,Basico,1425.7,Uruguay,Accion,2020-12-19,1
15701,51,Basico,541.4,Chile,Documental,2019-11-18,0
15702,26,Basico,408.5,Peru,Documental,2025-09-09,1
15703,33,Estandar,571.2,Argentina,Romance,2021-11-04,1
15704,48,Estandar,1313.8,Uruguay,Romance,2023-02-01,1
15705,25,Basico,212.7,Brasil,Thriller,2024-09-09,0
15706,14,Basico,261.8,Mexico,Crimen,2024-08-16,0
15707,51,Premium,1163.7,Argentina,Comedia,2018-10-09,0
15708,48,Estandar,1527.2,Argentina,Comedia,2020-07-30,5
15709,24,Estandar,878.1,Argentina,Romance,2022-03-30,0
15710,38,Basico,1080.4,Mexico,Drama,2022-02-14,0
15711,28,Premium,1184.4,Mexico,Documental,2019-06-26,0
15712,43,Premium,784.2,Colombia,Crimen,2019-03-21,2
15713,22,Premium,1076.3,Uruguay,Romance,2018-03-09,1
15714,38,Premium,856.4,Mexico,Thriller,2020-08-04,1
15715,51,Basico,870.0,Brasil,Documental,2023-11-12,0
15716,45,Basico,293.5,Colombia,Drama,2022-02-14,2
15717,24,Basico,557.4,Chile,Comedia,2025-09-04,3
15718,18,Premium,1038.6,Peru,Romance,2022-09-16,0
15719,35,Estandar,687.6,Uruguay,Romance,2019-09-05,0
15720,67,Premium,3504.3,Uruguay,Drama,2024-10-16,1
15721,41,Estandar,496.8,Brasil,Crimen,2019-01-30,1
15722,47,Estandar,1208.0,Mexico,Comedia,2019-12-28,1
15723,32,Basico,422.7,Chile,Drama,2023-05-04,1
15724,24,Estandar,404.4,Brasil,Romance,2024-11-23,2
15725,13,Estandar,1241.0,Mexico,Thriller,2024-09-22,0
15726,42,Basico,674.8,Brasil,Thriller,2018-06-09,0
15727,44,Premium,671.7,Brasil,Accion,2023-12-17,1
15728,41,Estandar,2558.4,Brasil,Drama,2023-08-24,0
15729,52,Estandar,421.5,Chile,Accion,2022-02-14,2
15730,40,Estandar,595.6,Mexico,Documental,2019-01-17,1
15731,45,Premium,1130.7,Mexico,Comedia,2023-05-30,0
15732,13,Estandar,418.5,Uruguay,Romance,2025-05-24,1
15733,31,Premium,735.6,Brasil,Crimen,2019-06-18,0
15734,15,Estandar,832.2,Colombia,Accion,2024-10-07,1
15735,19,Premium,722.8,Argentina,Comedia,2024-01-18,2
15736,42,Basico,354.6,Uruguay,Accion,2018-01-05,0
15737,21,Estandar,826.1,Colombia,Drama,2025-08-11,1
15738,26,Basico,1233.0,Colombia,Comedia,2025-04-13,0
15739,13,Estandar,1290.1,Chile,Romance,2022-11-03,0
15740,38,Basico,698.6,Chile,Thriller,2023-11-09,1
15741,33,Basico,404.5,Uruguay,Romance,2022-09-20,2
15742,43,Estandar,873.5,Argentina,Thriller,2022-02-26,0
15743,26,Basico,541.4,Chile,Romance,2018-06-27,0
15744,21,Basico,158.6,Uruguay,Drama,2025-10-28,1
15745,39,Basico,647.8,Brasil,Accion,2023-12-11,1
15746,48,Premium,1475.6,Colombia,Romance,2022-10-24,0
15747,31,Premium,1108.4,Peru,Romance,2020-07-28,0
15748,34,Premium,1085.7,Colombia,Comedia,2023-05-29,0
15749,31,Basico,212.4,Mexico,Thriller,2022-04-11,0
15750,35,Premium,784.1,Peru,Romance,2021-12-06,1
15751,41,Premium,1450.8,Chile,Crimen,2024-08-09,0
15752,34,Basico,723.3,Uruguay,Thriller,2025-10-24,0
15753,39,Basico,1068.4,Argentina,Drama,2024-06-17,1
15754,38,Basico,431.2,Uruguay,Comedia,2019-02-05,1
15755,38,Premium,1364.2,Mexico,Crimen,2022-10-09,2
15756,42,Estandar,880.8,Peru,Accion,2019-07-03,0
15757,43,Basico,848.2,Peru,Drama,2020-11-08,0
15758,24,Estandar,1065.3,Colombia,Romance,2023-05-09,3
15759,48,Premium,1129.8,Argentina,Thriller,2020-08-10,1
15760,24,Basico,846.9,Uruguay,Romance,2018-12-10,1
15761,37,Estandar,731.1,Chile,Accion,2021-03-06,0
15762,32,Estandar,795.7,Colombia,Documental,2024-09-16,0
15763,13,Estandar,1046.6,Brasil,Thriller,2024-02-06,0
15764,28,Basico,870.8,Peru,Romance,2022-08-01,0
15765,13,Premium,1175.5,Brasil,Thriller,2020-11-21,0
15766,39,Basico,328.2,Peru,Romance,2020-02-14,0
15767,14,Basico,853.5,Uruguay,Drama,2022-02-14,0
15768,28,Estandar,867.4,Uruguay,Documental,2025-12-14,2
15769,34,Basico,1016.4,Argentina,Crimen,2018-01-30,1
15770,34,Basico,816.2,Peru,Thriller,2024-06-25,1
15771,17,Basico,820.0,Chile,Romance,2023-11-11,1
15772,61,Estandar,504.7,Uruguay,Drama,2019-04-28,0
15773,39,Estandar,594.5,Colombia,Thriller,2023-10-30,1
15774,24,Estandar,889.0,Uruguay,Comedia,2018-01-30,4
15775,39,Premium,1098.1,Peru,Romance,2022-03-17,0
15776,30,Estandar,1218.7,Uruguay,Documental,2025-05-05,0
15777,26,Premium,1442.9,Chile,Documental,2020-04-21,2
15778,48,Estandar,929.2,Argentina,Comedia,2025-09-18,1
15779,43,Estandar,1227.4,Argentina,Thriller,2021-07-17,1
15780,35,Estandar,867.3,Chile,Documental,2022-08-02,1
15781,25,Estandar,153.7,Mexico,Accion,2022-01-23,1
15782,14,Basico,632.3,Colombia,Accion,2019-03-13,0
15783,32,Estandar,713.3,Colombia,Romance,2019-09-26,2
15784,25,Estandar,723.8,Argentina,Drama,2022-10-12,1
15785,19,Estandar,527.6,Colombia,Crimen,2025-04-22,1
15786,25,Basico,576.1,Colombia,Comedia,2024-07-25,0
15787,46,Basico,392.9,Uruguay,Drama,2020-11-04,0
15788,46,Estandar,715.6,Argentina,Crimen,2020-12-06,1
15789,41,Estandar,1358.3,Colombia,Accion,2024-01-05,1
15790,14,Basico,324.6,Colombia,Drama,2022-10-01,1
15791,45,Estandar,403.2,Mexico,Accion,2022-02-14,0
15792,14,Basico,698.5,Colombia,Crimen,2022-02-06,1
15793,41,Estandar,732.2,Peru,Documental,2024-11-11,0
15794,25,Premium,582.0,Brasil,Accion,2021-02-02,1
15795,35,Estandar,638.0,Brasil,Crimen,2025-08-19,0
15796,32,Basico,958.8,Mexico,Comedia,2022-06-16,1
15797,41,Basico,774.4,Argentina,Comedia,2020-04-14,2
15798,21,Estandar,872.5,Argentina,Accion,2022-08-20,3
15799,19,Basico,263.7,Mexico,Thriller,2024-03-11,1
15800,46,Premium,1227.3,Brasil,Accion,2024-04-02,1
15801,13,Basico,445.3,Colombia,Romance,2023-05-31,0
15802,37,Estandar,931.0,Colombia,Romance,2020-01-03,0
15803,14,Basico,724.6,Peru,Crimen,2022-02-25,1
15804,25,Estandar,578.0,Mexico,Accion,2024-04-09,0
15805,33,Estandar,836.6,Argentina,Accion,2024-03-22,1
15806,26,Basico,878.1,Mexico,Romance,2022-02-14,2
15807,48,Estandar,1260.5,Chile,Thriller,2020-11-05,1
15808,43,Estandar,536.6,Mexico,Romance,2021-06-10,0
15809,29,Estandar,1302.9,Mexico,Accion,2022-02-14,2
15810,39,Basico,698.9,Brasil,Documental,2021-11-11,3
15811,41,Premium,953.6,Chile,Documental,2025-11-29,1
15812,52,Estandar,840.6,Chile,Thriller,2022-06-19,1
15813,28,Premium,1222.1,Colombia,Drama,2019-07-20,1
15814,22,Estandar,1044.1,Mexico,Accion,2025-05-24,0
15815,13,Basico,359.3,Chile,Accion,2019-05-03,4
15816,14,Premium,1334.2,Chile,Thriller,2020-07-30,1
15817,20,Premium,813.7,Argentina,Comedia,2023-01-04,0
15818,31,Estandar,752.8,Chile,Thriller,2025-11-04,1
15819,24,Basico,1077.2,Chile,Thriller,2019-10-25,0
15820,15,Estandar,1180.3,Uruguay,Thriller,2019-02-15,0
15821,31,Estandar,930.9,Colombia,Drama,2020-05-28,1
15822,33,Basico,961.7,Argentina,Romance,2023-09-14,0
15823,21,Premium,698.2,Brasil,Crimen,2022-06-29,0
15824,42,Basico,758.5,Colombia,Comedia,2021-10-18,1
15825,18,Basico,309.5,Colombia,Thriller,2024-03-05,1
15826,43,Premium,1277.4,Peru,Crimen,2024-11-20,0
15827,34,Basico,15.6,Brasil,Drama,2025-10-26,1
15828,33,Basico,841.5,Chile,Thriller,2025-09-04,2
15829,33,Basico,106.6,Chile,Crimen,2025-12-05,1
15830,25,Premium,1345.9,Brasil,Comedia,2018-08-02,1
15831,46,Estandar,1160.1,Uruguay,Thriller,2019-10-21,2
15832,27,Basico,774.3,Uruguay,Crimen,2022-05-13,0
15833,30,Estandar,1073.5,Chile,Crimen,2022-02-14,3
15834,34,Basico,298.1,Mexico,Comedia,2022-02-14,2
15835,51,Estandar,978.4,Uruguay,Romance,2019-01-09,0
15836,20,Basico,89.5,Chile,Romance,2019-08-19,0
15837,42,Premium,1318.2,Chile,Crimen,2023-04-16,1
15838,54,Estandar,502.1,Peru,Accion,2024-09-24,0
15839,33,Estandar,735.6,Mexico,Comedia,2022-11-19,0
15840,30,Basico,0.0,Uruguay,Accion,2018-12-28,0
15841,42,Basico,340.6,Brasil,Crimen,2018-09-20,2
15842,35,Estandar,652.8,Mexico,Crimen,2020-12-13,0
15843,35,Basico,785.5,Colombia,Comedia,2020-06-27,1
15844,30,Basico,452.3,Mexico,Accion,2022-02-27,1
15845,13,Estandar,708.7,Argentina,Documental,2018-11-24,2
15846,37,Estandar,1193.8,Uruguay,Crimen,2024-10-30,2
15847,48,Estandar,601.4,Argentina,Drama,2018-06-04,0
15848,40,Basico,295.6,Argentina,Accion,2022-04-24,0
15849,46,Basico,623.7,Mexico,Romance,2022-06-30,1
15850,29,Estandar,1174.6,Chile,Drama,2024-11-19,0
15851,63,Basico,266.4,Argentina,Thriller,2025-05-11,1
15852,24,Premium,1234.8,Argentina,Thriller,2023-11-05,5
15853,32,Premium,1123.6,Peru,Romance,2021-03-19,1
15854,48,Estandar,644.9,Mexico,Comedia,2025-12-24,2
15855,13,Basico,0.0,Mexico,Romance,2024-09-13,0
15856,32,Basico,247.7,Colombia,Accion,2018-08-24,0
15857,37,Estandar,740.1,Argentina,Comedia,2019-12-19,0
15858,46,Basico,519.4,Uruguay,Crimen,2025-03-07,0
15859,28,Premium,1303.1,Argentina,Thriller,2023-07-18,1
15860,48,Estandar,886.3,Chile,Romance,2022-12-04,1
15861,59,Premium,1101.0,Peru,Documental,2018-02-13,1
15862,34,Estandar,430.4,Colombia,Romance,2020-04-06,0
15863,41,Estandar,676.0,Brasil,Drama,2025-05-14,0
15864,38,Premium,688.8,Colombia,Crimen,2023-10-24,1
15865,32,Estandar,648.2,Colombia,Comedia,2021-03-17,2
15866,15,Estandar,999.9,Brasil,Accion,2020-03-08,1
15867,20,Basico,733.8,Colombia,Accion,2018-05-18,0
15868,41,Premium,1463.6,Brasil,Comedia,2024-09-21,2
15869,21,Basico,800.0,Uruguay,Romance,2023-09-23,0
15870,39,Estandar,447.4,Uruguay,Documental,2023-10-14,0
15871,32,Premium,1085.7,Colombia,Comedia,2025-10-31,0
15872,33,Estandar,718.4,Peru,Romance,2020-08-06,1
15873,43,Basico,686.6,Peru,Thriller,2024-11-24,1
15874,33,Premium,1620.3,Chile,Accion,2019-11-26,2
15875,53,Estandar,791.9,Mexico,Drama,2025-07-23,0
15876,40,Basico,952.2,Argentina,Comedia,2018-05-28,1
15877,34,Basico,539.6,Brasil,Accion,2022-01-13,0
15878,38,Premium,999.9,Argentina,Comedia,2020-09-06,0
15879,36,Estandar,1049.5,Peru,Romance,2025-05-06,1
15880,48,Estandar,565.4,Colombia,Drama,2022-02-14,1
15881,57,Estandar,975.9,Mexico,Accion,2019-10-07,1
15882,31,Premium,821.4,Peru,Romance,2022-02-14,4
15883,35,Basico,865.8,Chile,Romance,2021-02-04,0
15884,54,Estandar,709.5,Argentina,Crimen,2022-06-25,2
15885,25,Estandar,1318.5,Brasil,Accion,2021-12-17,1
15886,33,Premium,779.7,Colombia,Thriller,2025-07-05,1
15887,35,Estandar,1104.8,Colombia,Comedia,2022-06-07,1
15888,70,Estandar,1266.4,Chile,Accion,2022-07-19,0
15889,43,Estandar,640.2,Colombia,Thriller,2024-07-28,0
15890,22,Premium,1295.5,Argentina,Romance,2020-03-31,2
15891,32,Premium,225.6,Colombia,Crimen,2023-10-22,0
15892,16,Basico,1086.6,Brasil,Accion,2018-03-04,0
15893,29,Basico,703.3,Uruguay,Drama,2025-11-22,0
15894,34,Basico,983.9,Brasil,Drama,2018-10-09,2
15895,40,Estandar,1195.7,Colombia,Drama,2019-01-05,1
15896,30,Premium,1059.1,Chile,Thriller,2024-03-01,1
15897,19,Estandar,423.6,Uruguay,Comedia,2022-02-14,2
15898,22,Basico,438.0,Uruguay,Thriller,2022-02-14,2
15899,43,Premium,1100.6,Mexico,Romance,2024-07-15,1
15900,48,Estandar,616.1,Mexico,Thriller,2021-11-26,0
15901,39,Basico,882.1,Argentina,Drama,2021-11-24,2
15902,14,Premium,1269.6,Colombia,Comedia,2021-02-06,2
15903,22,Basico,225.6,Chile,Romance,2020-07-15,0
15904,42,Premium,1450.5,Chile,Crimen,2024-10-19,1
15905,44,Basico,525.7,Argentina,Drama,2020-03-07,1
15906,36,Estandar,1099.5,Argentina,Drama,2023-02-06,0
15907,33,Premium,1204.7,Mexico,Crimen,2022-07-13,1
15908,55,Premium,690.6,Brasil,Documental,2024-06-12,0
15909,52,Estandar,852.3,Colombia,Comedia,2018-01-20,1
15910,13,Estandar,963.3,Argentina,Crimen,2020-12-05,0
15911,34,Estandar,1254.5,Peru,Accion,2019-12-18,1
15912,32,Basico,634.3,Colombia,Crimen,2022-07-26,0
15913,30,Estandar,453.5,Brasil,Crimen,2023-09-05,0
15914,31,Estandar,981.2,Peru,Drama,2019-03-13,0
15915,15,Premium,1068.1,Peru,Thriller,2024-04-07,3
15916,31,Premium,916.2,Colombia,Documental,2018-10-24,1
15917,28,Basico,194.4,Uruguay,Drama,2023-08-23,0
15918,26,Basico,495.6,Chile,Documental,2021-04-20,1
15919,15,Basico,313.2,Peru,Crimen,2021-10-24,0
15920,46,Basico,351.5,Chile,Accion,2019-04-25,0
15921,59,Basico,444.5,Brasil,Romance,2023-10-04,1
15922,39,Premium,1126.4,Mexico,Crimen,2020-11-21,0
15923,37,Premium,1102.7,Mexico,Accion,2024-01-13,0
15924,37,Estandar,509.2,Uruguay,Thriller,2024-06-12,2
15925,51,Basico,553.7,Peru,Documental,2020-10-21,0
15926,28,Basico,470.4,Mexico,Comedia,2025-10-14,0
15927,37,Basico,103.3,Chile,Thriller,2022-12-19,0
15928,30,Estandar,1269.0,Uruguay,Comedia,2022-03-25,3
15929,34,Basico,771.4,Brasil,Accion,2024-04-25,2
15930,34,Basico,960.9,Chile,Thriller,2023-06-04,2
15931,36,Estandar,212.6,Colombia,Romance,2020-09-23,0
15932,43,Premium,1439.6,Mexico,Thriller,2021-10-23,0
15933,38,Premium,1430.5,Chile,Crimen,2023-02-23,0
15934,38,Premium,1212.9,Mexico,Documental,2025-08-23,0
15935,44,Estandar,1054.3,Uruguay,Comedia,2023-03-03,0
15936,30,Premium,1168.3,Argentina,Documental,2024-07-31,2
15937,44,Basico,141.4,Uruguay,Thriller,2018-04-23,2
15938,28,Estandar,778.9,Colombia,Documental,2023-05-29,2
15939,33,Basico,63.9,Chile,Accion,2019-04-22,0
15940,46,Basico,382.1,Uruguay,Drama,2020-11-22,0
15941,33,Basico,2515.6,Chile,Thriller,2018-10-04,0
15942,25,Premium,1047.7,Argentina,Crimen,2022-02-14,2
15943,26,Estandar,767.6,Peru,Romance,2025-02-08,0
15944,28,Estandar,492.7,Uruguay,Thriller,2020-06-21,0
15945,65,Estandar,998.8,Peru,Documental,2025-08-04,0
15946,18,Basico,1001.5,Colombia,Comedia,2025-11-12,0
15947,38,Estandar,530.9,Peru,Documental,2020-07-30,0
15948,52,Basico,493.1,Mexico,Crimen,2021-07-17,1
15949,23,Basico,355.7,Peru,Comedia,2022-08-17,0
15950,29,Basico,226.0,Chile,Documental,2021-12-17,1
15951,24,Premium,1345.5,Argentina,Documental,2023-10-17,1
15952,22,Basico,531.6,Argentina,Romance,2024-01-04,1
15953,35,Basico,547.7,Brasil,Thriller,2018-02-09,1
15954,13,Basico,505.4,Mexico,Crimen,2025-11-10,1
15955,23,Estandar,1184.4,Brasil,Accion,2020-12-14,1
15956,35,Premium,1370.6,Uruguay,Drama,2020-10-13,2
15957,58,Estandar,769.4,Chile,Romance,2021-03-22,1
15958,40,Estandar,3628.4,Argentina,Thriller,2019-01-16,2
15959,48,Basico,0.0,Brasil,Crimen,2022-06-23,2
15960,36,Basico,394.6,Argentina,Documental,2025-07-22,1
15961,53,Estandar,1123.1,Chile,Comedia,2021-11-01,0
15962,43,Basico,310.5,Brasil,Crimen,2018-11-08,1
15963,37,Premium,1077.4,Uruguay,Thriller,2024-03-21,1
15964,45,Basico,266.7,Mexico,Thriller,2020-01-02,0
15965,22,Estandar,1253.0,Uruguay,Thriller,2023-05-06,0
15966,47,Basico,516.7,Peru,Drama,2021-09-07,1
15967,43,Premium,1194.1,Brasil,Crimen,2021-12-19,0
15968,21,Premium,451.6,Uruguay,Accion,2020-06-14,0
15969,50,Estandar,1118.6,Argentina,Drama,2024-06-07,0
15970,40,Basico,663.0,Peru,Crimen,2021-01-07,1
15971,36,Premium,768.5,Mexico,Comedia,2020-01-19,0
15972,28,Basico,728.7,Uruguay,Comedia,2025-08-30,5
15973,27,Estandar,440.0,Colombia,Thriller,2020-02-18,1
15974,38,Premium,1173.6,Chile,Drama,2023-08-06,0
15975,29,Estandar,1204.7,Chile,Comedia,2020-03-28,3
15976,34,Premium,1130.7,Mexico,Thriller,2020-08-19,0
15977,36,Estandar,962.7,Chile,Drama,2020-09-18,1
15978,42,Estandar,861.8,Argentina,Accion,2020-12-23,0
15979,27,Basico,363.1,Mexico,Documental,2020-04-26,1
15980,29,Estandar,0.0,Uruguay,Comedia,2020-07-27,0
15981,59,Basico,481.5,Argentina,Comedia,2020-04-10,1
15982,49,Basico,268.9,Mexico,Accion,2020-10-19,1
15983,32,Basico,452.0,Uruguay,Thriller,2024-12-08,0
15984,13,Premium,1203.6,Mexico,Drama,2021-12-29,1
15985,33,Estandar,668.3,Colombia,Comedia,2019-10-01,0
15986,33,Premium,938.2,Colombia,Comedia,2019-03-13,1
15987,33,Basico,466.0,Chile,Drama,2019-05-07,0
15988,27,Premium,1573.6,Chile,Drama,2018-11-18,1
15989,39,Basico,519.4,Mexico,Thriller,2025-07-31,0
15990,32,Estandar,626.9,Brasil,Comedia,2025-06-10,0
15991,25,Premium,1276.2,Argentina,Romance,2023-07-11,0
15992,37,Estandar,801.3,Chile,Romance,2024-11-19,2
15993,38,Estandar,459.3,Argentina,Accion,2018-01-28,1
15994,38,Basico,0.0,Uruguay,Documental,2024-01-27,0
15995,37,Basico,676.5,Brasil,Romance,2018-06-23,3
15996,15,Estandar,363.1,Uruguay,Drama,2023-05-30,3
15997,29,Premium,1144.2,Brasil,Thriller,2022-03-01,0
15998,35,Estandar,683.1,Argentina,Drama,2024-12-17,2
15999,44,Basico,680.8,Mexico,Documental,2021-07-15,0
16000,32,Basico,1196.9,Argentina,Accion,2023-07-10,0
16001,21,Basico,3628.4,Uruguay,Thriller,2024-06-11,1
16002,20,Basico,712.9,Brasil,Crimen,2021-01-30,5
16003,34,Estandar,876.8,Brasil,Romance,2023-07-04,0
16004,45,Estandar,561.5,Colombia,Crimen,2020-01-20,1
16005,36,Basico,754.4,Uruguay,Crimen,2023-09-25,1
16006,31,Premium,1013.0,Peru,Thriller,2021-02-21,0
16007,31,Basico,718.9,Peru,Romance,2022-06-18,0
16008,25,Basico,849.4,Uruguay,Accion,2020-06-28,0
16009,65,Premium,1388.2,Colombia,Comedia,2024-06-20,0
16010,27,Basico,179.7,Colombia,Crimen,2019-06-10,2
16011,34,Premium,774.4,Argentina,Documental,2018-08-10,2
16012,42,Estandar,657.9,Colombia,Comedia,2023-11-24,2
16013,30,Basico,636.6,Peru,Comedia,2022-09-30,0
16014,33,Basico,811.4,Brasil,Drama,2023-05-14,0
16015,26,Basico,453.5,Colombia,Comedia,2024-01-24,3
16016,53,Basico,933.8,Peru,Romance,2018-05-14,0
16017,32,Basico,69.2,Peru,Drama,2023-08-21,0
16018,22,Premium,1033.1,Uruguay,Drama,2021-11-23,0
16019,13,Basico,692.4,Mexico,Drama,2022-06-01,1
16020,33,Basico,627.8,Chile,Romance,2025-09-12,0
16021,55,Basico,597.5,Brasil,Drama,2019-12-17,2
16022,23,Estandar,979.0,Uruguay,Documental,2023-02-16,1
16023,39,Premium,1309.3,Uruguay,Romance,2019-05-09,0
16024,24,Basico,513.9,Argentina,Documental,2025-10-31,1
16025,50,Basico,0.0,Colombia,Accion,2023-10-24,1
16026,24,Basico,1074.8,Argentina,Comedia,2023-02-28,0
16027,39,Estandar,3628.4,Argentina,Romance,2021-07-16,2
16028,38,Basico,614.8,Mexico,Drama,2025-09-24,0
16029,40,Basico,543.5,Chile,Documental,2018-02-04,1
16030,48,Basico,277.9,Argentina,Drama,2018-02-18,1
16031,20,Basico,235.1,Mexico,Comedia,2025-07-24,1
16032,38,Estandar,661.2,Uruguay,Romance,2020-05-13,0
16033,32,Estandar,1299.8,Colombia,Comedia,2022-04-04,0
16034,25,Basico,776.2,Chile,Comedia,2024-07-07,0
16035,46,Estandar,606.6,Peru,Crimen,2019-02-17,1
16036,34,Basico,433.9,Peru,Accion,2021-08-25,1
16037,46,Premium,848.1,Uruguay,Documental,2022-01-21,0
16038,15,Basico,142.3,Peru,Crimen,2024-11-14,0
16039,32,Estandar,818.1,Colombia,Drama,2020-11-29,0
16040,46,Basico,197.1,Peru,Accion,2020-02-06,2
16041,44,Basico,389.9,Uruguay,Romance,2024-02-25,0
16042,13,Basico,596.4,Brasil,Drama,2020-12-12,0
16043,27,Basico,752.8,Colombia,Comedia,2020-08-29,1
16044,25,Basico,703.1,Mexico,Drama,2021-01-08,2
16045,44,Estandar,1294.4,Mexico,Accion,2023-04-15,1
16046,15,Estandar,1527.9,Chile,Thriller,2024-11-16,0
16047,45,Basico,651.0,Chile,Romance,2021-11-06,0
16048,36,Premium,1156.1,Brasil,Accion,2022-02-07,0
16049,29,Estandar,879.7,Brasil,Documental,2020-01-24,1
16050,16,Estandar,1099.9,Peru,Crimen,2023-08-05,1
16051,28,Estandar,917.5,Colombia,Crimen,2022-10-03,1
16052,34,Premium,1126.1,Chile,Comedia,2020-05-12,1
16053,23,Estandar,891.7,Peru,Documental,2022-09-13,1
16054,51,Premium,636.5,Brasil,Crimen,2025-11-10,1
16055,33,Basico,429.8,Peru,Thriller,2022-03-05,0
16056,18,Estandar,1143.1,Uruguay,Documental,2022-02-04,0
16057,27,Basico,244.3,Brasil,Romance,2022-06-29,1
16058,47,Estandar,582.4,Argentina,Romance,2021-02-19,1
16059,29,Basico,205.3,Uruguay,Comedia,2023-01-21,0
16060,43,Estandar,463.8,Argentina,Documental,2020-01-07,1
16061,35,Estandar,1101.6,Colombia,Accion,2024-05-29,1
16062,54,Estandar,822.4,Brasil,Romance,2022-02-14,2
16063,19,Basico,708.1,Mexico,Thriller,2024-06-16,0
16064,49,Basico,762.9,Chile,Comedia,2025-09-10,1
16065,51,Premium,863.4,Peru,Documental,2020-07-25,1
16066,36,Estandar,1220.1,Uruguay,Drama,2019-02-14,0
16067,13,Basico,446.1,Mexico,Thriller,2021-01-10,0
16068,24,Estandar,437.3,Argentina,Romance,2022-02-14,4
16069,13,Basico,290.9,Chile,Documental,2024-03-24,0
16070,16,Basico,1023.0,Argentina,Crimen,2022-02-14,3
16071,14,Estandar,821.3,Colombia,Crimen,2022-04-10,1
16072,14,Premium,1269.7,Brasil,Drama,2020-03-14,0
16073,42,Estandar,555.2,Uruguay,Comedia,2019-08-21,1
16074,40,Estandar,793.1,Mexico,Documental,2019-09-05,0
16075,29,Estandar,557.2,Uruguay,Comedia,2022-02-14,2
16076,29,Basico,0.0,Mexico,Drama,2018-02-09,0
16077,23,Basico,444.0,Mexico,Documental,2019-12-25,0
16078,41,Estandar,491.2,Argentina,Drama,2022-09-23,0
16079,32,Premium,679.1,Argentina,Drama,2023-08-09,0
16080,66,Estandar,1051.2,Chile,Accion,2022-02-14,2
16081,47,Premium,1007.3,Uruguay,Thriller,2025-01-27,1
16082,60,Basico,647.0,Mexico,Thriller,2023-10-19,0
16083,33,Premium,595.9,Argentina,Documental,2023-12-28,0
16084,35,Basico,400.0,Brasil,Romance,2021-07-17,0
16085,13,Basico,129.1,Colombia,Drama,2023-06-17,0
16086,23,Premium,570.6,Uruguay,Accion,2021-05-13,1
16087,37,Estandar,805.7,Mexico,Thriller,2022-02-14,1
16088,31,Basico,1413.7,Mexico,Documental,2024-04-21,0
16089,37,Premium,1152.8,Uruguay,Accion,2024-05-14,2
16090,44,Estandar,286.1,Brasil,Accion,2018-07-15,0
16091,61,Estandar,1255.4,Uruguay,Thriller,2022-06-20,0
16092,48,Estandar,596.2,Mexico,Romance,2019-02-10,1
16093,23,Estandar,1037.9,Chile,Romance,2025-09-29,0
16094,38,Estandar,886.2,Chile,Comedia,2019-11-01,0
16095,25,Premium,756.2,Chile,Accion,2018-09-03,1
16096,45,Estandar,1145.1,Colombia,Thriller,2020-06-01,0
16097,32,Basico,444.2,Chile,Crimen,2020-11-07,0
16098,48,Basico,496.8,Brasil,Comedia,2023-05-06,2
16099,35,Premium,603.1,Brasil,Accion,2025-01-23,0
16100,38,Estandar,819.8,Colombia,Crimen,2019-01-30,0
16101,13,Basico,815.5,Argentina,Drama,2023-01-17,0
16102,37,Basico,497.0,Mexico,Thriller,2021-10-02,3
16103,33,Premium,512.9,Mexico,Drama,2020-11-30,1
16104,27,Basico,337.4,Brasil,Comedia,2022-02-14,2
16105,49,Premium,1227.3,Brasil,Drama,2022-01-15,1
16106,44,Basico,611.0,Peru,Romance,2024-04-14,1
16107,44,Basico,47.3,Argentina,Romance,2024-04-02,2
16108,30,Basico,1106.1,Colombia,Crimen,2020-11-21,1
16109,38,Basico,909.1,Brasil,Documental,2021-11-10,0
16110,42,Premium,1000.3,Mexico,Accion,2018-03-23,1
16111,26,Premium,707.9,Argentina,Comedia,2022-08-14,1
16112,25,Basico,1130.4,Colombia,Romance,2019-05-12,0
16113,22,Estandar,415.2,Uruguay,Accion,2021-12-09,1
16114,13,Premium,1130.7,Mexico,Romance,2025-08-15,1
16115,17,Estandar,837.8,Colombia,Drama,2024-10-16,1
16116,41,Basico,627.1,Uruguay,Drama,2020-03-25,2
16117,20,Premium,1188.8,Mexico,Comedia,2024-06-20,0
16118,36,Estandar,229.0,Colombia,Comedia,2024-06-16,0
16119,26,Premium,1264.6,Peru,Drama,2025-04-15,1
16120,13,Basico,947.7,Uruguay,Crimen,2025-04-12,2
16121,33,Basico,0.0,Argentina,Comedia,2024-01-15,1
16122,24,Premium,1004.9,Peru,Romance,2019-12-16,0
16123,40,Estandar,707.7,Peru,Romance,2021-03-11,0
16124,32,Estandar,942.2,Argentina,Thriller,2021-12-25,1
16125,28,Basico,37.7,Mexico,Thriller,2021-08-24,0
16126,33,Estandar,726.7,Mexico,Crimen,2025-07-20,3
16127,45,Premium,1168.3,Argentina,Romance,2023-09-22,0
16128,39,Estandar,826.9,Brasil,Comedia,2023-06-20,1
16129,16,Estandar,449.5,Chile,Accion,2023-01-05,1
16130,41,Basico,912.2,Brasil,Drama,2018-11-18,0
16131,29,Estandar,804.0,Colombia,Comedia,2022-02-14,2
16132,22,Estandar,980.3,Chile,Accion,2024-11-18,0
16133,26,Basico,579.0,Argentina,Drama,2021-03-19,1
16134,27,Estandar,503.6,Chile,Comedia,2023-03-15,1
16135,34,Basico,1048.7,Chile,Thriller,2025-01-31,1
16136,18,Estandar,719.4,Peru,Documental,2019-08-17,2
16137,35,Basico,560.0,Peru,Thriller,2019-11-18,0
16138,22,Basico,539.5,Mexico,Documental,2022-02-14,3
16139,36,Basico,778.9,Peru,Romance,2021-10-13,1
16140,32,Basico,0.0,Peru,Accion,2022-09-24,0
16141,42,Estandar,731.5,Chile,Romance,2025-01-29,0
16142,13,Premium,1156.5,Chile,Accion,2024-11-13,0
16143,33,Estandar,3323.7,Peru,Accion,2024-05-30,1
16144,53,Estandar,1207.4,Colombia,Documental,2022-07-16,2
16145,24,Basico,271.0,Mexico,Romance,2018-10-20,1
16146,43,Basico,301.9,Argentina,Crimen,2018-11-21,0
16147,30,Basico,973.4,Uruguay,Comedia,2019-10-26,0
16148,33,Premium,977.3,Uruguay,Crimen,2021-11-08,1
16149,44,Premium,1279.4,Colombia,Accion,2020-07-23,1
16150,49,Basico,284.4,Colombia,Drama,2021-07-08,0
16151,40,Premium,756.3,Argentina,Drama,2022-02-14,2
16152,23,Estandar,762.9,Brasil,Accion,2025-04-28,0
16153,26,Basico,905.3,Argentina,Documental,2021-04-08,0
16154,22,Estandar,350.7,Argentina,Thriller,2025-12-19,1
16155,34,Premium,3044.2,Mexico,Comedia,2020-12-31,1
16156,21,Basico,210.8,Colombia,Comedia,2024-10-15,1
16157,13,Basico,326.9,Colombia,Drama,2025-03-25,1
16158,33,Estandar,3055.1,Peru,Drama,2022-06-08,0
16159,47,Estandar,818.0,Uruguay,Accion,2021-01-16,0
16160,38,Premium,993.9,Brasil,Comedia,2022-12-28,2
16161,22,Estandar,288.7,Chile,Accion,2022-01-27,0
16162,37,Estandar,3628.4,Brasil,Romance,2024-08-01,1
16163,34,Estandar,1042.4,Uruguay,Drama,2023-11-04,2
16164,44,Basico,1327.5,Peru,Drama,2023-01-19,1
16165,35,Basico,374.5,Uruguay,Drama,2022-08-23,1
16166,43,Basico,796.8,Argentina,Crimen,2019-11-17,1
16167,27,Basico,375.9,Colombia,Crimen,2020-01-24,1
16168,35,Estandar,1131.4,Brasil,Accion,2018-04-05,0
16169,13,Basico,0.0,Uruguay,Crimen,2019-05-28,0
16170,20,Estandar,934.7,Brasil,Documental,2020-08-19,1
16171,41,Premium,1295.4,Colombia,Romance,2025-06-04,0
16172,32,Basico,377.2,Peru,Drama,2020-10-27,0
16173,13,Estandar,722.2,Argentina,Crimen,2022-02-14,2
16174,24,Premium,1240.3,Chile,Documental,2018-11-24,0
16175,51,Basico,608.9,Peru,Crimen,2020-05-12,0
16176,46,Basico,324.6,Argentina,Romance,2019-11-15,3
16177,39,Premium,1128.0,Uruguay,Thriller,2022-06-15,4
16178,33,Basico,615.8,Argentina,Documental,2019-02-26,2
16179,29,Estandar,821.0,Mexico,Documental,2019-01-27,0
16180,16,Estandar,786.4,Brasil,Romance,2018-09-19,1
16181,64,Estandar,750.4,Uruguay,Crimen,2023-04-23,4
16182,44,Basico,462.2,Peru,Comedia,2024-02-25,0
16183,35,Premium,1026.8,Chile,Documental,2018-08-09,1
16184,54,Premium,922.0,Colombia,Comedia,2018-04-18,0
16185,40,Premium,1140.4,Mexico,Accion,2022-06-15,0
16186,36,Premium,1286.1,Uruguay,Romance,2023-11-17,0
16187,38,Premium,1123.6,Peru,Drama,2018-12-07,1
16188,42,Estandar,1161.2,Uruguay,Crimen,2022-02-14,2
16189,31,Basico,279.9,Peru,Thriller,2020-12-11,2
16190,22,Estandar,649.6,Brasil,Comedia,2024-12-06,1
16191,38,Basico,462.1,Mexico,Romance,2019-09-29,1
16192,56,Premium,1101.6,Argentina,Comedia,2018-12-12,0
16193,23,Basico,275.6,Brasil,Accion,2025-05-06,0
16194,18,Premium,1033.0,Colombia,Thriller,2022-05-16,1
16195,29,Basico,960.1,Uruguay,Accion,2021-06-21,3
16196,27,Basico,0.0,Peru,Drama,2022-02-14,2
16197,24,Basico,563.3,Brasil,Thriller,2020-10-10,1
16198,50,Estandar,1196.0,Mexico,Crimen,2021-03-09,2
16199,33,Basico,447.2,Peru,Comedia,2022-12-21,0
16200,33,Basico,3628.4,Argentina,Comedia,2025-01-10,0
16201,25,Basico,481.4,Peru,Documental,2019-06-02,2
16202,35,Basico,918.2,Mexico,Thriller,2019-06-22,2
16203,22,Premium,1116.3,Brasil,Drama,2023-11-28,1
16204,29,Basico,339.0,Mexico,Crimen,2019-11-30,0
16205,35,Premium,1156.4,Chile,Crimen,2018-04-28,2
16206,30,Premium,834.7,Colombia,Drama,2018-05-24,0
16207,21,Estandar,3628.4,Chile,Thriller,2022-02-14,3
16208,31,Basico,226.8,Chile,Drama,2022-01-01,0
16209,13,Estandar,402.3,Chile,Documental,2021-08-25,1
16210,31,Basico,574.3,Mexico,Accion,2023-05-05,0
16211,32,Basico,555.6,Argentina,Accion,2023-03-29,0
16212,30,Estandar,710.8,Uruguay,Crimen,2022-02-14,1
16213,32,Estandar,1143.8,Uruguay,Crimen,2022-02-14,3
16214,20,Estandar,484.3,Argentina,Crimen,2024-02-25,0
16215,54,Estandar,1336.0,Mexico,Accion,2022-12-28,0
16216,35,Estandar,191.6,Chile,Documental,2019-07-08,0
16217,23,Basico,290.3,Argentina,Comedia,2025-10-28,0
16218,16,Basico,706.8,Mexico,Comedia,2024-01-18,4
16219,35,Basico,3092.2,Peru,Comedia,2019-12-27,0
16220,22,Premium,664.3,Uruguay,Accion,2024-08-17,0
16221,57,Basico,60.2,Chile,Drama,2024-09-13,1
16222,29,Estandar,1086.9,Uruguay,Comedia,2023-02-14,1
16223,27,Estandar,915.2,Mexico,Documental,2025-01-28,0
16224,26,Estandar,574.6,Peru,Comedia,2025-02-17,1
16225,47,Estandar,679.1,Uruguay,Drama,2024-04-29,0
16226,34,Basico,918.3,Uruguay,Romance,2022-11-17,0
16227,43,Premium,868.4,Brasil,Drama,2023-11-15,0
16228,19,Estandar,1073.7,Uruguay,Thriller,2025-03-05,0
16229,33,Estandar,1190.1,Argentina,Romance,2025-03-04,1
16230,15,Premium,3628.4,Mexico,Documental,2023-12-27,1
16231,31,Estandar,950.0,Uruguay,Accion,2021-06-22,1
16232,25,Basico,1061.0,Chile,Romance,2021-11-23,0
16233,31,Basico,631.3,Argentina,Documental,2023-05-27,1
16234,31,Basico,0.0,Chile,Romance,2024-01-20,2
16235,46,Premium,1273.4,Mexico,Comedia,2020-07-19,1
16236,13,Premium,821.6,Colombia,Documental,2019-01-02,0
16237,22,Estandar,3628.4,Argentina,Documental,2022-12-15,0
16238,43,Basico,274.6,Colombia,Crimen,2021-06-15,3
16239,55,Premium,1365.7,Colombia,Comedia,2022-02-07,2
16240,42,Premium,1336.6,Brasil,Comedia,2022-08-16,1
16241,34,Estandar,792.0,Chile,Drama,2020-11-30,2
16242,53,Basico,290.2,Mexico,Drama,2019-09-30,1
16243,35,Premium,958.4,Uruguay,Accion,2022-02-14,2
16244,32,Basico,749.3,Peru,Romance,2022-02-14,2
16245,45,Basico,521.5,Uruguay,Accion,2018-01-01,1
16246,13,Estandar,402.1,Colombia,Thriller,2023-11-14,1
16247,23,Estandar,1234.9,Argentina,Documental,2019-07-13,0
16248,17,Basico,924.8,Uruguay,Drama,2021-11-09,0
16249,29,Basico,459.9,Mexico,Drama,2021-03-20,1
16250,20,Estandar,735.8,Colombia,Drama,2023-04-06,1
16251,21,Estandar,590.6,Mexico,Romance,2024-01-01,1
16252,29,Premium,1348.8,Uruguay,Accion,2018-02-04,2
16253,31,Basico,447.2,Colombia,Documental,2025-09-18,1
16254,13,Basico,721.7,Peru,Comedia,2023-07-08,3
16255,26,Basico,739.9,Peru,Drama,2023-05-09,1
16256,41,Basico,896.6,Peru,Romance,2021-05-12,1
16257,13,Estandar,374.0,Chile,Crimen,2018-02-07,3
16258,20,Estandar,1057.1,Uruguay,Thriller,2022-10-30,0
16259,28,Estandar,241.0,Argentina,Crimen,2021-04-14,0
16260,26,Basico,931.5,Peru,Crimen,2024-09-11,3
16261,43,Basico,606.4,Chile,Thriller,2020-08-05,0
16262,26,Estandar,964.3,Peru,Drama,2018-01-30,0
16263,31,Premium,1632.8,Brasil,Crimen,2024-02-24,1
16264,40,Estandar,929.0,Mexico,Documental,2022-03-11,1
16265,46,Premium,1163.8,Uruguay,Crimen,2020-02-12,0
16266,32,Basico,37.0,Colombia,Thriller,2022-08-14,1
16267,25,Estandar,928.6,Mexico,Romance,2024-04-15,1
16268,49,Basico,437.1,Peru,Comedia,2022-11-26,1
16269,51,Estandar,652.8,Chile,Comedia,2022-06-05,0
16270,37,Basico,592.6,Peru,Accion,2020-10-20,0
16271,32,Basico,435.9,Chile,Romance,2019-10-31,0
16272,31,Basico,499.9,Brasil,Romance,2025-03-30,3
16273,35,Premium,1140.4,Argentina,Comedia,2022-05-16,0
16274,40,Basico,766.2,Chile,Comedia,2022-03-30,1
16275,27,Basico,779.9,Chile,Crimen,2020-06-22,0
16276,21,Basico,690.3,Chile,Drama,2020-12-13,0
16277,28,Basico,430.0,Mexico,Romance,2018-11-21,0
16278,34,Estandar,1586.6,Colombia,Documental,2022-09-26,1
16279,19,Estandar,471.4,Uruguay,Thriller,2025-01-05,0
16280,34,Estandar,1098.1,Uruguay,Crimen,2020-09-08,0
16281,34,Basico,1073.7,Peru,Romance,2023-10-18,0
16282,24,Basico,283.3,Chile,Thriller,2024-11-16,0
16283,38,Basico,631.6,Argentina,Comedia,2025-10-13,2
16284,28,Premium,1222.0,Uruguay,Documental,2025-09-05,2
16285,26,Basico,145.5,Peru,Thriller,2021-01-18,0
16286,46,Basico,620.4,Brasil,Documental,2021-03-12,1
16287,54,Basico,301.1,Colombia,Accion,2025-04-10,0
16288,28,Premium,466.8,Argentina,Accion,2023-12-19,1
16289,41,Premium,1469.9,Chile,Drama,2021-01-06,3
16290,51,Basico,333.5,Colombia,Thriller,2022-08-19,1
16291,31,Basico,0.0,Colombia,Thriller,2022-02-14,0
16292,24,Basico,914.2,Uruguay,Romance,2018-10-08,1
16293,32,Basico,1024.2,Mexico,Documental,2020-01-18,1
16294,52,Basico,436.8,Chile,Romance,2019-07-14,1
16295,27,Basico,261.5,Colombia,Crimen,2021-04-01,0
16296,40,Basico,391.6,Peru,Drama,2019-03-29,0
16297,39,Basico,601.4,Uruguay,Romance,2025-02-21,0
16298,40,Estandar,645.8,Brasil,Comedia,2023-02-09,1
16299,34,Basico,0.0,Argentina,Crimen,2024-12-05,0
16300,39,Estandar,434.3,Colombia,Documental,2023-01-29,0
16301,38,Basico,592.7,Peru,Documental,2021-01-19,1
16302,30,Basico,1179.2,Peru,Documental,2025-11-09,0
16303,46,Basico,751.7,Uruguay,Romance,2024-12-25,1
16304,30,Basico,206.7,Peru,Documental,2023-07-09,2
16305,22,Estandar,542.2,Peru,Comedia,2020-02-09,3
16306,37,Basico,170.4,Peru,Thriller,2021-08-06,0
16307,32,Basico,124.5,Argentina,Accion,2018-03-21,3
16308,26,Estandar,732.5,Uruguay,Comedia,2019-09-16,0
16309,34,Basico,885.0,Chile,Drama,2018-07-23,0
16310,50,Estandar,698.5,Uruguay,Drama,2024-01-01,1
16311,24,Premium,738.7,Brasil,Documental,2018-04-01,3
16312,42,Basico,803.4,Uruguay,Romance,2020-02-01,1
16313,42,Premium,843.7,Peru,Documental,2019-02-23,0
16314,55,Basico,756.2,Peru,Comedia,2021-03-01,0
16315,47,Estandar,1391.5,Peru,Romance,2021-01-07,2
16316,29,Basico,0.0,Colombia,Accion,2019-05-28,1
16317,13,Basico,880.2,Argentina,Documental,2022-12-01,0
16318,13,Estandar,42.7,Brasil,Romance,2018-02-03,3
16319,24,Basico,934.9,Mexico,Comedia,2020-08-11,0
16320,21,Estandar,993.4,Argentina,Documental,2019-01-05,0
16321,31,Estandar,895.0,Brasil,Comedia,2019-09-10,1
16322,39,Premium,1068.3,Brasil,Crimen,2018-03-02,0
16323,35,Basico,472.2,Mexico,Crimen,2023-07-15,0
16324,40,Estandar,898.1,Argentina,Documental,2020-06-08,1
16325,32,Premium,230.7,Uruguay,Accion,2021-11-01,1
16326,51,Basico,718.4,Peru,Crimen,2022-09-18,1
16327,39,Premium,1170.8,Mexico,Documental,2021-06-30,2
16328,36,Premium,1164.1,Chile,Comedia,2023-08-04,0
16329,42,Premium,797.4,Mexico,Romance,2022-03-02,0
16330,47,Premium,600.0,Mexico,Comedia,2023-03-15,0
16331,35,Estandar,209.8,Chile,Romance,2025-10-25,0
16332,29,Estandar,785.7,Mexico,Romance,2018-05-10,0
16333,49,Basico,1108.1,Mexico,Thriller,2021-09-14,0
16334,54,Basico,654.9,Chile,Accion,2018-11-25,3
16335,65,Premium,1130.7,Mexico,Crimen,2019-08-22,0
16336,29,Basico,202.1,Peru,Accion,2018-08-18,0
16337,29,Estandar,329.6,Uruguay,Thriller,2020-12-27,1
16338,13,Premium,1113.2,Brasil,Documental,2022-05-27,0
16339,22,Basico,626.6,Uruguay,Crimen,2018-10-20,0
16340,26,Premium,1242.9,Argentina,Drama,2024-02-03,0
16341,13,Premium,1240.4,Chile,Thriller,2023-04-10,1
16342,18,Basico,375.7,Mexico,Accion,2020-01-14,0
16343,36,Estandar,1120.8,Uruguay,Accion,2020-02-27,0
16344,35,Basico,474.1,Uruguay,Crimen,2020-10-21,0
16345,37,Estandar,799.1,Uruguay,Crimen,2022-04-12,0
16346,36,Basico,431.3,Peru,Crimen,2018-02-21,0
16347,27,Basico,358.4,Colombia,Comedia,2019-05-15,1
16348,42,Basico,389.1,Argentina,Accion,2020-10-16,0
16349,25,Basico,422.5,Uruguay,Documental,2022-04-26,0
16350,34,Estandar,443.3,Peru,Accion,2022-12-20,0
16351,44,Estandar,556.8,Mexico,Crimen,2020-10-09,0
16352,35,Basico,548.2,Uruguay,Drama,2018-05-18,0
16353,44,Estandar,520.3,Brasil,Drama,2020-03-26,0
16354,36,Estandar,461.3,Peru,Comedia,2023-03-03,1
16355,38,Estandar,620.7,Uruguay,Thriller,2019-01-20,0
16356,19,Premium,1331.5,Argentina,Crimen,2023-11-05,0
16357,29,Estandar,867.4,Uruguay,Romance,2025-06-20,0
16358,38,Estandar,1153.9,Mexico,Romance,2020-05-03,1
16359,14,Premium,939.8,Uruguay,Crimen,2023-04-21,0
16360,52,Basico,551.0,Colombia,Comedia,2022-05-13,0
16361,45,Estandar,1240.0,Peru,Crimen,2025-08-23,0
16362,36,Basico,849.6,Uruguay,Romance,2021-07-02,1
16363,34,Estandar,539.3,Mexico,Thriller,2021-08-16,0
16364,45,Basico,702.0,Argentina,Crimen,2019-10-12,0
16365,26,Estandar,873.5,Chile,Comedia,2025-01-21,0
16366,38,Basico,124.0,Mexico,Thriller,2018-06-22,2
16367,38,Premium,1296.5,Colombia,Comedia,2024-03-01,2
16368,46,Estandar,1249.4,Chile,Crimen,2023-11-04,3
16369,13,Premium,1063.0,Brasil,Crimen,2019-05-16,0
16370,36,Estandar,776.6,Mexico,Romance,2020-11-03,1
16371,32,Basico,371.2,Chile,Romance,2023-05-26,3
16372,58,Basico,550.1,Chile,Accion,2025-02-28,2
16373,36,Estandar,704.6,Mexico,Drama,2021-05-08,0
16374,43,Premium,1129.4,Colombia,Comedia,2020-03-24,1
16375,28,Premium,1392.5,Brasil,Drama,2022-01-16,0
16376,22,Estandar,600.2,Brasil,Crimen,2018-08-02,4
16377,41,Basico,350.4,Uruguay,Accion,2025-06-23,0
16378,22,Estandar,596.2,Uruguay,Drama,2020-06-11,1
16379,32,Basico,533.0,Peru,Comedia,2019-04-08,2
16380,38,Estandar,834.9,Peru,Drama,2022-02-14,2
16381,29,Basico,419.4,Colombia,Romance,2025-02-05,1
16382,26,Basico,696.4,Chile,Drama,2022-11-14,0
16383,54,Basico,605.1,Colombia,Documental,2021-08-22,0
16384,39,Basico,796.5,Mexico,Thriller,2018-03-03,3
16385,34,Premium,1223.2,Brasil,Documental,2019-11-17,1
16386,13,Basico,866.8,Brasil,Comedia,2021-02-04,1
16387,27,Estandar,1051.5,Argentina,Crimen,2024-07-22,2
16388,28,Estandar,923.7,Argentina,Drama,2019-05-06,0
16389,17,Estandar,925.3,Peru,Drama,2022-06-10,0
16390,32,Premium,874.9,Mexico,Romance,2020-09-22,0
16391,24,Estandar,766.2,Peru,Crimen,2018-02-06,2
16392,43,Basico,146.6,Argentina,Crimen,2018-06-22,2
16393,45,Estandar,730.5,Colombia,Romance,2024-07-08,0
16394,37,Basico,932.7,Mexico,Accion,2025-09-30,0
16395,28,Estandar,841.0,Brasil,Crimen,2023-05-01,1
16396,48,Basico,541.9,Mexico,Comedia,2025-09-20,0
16397,27,Basico,632.0,Colombia,Crimen,2024-09-08,0
16398,34,Estandar,1149.3,Colombia,Romance,2019-09-27,0
16399,14,Basico,686.3,Argentina,Accion,2022-03-02,1
16400,34,Basico,1192.8,Mexico,Drama,2019-01-02,1
16401,18,Basico,720.9,Mexico,Drama,2020-10-15,0
16402,46,Basico,1039.3,Colombia,Accion,2019-10-08,1
16403,58,Premium,1562.9,Chile,Crimen,2023-08-10,0
16404,30,Basico,656.7,Colombia,Crimen,2019-01-10,1
16405,19,Basico,847.1,Brasil,Drama,2025-09-10,1
16406,13,Premium,1145.9,Uruguay,Crimen,2024-12-08,2
16407,37,Estandar,771.1,Argentina,Drama,2021-10-18,1
16408,48,Estandar,412.5,Mexico,Comedia,2025-01-04,0
16409,20,Estandar,117.6,Uruguay,Crimen,2018-09-03,0
16410,20,Premium,1430.8,Peru,Accion,2018-09-02,0
16411,36,Estandar,1764.8,Chile,Accion,2021-12-27,1
16412,38,Premium,966.5,Mexico,Documental,2025-03-25,5
16413,53,Basico,698.8,Colombia,Comedia,2019-09-23,1
16414,25,Basico,784.4,Peru,Drama,2025-11-12,1
16415,48,Basico,444.5,Brasil,Thriller,2022-02-14,2
16416,33,Estandar,661.6,Argentina,Drama,2019-03-16,1
16417,13,Estandar,313.4,Peru,Crimen,2019-05-31,0
16418,46,Premium,1205.1,Mexico,Drama,2023-06-22,0
16419,24,Basico,271.6,Argentina,Romance,2020-08-11,0
16420,36,Basico,1268.2,Peru,Thriller,2021-07-21,1
16421,39,Estandar,688.9,Peru,Romance,2024-04-06,1
16422,35,Basico,876.3,Uruguay,Crimen,2025-03-25,0
16423,22,Estandar,991.2,Argentina,Accion,2021-11-23,1
16424,36,Estandar,1045.7,Brasil,Comedia,2022-12-02,1
16425,28,Estandar,726.3,Argentina,Romance,2020-03-01,0
16426,54,Basico,244.1,Argentina,Accion,2018-03-29,1
16427,42,Basico,994.0,Chile,Crimen,2022-02-14,2
16428,20,Premium,838.2,Argentina,Drama,2022-03-28,0
16429,40,Premium,894.8,Brasil,Comedia,2022-01-07,1
16430,13,Estandar,774.9,Uruguay,Accion,2019-07-06,1
16431,45,Estandar,666.8,Colombia,Accion,2020-10-23,1
16432,33,Basico,376.4,Mexico,Accion,2018-06-11,0
16433,25,Basico,593.9,Uruguay,Drama,2023-06-11,0
16434,27,Premium,1075.9,Peru,Accion,2022-02-14,2
16435,42,Basico,868.7,Uruguay,Documental,2022-11-28,1
16436,41,Estandar,893.4,Uruguay,Drama,2024-04-08,0
16437,34,Estandar,757.0,Brasil,Crimen,2021-04-22,0
16438,33,Basico,518.1,Brasil,Documental,2024-02-02,1
16439,13,Estandar,1202.6,Peru,Crimen,2025-10-26,1
16440,24,Premium,544.9,Uruguay,Comedia,2023-07-01,0
16441,18,Estandar,1220.2,Brasil,Documental,2020-02-17,1
16442,23,Estandar,1197.4,Peru,Romance,2024-05-10,0
16443,34,Basico,781.8,Brasil,Documental,2020-02-04,1
16444,13,Basico,9.6,Uruguay,Comedia,2022-02-14,2
16445,55,Basico,580.8,Argentina,Thriller,2021-11-25,1
16446,33,Estandar,856.6,Chile,Drama,2021-08-18,0
16447,15,Estandar,1198.6,Colombia,Comedia,2023-04-03,0
16448,23,Premium,1097.5,Brasil,Comedia,2021-02-01,1
16449,32,Estandar,1026.3,Uruguay,Documental,2022-02-14,0
16450,58,Basico,1152.6,Uruguay,Drama,2024-03-21,0
16451,36,Estandar,940.3,Chile,Thriller,2019-10-19,1
16452,40,Premium,940.2,Mexico,Romance,2018-10-10,1
16453,35,Estandar,972.1,Mexico,Thriller,2022-02-14,3
16454,34,Premium,1123.6,Peru,Crimen,2019-09-27,0
16455,21,Estandar,356.0,Mexico,Crimen,2023-01-15,0
16456,25,Estandar,1261.2,Brasil,Documental,2021-04-26,0
16457,23,Estandar,814.3,Chile,Drama,2020-12-14,1
16458,45,Estandar,282.7,Uruguay,Thriller,2024-01-28,0
16459,13,Basico,569.6,Brasil,Romance,2022-02-12,1
16460,41,Basico,772.0,Chile,Comedia,2023-02-03,2
16461,40,Basico,1020.5,Brasil,Romance,2018-01-03,1
16462,13,Estandar,0.0,Chile,Crimen,2025-02-26,2
16463,30,Estandar,754.6,Brasil,Romance,2023-09-04,2
16464,23,Basico,872.6,Argentina,Accion,2022-04-02,2
16465,43,Basico,3628.4,Brasil,Drama,2020-01-30,1
16466,16,Basico,1153.5,Colombia,Comedia,2018-03-18,1
16467,45,Estandar,188.5,Brasil,Drama,2024-12-13,2
16468,55,Estandar,1014.4,Brasil,Crimen,2022-01-31,1
16469,29,Estandar,1079.6,Brasil,Documental,2022-02-14,2
16470,50,Premium,867.6,Mexico,Accion,2020-09-05,1
16471,13,Basico,7.2,Chile,Romance,2021-06-08,2
16472,13,Estandar,524.3,Brasil,Romance,2018-09-17,0
16473,20,Basico,523.1,Peru,Accion,2025-05-20,0
16474,35,Estandar,985.8,Brasil,Crimen,2024-01-17,0
16475,52,Estandar,1146.5,Peru,Romance,2022-05-07,2
16476,49,Premium,1126.1,Chile,Thriller,2020-02-17,0
16477,28,Basico,596.6,Argentina,Comedia,2023-11-17,1
16478,40,Basico,475.0,Brasil,Thriller,2025-08-30,0
16479,24,Basico,358.9,Brasil,Documental,2023-07-31,2
16480,48,Basico,810.2,Mexico,Thriller,2024-03-08,1
16481,40,Basico,1126.4,Uruguay,Documental,2019-09-24,0
16482,44,Basico,3628.4,Uruguay,Comedia,2024-11-16,3
16483,24,Estandar,785.4,Peru,Accion,2021-03-05,1
16484,24,Basico,300.1,Colombia,Documental,2021-08-14,0
16485,41,Estandar,850.3,Mexico,Crimen,2022-08-06,0
16486,33,Premium,3336.3,Uruguay,Documental,2025-03-10,1
16487,31,Estandar,689.6,Colombia,Comedia,2021-08-12,0
16488,43,Basico,195.0,Colombia,Comedia,2019-03-29,0
16489,38,Estandar,788.2,Peru,Documental,2019-01-30,0
16490,37,Basico,640.3,Chile,Romance,2023-11-14,2
16491,32,Basico,469.0,Mexico,Drama,2025-05-22,1
16492,20,Premium,720.7,Brasil,Accion,2018-10-01,2
16493,38,Basico,1284.5,Peru,Accion,2018-06-29,0
16494,41,Estandar,1120.2,Uruguay,Documental,2019-06-16,0
16495,45,Estandar,1314.5,Mexico,Comedia,2020-01-02,0
16496,41,Premium,1495.8,Mexico,Drama,2018-05-09,0
16497,21,Estandar,1067.3,Mexico,Thriller,2020-04-07,1
16498,41,Basico,472.3,Mexico,Crimen,2019-03-15,0
16499,36,Basico,1041.5,Argentina,Accion,2023-06-12,3
16500,43,Estandar,494.4,Peru,Comedia,2020-02-24,0
16501,17,Estandar,1217.5,Argentina,Thriller,2019-02-09,0
16502,19,Basico,783.4,Uruguay,Documental,2018-05-11,1
16503,35,Basico,868.7,Chile,Crimen,2024-05-27,2
16504,22,Premium,1280.4,Peru,Romance,2025-03-13,2
16505,41,Basico,926.4,Peru,Drama,2022-05-11,2
16506,24,Premium,1123.6,Peru,Comedia,2025-05-18,0
16507,40,Basico,619.8,Mexico,Comedia,2023-06-30,1
16508,28,Premium,1196.2,Mexico,Documental,2023-11-24,0
16509,33,Estandar,773.1,Peru,Documental,2022-02-14,2
16510,40,Estandar,840.6,Chile,Accion,2025-11-12,1
16511,52,Estandar,802.4,Colombia,Documental,2024-08-14,0
16512,52,Basico,1031.2,Mexico,Thriller,2020-11-14,1
16513,40,Basico,1008.2,Argentina,Drama,2018-07-21,0
16514,33,Estandar,791.9,Chile,Comedia,2022-02-09,2
16515,40,Premium,1097.0,Brasil,Drama,2020-06-23,3
16516,54,Basico,678.5,Colombia,Crimen,2024-10-17,1
16517,22,Basico,209.2,Uruguay,Romance,2018-10-18,2
16518,41,Basico,737.1,Mexico,Thriller,2022-02-14,2
16519,39,Estandar,1225.4,Brasil,Accion,2020-05-04,0
16520,45,Estandar,1102.5,Uruguay,Thriller,2025-05-09,1
16521,30,Estandar,840.6,Chile,Crimen,2023-07-06,1
16522,17,Estandar,340.5,Mexico,Comedia,2018-11-24,1
16523,34,Estandar,1280.5,Brasil,Drama,2023-04-02,1
16524,13,Basico,451.7,Chile,Thriller,2025-03-02,0
16525,27,Basico,436.2,Uruguay,Documental,2018-09-06,4
16526,25,Basico,84.0,Brasil,Documental,2022-01-18,0
16527,37,Premium,1294.0,Brasil,Documental,2024-04-04,1
16528,47,Basico,389.0,Brasil,Romance,2022-08-31,0
16529,30,Basico,723.3,Mexico,Accion,2022-02-20,0
16530,26,Premium,1063.4,Argentina,Romance,2025-12-11,1
16531,48,Premium,1028.6,Peru,Documental,2018-08-27,0
16532,20,Premium,1389.0,Argentina,Documental,2024-12-01,0
16533,54,Basico,307.4,Mexico,Comedia,2020-12-24,0
16534,57,Basico,220.5,Peru,Accion,2023-12-07,0
16535,80,Estandar,356.8,Uruguay,Documental,2018-06-16,0
16536,45,Premium,1075.7,Chile,Crimen,2022-02-14,2
16537,27,Basico,270.0,Uruguay,Crimen,2021-05-29,1
16538,30,Estandar,1297.0,Chile,Drama,2018-11-16,0
16539,53,Premium,839.8,Argentina,Comedia,2020-06-03,1
16540,45,Basico,172.9,Argentina,Documental,2023-10-29,2
16541,47,Estandar,375.9,Chile,Romance,2019-02-02,0
16542,38,Estandar,843.9,Uruguay,Crimen,2019-02-19,1
16543,28,Estandar,607.1,Colombia,Drama,2020-08-04,0
16544,32,Premium,856.4,Uruguay,Romance,2023-12-18,1
16545,28,Basico,516.9,Mexico,Documental,2022-04-28,1
16546,31,Estandar,730.0,Brasil,Comedia,2020-02-16,1
16547,32,Basico,755.7,Mexico,Crimen,2020-03-02,2
16548,28,Estandar,1318.7,Mexico,Documental,2023-11-26,1
16549,17,Basico,287.9,Argentina,Comedia,2025-05-14,0
16550,34,Basico,361.8,Uruguay,Documental,2020-10-15,0
16551,39,Basico,374.2,Brasil,Drama,2024-05-23,1
16552,30,Basico,378.9,Mexico,Documental,2025-01-05,0
16553,39,Basico,0.0,Peru,Romance,2020-01-03,2
16554,13,Estandar,1244.3,Mexico,Thriller,2024-04-06,0
16555,33,Premium,806.3,Colombia,Crimen,2022-02-14,2
16556,22,Premium,1450.9,Colombia,Comedia,2022-08-28,0
16557,13,Basico,487.4,Colombia,Romance,2019-03-09,1
16558,27,Premium,1047.9,Argentina,Documental,2025-02-28,1
16559,24,Premium,1358.7,Brasil,Comedia,2024-06-19,0
16560,13,Estandar,1218.8,Argentina,Thriller,2022-01-06,2
16561,30,Basico,25.4,Colombia,Romance,2025-07-25,1
16562,40,Premium,1432.3,Uruguay,Accion,2023-02-22,1
16563,29,Basico,330.1,Peru,Thriller,2025-11-17,2
16564,63,Premium,1315.0,Peru,Documental,2025-06-17,0
16565,33,Basico,737.5,Colombia,Romance,2022-10-16,0
16566,13,Premium,1115.0,Argentina,Thriller,2019-03-03,1
16567,21,Premium,1481.9,Mexico,Documental,2019-11-15,0
16568,42,Basico,143.9,Argentina,Documental,2020-09-01,2
16569,58,Premium,1293.3,Argentina,Accion,2024-03-02,0
16570,31,Basico,927.9,Mexico,Accion,2022-07-03,4
16571,55,Basico,595.8,Brasil,Thriller,2023-08-30,2
16572,14,Basico,1096.6,Uruguay,Crimen,2021-10-14,0
16573,65,Premium,1119.3,Uruguay,Accion,2025-05-17,0
16574,32,Basico,561.3,Chile,Comedia,2019-10-10,1
16575,17,Premium,1012.3,Chile,Romance,2023-12-27,0
16576,29,Basico,251.4,Colombia,Crimen,2024-09-23,1
16577,21,Basico,587.9,Chile,Comedia,2022-12-20,1
16578,30,Estandar,1160.9,Mexico,Accion,2021-12-14,1
16579,24,Basico,643.5,Chile,Documental,2021-07-14,0
16580,22,Estandar,1090.2,Brasil,Romance,2024-03-03,1
16581,43,Premium,1209.2,Uruguay,Documental,2021-08-22,1
16582,24,Premium,1308.2,Brasil,Thriller,2022-03-03,0
16583,13,Estandar,701.1,Argentina,Drama,2022-08-16,0
16584,30,Premium,928.9,Colombia,Drama,2025-02-06,2
16585,33,Basico,1310.5,Brasil,Comedia,2022-10-30,1
16586,45,Basico,882.0,Uruguay,Romance,2021-08-17,1
16587,26,Premium,1443.1,Peru,Crimen,2024-10-28,1
16588,51,Basico,926.5,Argentina,Drama,2020-09-12,0
16589,31,Basico,762.9,Mexico,Crimen,2024-04-25,0
16590,33,Estandar,573.7,Chile,Comedia,2024-02-13,1
16591,45,Premium,1399.2,Colombia,Thriller,2020-05-26,0
16592,72,Basico,711.0,Brasil,Documental,2022-02-14,2
16593,33,Basico,874.0,Uruguay,Drama,2024-03-03,1
16594,50,Basico,983.8,Brasil,Documental,2020-11-06,1
16595,49,Estandar,834.9,Peru,Documental,2022-01-14,0
16596,13,Estandar,977.0,Argentina,Crimen,2023-01-28,0
16597,27,Basico,1325.5,Colombia,Crimen,2023-01-07,2
16598,31,Estandar,1003.1,Brasil,Thriller,2022-06-15,0
16599,49,Basico,0.0,Colombia,Romance,2018-01-01,0
16600,33,Estandar,681.7,Argentina,Drama,2018-05-22,1
16601,33,Basico,1432.2,Brasil,Thriller,2021-03-11,0
16602,21,Estandar,1403.5,Peru,Documental,2024-09-06,1
16603,34,Basico,217.4,Peru,Documental,2018-03-08,3
16604,51,Premium,3628.4,Peru,Thriller,2023-10-22,1
16605,62,Estandar,485.1,Mexico,Thriller,2019-07-08,0
16606,26,Basico,280.4,Colombia,Thriller,2021-05-21,0
16607,35,Basico,1037.7,Argentina,Romance,2018-01-27,1
16608,53,Estandar,698.8,Uruguay,Drama,2021-05-15,2
16609,33,Estandar,909.3,Uruguay,Romance,2022-02-14,2
16610,21,Basico,481.2,Chile,Drama,2020-05-29,0
16611,37,Basico,816.6,Mexico,Accion,2021-07-13,2
16612,40,Estandar,1425.1,Mexico,Documental,2018-03-30,1
16613,30,Estandar,842.2,Brasil,Romance,2025-09-26,2
16614,21,Basico,348.5,Brasil,Romance,2021-02-04,1
16615,42,Basico,318.4,Chile,Comedia,2024-03-17,0
16616,26,Estandar,587.9,Chile,Crimen,2023-09-26,0
16617,47,Basico,0.0,Uruguay,Documental,2024-03-28,0
16618,39,Premium,1260.2,Colombia,Comedia,2024-05-26,1
16619,37,Basico,672.1,Uruguay,Thriller,2024-05-30,0
16620,47,Premium,1443.2,Colombia,Comedia,2019-09-26,0
16621,34,Estandar,957.4,Peru,Comedia,2019-01-22,0
16622,20,Premium,941.2,Mexico,Romance,2022-02-14,1
16623,25,Basico,420.5,Mexico,Thriller,2023-03-01,1
16624,42,Basico,698.3,Uruguay,Comedia,2021-12-27,0
16625,18,Estandar,934.9,Peru,Drama,2019-10-02,0
16626,25,Basico,920.3,Brasil,Thriller,2019-07-21,0
16627,33,Premium,1023.5,Argentina,Thriller,2020-12-21,0
16628,49,Estandar,3628.4,Brasil,Comedia,2022-12-02,0
16629,40,Estandar,734.9,Brasil,Comedia,2024-07-12,1
16630,13,Basico,383.4,Chile,Drama,2020-10-20,0
16631,39,Estandar,754.4,Mexico,Accion,2020-08-12,0
16632,52,Estandar,626.6,Argentina,Romance,2020-11-15,1
16633,40,Basico,0.0,Colombia,Drama,2021-05-15,0
16634,37,Premium,1311.9,Colombia,Thriller,2019-01-12,0
16635,13,Basico,689.8,Chile,Accion,2024-05-25,2
16636,27,Basico,849.3,Colombia,Romance,2022-06-26,0
16637,32,Basico,572.6,Uruguay,Comedia,2024-05-19,2
16638,31,Estandar,867.4,Uruguay,Romance,2020-06-09,1
16639,40,Premium,1123.6,Peru,Thriller,2018-11-13,0
16640,22,Basico,739.0,Mexico,Accion,2021-08-22,1
16641,25,Estandar,723.9,Colombia,Comedia,2023-05-31,0
16642,43,Estandar,1115.8,Uruguay,Romance,2019-12-10,2
16643,23,Estandar,532.6,Chile,Documental,2023-06-23,0
16644,29,Basico,925.4,Uruguay,Accion,2025-09-25,0
16645,13,Premium,583.1,Peru,Drama,2025-11-18,0
16646,44,Premium,1232.5,Argentina,Crimen,2024-06-18,0
16647,33,Estandar,1119.4,Uruguay,Drama,2019-01-26,0
16648,48,Premium,1239.1,Peru,Romance,2024-09-04,2
16649,34,Premium,1351.2,Argentina,Comedia,2025-03-15,0
16650,28,Basico,221.5,Chile,Romance,2022-02-14,1
16651,47,Basico,473.2,Chile,Accion,2018-06-03,1
16652,38,Estandar,542.8,Chile,Thriller,2024-06-18,1
16653,28,Basico,733.2,Mexico,Comedia,2022-04-12,1
16654,20,Premium,767.5,Chile,Romance,2018-11-18,1
16655,24,Basico,531.1,Uruguay,Romance,2018-08-18,2
16656,16,Premium,901.1,Chile,Comedia,2021-10-01,0
16657,33,Basico,124.1,Peru,Romance,2021-11-26,1
16658,14,Basico,239.4,Uruguay,Crimen,2022-02-14,0
16659,13,Estandar,580.4,Mexico,Comedia,2022-09-03,2
16660,54,Premium,1165.9,Argentina,Crimen,2019-05-09,0
16661,33,Estandar,1212.6,Colombia,Drama,2020-07-17,0
16662,48,Premium,1306.0,Argentina,Comedia,2025-04-27,1
16663,33,Estandar,1016.6,Argentina,Documental,2024-10-03,2
16664,44,Basico,0.0,Argentina,Accion,2018-02-16,0
16665,46,Estandar,861.6,Chile,Accion,2025-02-09,1
16666,22,Basico,194.1,Colombia,Drama,2025-02-02,1
16667,51,Basico,370.8,Mexico,Romance,2022-04-16,0
16668,33,Estandar,1160.2,Brasil,Drama,2018-08-10,1
16669,24,Estandar,577.6,Argentina,Thriller,2021-06-02,0
16670,16,Basico,309.4,Mexico,Drama,2022-02-14,2
16671,29,Premium,3628.4,Brasil,Accion,2018-06-18,0
16672,14,Basico,1122.2,Peru,Accion,2021-07-31,0
16673,61,Estandar,757.8,Uruguay,Crimen,2024-01-21,1
16674,30,Basico,0.0,Peru,Drama,2024-05-02,2
16675,47,Estandar,1171.0,Chile,Crimen,2019-09-05,0
16676,31,Basico,572.6,Uruguay,Documental,2021-08-31,0
16677,29,Basico,202.0,Chile,Accion,2023-08-20,2
16678,19,Estandar,843.6,Colombia,Comedia,2025-10-29,0
16679,32,Basico,247.2,Peru,Documental,2020-06-23,0
16680,31,Basico,180.2,Brasil,Accion,2019-09-20,1
16681,42,Estandar,1185.3,Chile,Drama,2022-02-14,3
16682,26,Estandar,484.1,Mexico,Accion,2025-07-22,0
16683,34,Estandar,702.7,Peru,Comedia,2022-05-29,1
16684,35,Basico,492.0,Chile,Accion,2022-12-31,0
16685,45,Premium,1132.3,Colombia,Crimen,2022-02-14,1
16686,46,Premium,1168.3,Argentina,Romance,2022-02-14,0
16687,34,Premium,1370.5,Peru,Comedia,2023-08-30,1
16688,15,Basico,513.5,Brasil,Drama,2019-01-04,0
16689,45,Basico,498.6,Peru,Documental,2020-06-28,1
16690,58,Basico,222.0,Colombia,Accion,2022-05-11,3
16691,13,Basico,3506.7,Colombia,Documental,2021-04-01,0
16692,25,Estandar,1218.2,Brasil,Crimen,2022-06-04,2
16693,55,Basico,402.6,Colombia,Crimen,2019-08-30,1
16694,15,Premium,1355.3,Mexico,Comedia,2019-06-26,1
16695,22,Estandar,939.3,Brasil,Romance,2021-10-08,1
16696,28,Basico,100.9,Peru,Documental,2018-12-05,1
16697,80,Basico,122.1,Colombia,Romance,2023-05-04,0
16698,26,Basico,567.2,Brasil,Crimen,2024-05-29,1
16699,25,Estandar,999.8,Colombia,Documental,2018-07-21,0
16700,13,Basico,455.8,Argentina,Crimen,2024-02-24,1
16701,31,Estandar,907.0,Chile,Crimen,2022-06-24,0
16702,43,Estandar,841.6,Mexico,Drama,2020-12-11,0
16703,24,Estandar,1303.7,Mexico,Crimen,2018-12-15,0
16704,37,Basico,63.0,Uruguay,Romance,2022-06-21,1
16705,16,Estandar,638.7,Uruguay,Crimen,2023-08-18,1
16706,38,Basico,702.8,Peru,Accion,2022-11-15,2
16707,39,Basico,437.3,Argentina,Drama,2025-10-29,0
16708,33,Estandar,733.2,Mexico,Crimen,2019-06-19,1
16709,13,Estandar,957.7,Chile,Drama,2019-07-07,0
16710,34,Basico,529.6,Mexico,Accion,2023-05-24,0
16711,39,Estandar,710.9,Mexico,Documental,2024-04-09,0
16712,13,Estandar,666.7,Peru,Romance,2020-03-22,1
16713,22,Estandar,104.0,Chile,Crimen,2023-06-22,1
16714,37,Basico,1009.1,Mexico,Romance,2022-06-08,0
16715,38,Estandar,997.7,Chile,Drama,2025-04-25,5
16716,49,Basico,691.6,Colombia,Crimen,2024-05-29,0
16717,37,Basico,381.5,Brasil,Romance,2020-03-14,0
16718,24,Estandar,804.5,Mexico,Drama,2024-04-17,2
16719,31,Basico,641.7,Brasil,Crimen,2024-11-28,0
16720,39,Basico,877.5,Argentina,Romance,2023-11-18,0
16721,30,Premium,1106.4,Uruguay,Drama,2020-10-05,5
16722,21,Premium,1128.7,Chile,Documental,2020-09-19,0
16723,41,Premium,1331.2,Peru,Drama,2018-10-21,1
16724,40,Estandar,796.6,Peru,Romance,2020-12-26,0
16725,34,Basico,577.0,Brasil,Accion,2022-10-28,1
16726,39,Basico,322.3,Uruguay,Drama,2022-02-14,0
16727,20,Basico,312.5,Argentina,Comedia,2025-09-05,0
16728,40,Estandar,883.8,Peru,Thriller,2024-06-17,1
16729,26,Estandar,1267.9,Colombia,Romance,2019-01-02,2
16730,40,Premium,1338.0,Colombia,Drama,2019-04-06,1
16731,57,Basico,658.2,Peru,Thriller,2025-07-14,0
16732,33,Basico,1065.3,Colombia,Accion,2022-08-22,1
16733,42,Basico,918.9,Chile,Crimen,2022-10-01,2
16734,62,Basico,708.3,Uruguay,Accion,2022-02-05,0
16735,40,Basico,709.4,Colombia,Drama,2021-11-27,1
16736,33,Premium,1119.3,Uruguay,Crimen,2020-02-20,0
16737,59,Premium,413.0,Brasil,Romance,2021-08-06,1
16738,20,Basico,577.0,Peru,Comedia,2021-11-12,0
16739,34,Premium,1113.2,Brasil,Accion,2024-08-29,1
16740,35,Premium,1145.2,Chile,Documental,2025-05-08,1
16741,45,Basico,838.8,Peru,Drama,2018-04-10,0
16742,40,Basico,183.6,Chile,Crimen,2021-06-02,1
16743,43,Basico,505.0,Chile,Romance,2019-11-25,1
16744,30,Estandar,1243.4,Brasil,Drama,2021-12-03,1
16745,37,Basico,399.9,Argentina,Crimen,2024-11-29,1
16746,44,Basico,675.1,Mexico,Crimen,2022-12-17,0
16747,23,Estandar,570.7,Colombia,Documental,2024-12-27,0
16748,52,Estandar,445.1,Chile,Accion,2019-08-21,0
16749,33,Basico,276.7,Peru,Documental,2022-12-10,0
16750,22,Basico,478.5,Argentina,Thriller,2018-07-03,2
16751,43,Basico,369.8,Colombia,Romance,2020-08-14,3
16752,53,Estandar,994.3,Chile,Crimen,2020-03-28,1
16753,44,Basico,104.5,Uruguay,Romance,2025-09-08,2
16754,22,Premium,1168.3,Argentina,Thriller,2022-03-12,4
16755,36,Basico,907.6,Chile,Thriller,2019-10-01,1
16756,35,Basico,768.2,Mexico,Thriller,2018-12-18,0
16757,13,Premium,932.7,Colombia,Romance,2019-04-06,2
16758,32,Estandar,1035.4,Uruguay,Thriller,2018-08-12,1
16759,25,Estandar,651.2,Mexico,Thriller,2020-09-22,1
16760,14,Premium,1896.3,Chile,Drama,2024-12-18,0
16761,40,Estandar,787.5,Uruguay,Documental,2019-08-28,1
16762,51,Basico,693.7,Peru,Crimen,2021-03-24,0
16763,29,Estandar,836.0,Mexico,Drama,2018-02-26,0
16764,33,Basico,636.2,Chile,Romance,2021-11-07,0
16765,14,Estandar,510.7,Colombia,Comedia,2025-10-12,0
16766,28,Basico,583.1,Colombia,Accion,2019-04-01,0
16767,13,Premium,1290.4,Chile,Drama,2021-06-03,0
16768,37,Premium,954.1,Argentina,Thriller,2023-01-18,0
16769,49,Basico,121.2,Colombia,Documental,2023-04-14,2
16770,52,Estandar,1039.2,Argentina,Accion,2018-04-04,2
16771,13,Premium,1293.8,Colombia,Drama,2021-09-21,3
16772,39,Basico,877.5,Mexico,Accion,2020-05-06,0
16773,29,Basico,522.9,Brasil,Accion,2024-01-13,0
16774,49,Estandar,973.6,Uruguay,Romance,2020-05-17,1
16775,13,Premium,1085.7,Colombia,Romance,2020-04-14,1
16776,34,Estandar,1218.2,Peru,Comedia,2024-02-17,0
16777,21,Basico,681.0,Brasil,Thriller,2023-11-14,0
16778,40,Basico,1041.2,Uruguay,Drama,2022-02-14,1
16779,23,Basico,1055.4,Mexico,Drama,2024-02-26,2
16780,13,Estandar,719.5,Chile,Documental,2023-06-02,1
16781,41,Premium,1119.3,Uruguay,Accion,2024-12-26,1
16782,20,Basico,3628.4,Colombia,Accion,2019-08-02,2
16783,44,Premium,894.7,Chile,Thriller,2025-10-18,1
16784,37,Basico,792.8,Argentina,Thriller,2025-11-02,1
16785,29,Estandar,834.9,Peru,Thriller,2025-06-30,1
16786,13,Basico,519.7,Argentina,Accion,2018-03-17,1
16787,33,Basico,817.4,Brasil,Documental,2022-03-23,1
16788,37,Premium,1285.5,Uruguay,Drama,2024-07-15,0
16789,47,Basico,135.4,Brasil,Comedia,2025-06-10,0
16790,25,Basico,242.1,Uruguay,Drama,2023-11-28,0
16791,30,Basico,529.3,Chile,Crimen,2022-02-14,2
16792,46,Premium,807.9,Colombia,Accion,2020-11-12,1
16793,25,Basico,475.7,Mexico,Accion,2019-11-29,0
16794,31,Basico,625.4,Brasil,Documental,2018-09-04,0
16795,18,Premium,924.8,Colombia,Romance,2021-03-09,0
16796,17,Basico,506.0,Brasil,Romance,2020-04-02,0
16797,36,Basico,1075.4,Colombia,Comedia,2025-10-23,0
16798,48,Estandar,961.1,Argentina,Accion,2024-12-06,2
16799,34,Estandar,1253.2,Mexico,Romance,2022-02-14,2
16800,48,Basico,277.7,Uruguay,Documental,2018-08-06,0
16801,34,Premium,976.0,Brasil,Thriller,2023-03-20,0
16802,32,Basico,870.9,Brasil,Drama,2025-05-05,0
16803,37,Basico,838.2,Mexico,Crimen,2018-02-04,1
16804,28,Estandar,135.7,Colombia,Documental,2018-09-30,1
16805,52,Basico,686.8,Chile,Romance,2022-05-11,0
16806,39,Estandar,1165.0,Argentina,Thriller,2025-05-28,0
16807,23,Estandar,249.8,Colombia,Comedia,2021-01-16,0
16808,43,Estandar,788.8,Mexico,Comedia,2025-06-08,4
16809,34,Basico,880.9,Mexico,Comedia,2025-05-27,0
16810,17,Estandar,1149.8,Peru,Romance,2022-01-15,0
16811,33,Basico,717.7,Argentina,Drama,2019-03-18,0
16812,42,Estandar,696.4,Argentina,Romance,2018-03-20,1
16813,40,Estandar,340.3,Chile,Thriller,2021-04-13,3
16814,47,Basico,269.2,Chile,Crimen,2025-04-13,0
16815,30,Basico,195.0,Argentina,Crimen,2022-05-03,1
16816,34,Estandar,155.3,Argentina,Crimen,2022-02-14,1
16817,35,Basico,854.3,Colombia,Thriller,2022-04-09,1
16818,28,Basico,1163.9,Colombia,Crimen,2023-09-14,1
16819,55,Basico,356.6,Colombia,Romance,2025-12-16,0
16820,39,Basico,209.1,Uruguay,Accion,2019-02-12,5
16821,42,Basico,600.6,Argentina,Documental,2021-07-16,0
16822,46,Basico,13.9,Colombia,Romance,2023-06-09,0
16823,15,Estandar,1421.2,Mexico,Romance,2024-09-11,1
16824,38,Estandar,597.9,Uruguay,Documental,2023-12-18,0
16825,36,Estandar,817.9,Colombia,Romance,2018-12-27,2
16826,39,Estandar,1238.7,Brasil,Drama,2020-02-03,0
16827,27,Basico,593.2,Colombia,Thriller,2020-03-25,3
16828,21,Basico,430.2,Uruguay,Accion,2023-08-13,0
16829,21,Estandar,773.4,Colombia,Comedia,2023-02-19,1
16830,58,Estandar,633.9,Uruguay,Documental,2024-04-15,1
16831,42,Premium,632.1,Uruguay,Drama,2025-12-28,0
16832,22,Premium,738.0,Uruguay,Romance,2018-03-30,0
16833,29,Basico,270.6,Colombia,Drama,2018-06-12,0
16834,47,Estandar,615.5,Peru,Comedia,2020-10-10,1
16835,51,Premium,1222.4,Chile,Accion,2023-12-09,1
16836,21,Basico,941.9,Colombia,Accion,2021-06-02,0
16837,32,Premium,1110.5,Chile,Romance,2021-09-28,0
16838,27,Basico,600.9,Uruguay,Crimen,2023-06-30,0
16839,22,Basico,363.8,Uruguay,Documental,2022-05-31,2
16840,26,Premium,957.3,Mexico,Documental,2019-10-06,0
16841,21,Basico,495.8,Peru,Drama,2018-03-17,1
16842,23,Estandar,890.9,Colombia,Comedia,2021-11-21,0
16843,22,Basico,501.4,Argentina,Accion,2025-09-03,2
16844,53,Basico,305.9,Argentina,Crimen,2021-12-12,2
16845,49,Premium,1014.0,Uruguay,Thriller,2021-12-26,0
16846,28,Estandar,356.3,Chile,Comedia,2025-01-04,0
16847,48,Estandar,1231.7,Peru,Documental,2021-05-23,1
16848,19,Basico,929.2,Mexico,Drama,2020-08-25,1
16849,19,Estandar,1428.7,Peru,Documental,2023-08-16,0
16850,29,Estandar,556.2,Mexico,Documental,2021-02-03,0
16851,21,Basico,717.0,Chile,Documental,2018-09-11,0
16852,38,Basico,589.1,Argentina,Accion,2025-01-07,1
16853,23,Estandar,748.7,Mexico,Romance,2020-11-21,1
16854,40,Basico,753.5,Mexico,Thriller,2022-05-05,1
16855,53,Basico,559.1,Chile,Drama,2018-05-01,0
16856,15,Basico,786.5,Brasil,Comedia,2024-03-23,0
16857,42,Estandar,1104.1,Uruguay,Drama,2021-02-21,1
16858,30,Basico,153.3,Brasil,Thriller,2020-07-12,0
16859,44,Basico,951.2,Argentina,Accion,2019-09-14,0
16860,27,Basico,232.4,Brasil,Comedia,2021-10-31,1
16861,43,Basico,1020.1,Uruguay,Comedia,2022-05-29,1
16862,35,Premium,1121.7,Argentina,Thriller,2025-05-14,0
16863,51,Estandar,578.0,Mexico,Comedia,2019-07-17,2
16864,35,Estandar,169.9,Mexico,Crimen,2018-12-26,1
16865,38,Premium,1007.7,Chile,Crimen,2022-04-15,0
16866,46,Basico,831.7,Uruguay,Romance,2023-11-03,1
16867,50,Basico,1013.3,Colombia,Drama,2025-08-09,4
16868,36,Basico,229.4,Chile,Romance,2024-11-13,1
16869,24,Estandar,890.2,Brasil,Comedia,2025-01-06,0
16870,53,Estandar,1327.9,Brasil,Comedia,2025-09-12,0
16871,45,Basico,476.0,Colombia,Romance,2020-07-20,1
16872,33,Basico,418.5,Uruguay,Thriller,2022-09-06,0
16873,27,Basico,777.0,Argentina,Thriller,2022-02-14,3
16874,51,Estandar,664.4,Uruguay,Accion,2022-02-14,0
16875,13,Basico,894.4,Argentina,Thriller,2019-09-18,1
16876,44,Premium,1065.8,Peru,Accion,2022-10-13,1
16877,35,Estandar,912.1,Uruguay,Comedia,2021-07-03,1
16878,50,Estandar,336.6,Colombia,Drama,2024-10-15,1
16879,38,Basico,809.4,Mexico,Documental,2021-09-10,0
16880,51,Basico,607.8,Mexico,Accion,2023-01-14,0
16881,28,Estandar,1170.9,Argentina,Comedia,2024-01-30,1
16882,36,Estandar,196.9,Colombia,Thriller,2019-06-24,0
16883,13,Estandar,1199.4,Colombia,Thriller,2020-04-26,0
16884,47,Estandar,1018.9,Uruguay,Drama,2025-04-26,1
16885,42,Estandar,482.9,Colombia,Thriller,2019-07-22,2
16886,44,Basico,217.8,Argentina,Crimen,2024-07-07,2
16887,34,Basico,344.4,Argentina,Drama,2024-01-27,0
16888,35,Basico,333.6,Colombia,Accion,2025-09-02,1
16889,33,Estandar,916.5,Argentina,Drama,2020-04-08,1
16890,19,Estandar,868.0,Mexico,Comedia,2022-02-14,2
16891,18,Premium,1142.8,Colombia,Comedia,2021-06-19,0
16892,20,Premium,841.9,Colombia,Comedia,2025-09-21,1
16893,58,Premium,1062.3,Chile,Thriller,2025-11-28,0
16894,13,Basico,113.0,Brasil,Thriller,2023-11-16,0
16895,28,Premium,1053.8,Uruguay,Crimen,2019-07-08,0
16896,28,Premium,1085.7,Colombia,Crimen,2022-10-28,1
16897,43,Estandar,1651.0,Peru,Drama,2019-08-18,0
16898,27,Basico,645.7,Brasil,Crimen,2025-05-11,2
16899,20,Estandar,807.4,Argentina,Accion,2024-05-02,0
16900,47,Estandar,1050.3,Colombia,Comedia,2019-10-10,0
16901,27,Estandar,1368.0,Peru,Thriller,2021-07-24,0
16902,32,Basico,1045.7,Argentina,Comedia,2022-02-14,2
16903,44,Basico,727.0,Uruguay,Documental,2024-04-01,0
16904,31,Estandar,611.6,Peru,Documental,2023-12-24,0
16905,26,Basico,0.0,Peru,Thriller,2019-04-30,0
16906,28,Estandar,994.3,Colombia,Crimen,2020-01-25,2
16907,21,Basico,734.2,Brasil,Crimen,2021-07-24,0
16908,28,Estandar,738.9,Colombia,Drama,2019-08-20,0
16909,21,Basico,877.4,Argentina,Thriller,2018-05-01,0
16910,54,Estandar,838.7,Mexico,Drama,2021-07-29,2
16911,30,Estandar,730.8,Argentina,Documental,2022-08-23,1
16912,25,Estandar,1468.7,Argentina,Romance,2022-08-12,3
16913,39,Premium,1314.8,Peru,Thriller,2021-05-27,1
16914,28,Estandar,1214.8,Argentina,Accion,2022-12-20,0
16915,18,Basico,160.6,Peru,Accion,2025-02-21,0
16916,32,Estandar,578.0,Mexico,Thriller,2021-01-26,1
16917,33,Basico,614.1,Argentina,Accion,2019-09-15,0
16918,40,Premium,1449.1,Colombia,Thriller,2020-02-09,1
16919,42,Basico,317.8,Mexico,Drama,2019-03-14,2
16920,23,Estandar,1071.7,Brasil,Accion,2019-06-23,2
16921,27,Estandar,903.6,Peru,Crimen,2020-01-27,0
16922,38,Basico,651.0,Peru,Comedia,2018-04-18,0
16923,23,Estandar,178.1,Brasil,Comedia,2024-11-11,0
16924,25,Premium,1113.2,Brasil,Comedia,2024-12-02,0
16925,15,Premium,1113.2,Brasil,Drama,2020-12-29,0
16926,54,Estandar,1277.2,Chile,Comedia,2024-10-16,0
16927,32,Premium,445.6,Brasil,Comedia,2024-05-11,1
16928,13,Basico,542.9,Colombia,Crimen,2024-11-13,0
16929,20,Estandar,832.8,Brasil,Romance,2020-08-03,0
16930,23,Premium,1123.6,Peru,Crimen,2024-09-08,0
16931,40,Basico,630.7,Colombia,Comedia,2020-08-09,1
16932,35,Premium,1124.1,Mexico,Accion,2020-08-03,2
16933,38,Estandar,1442.0,Mexico,Crimen,2025-09-16,0
16934,27,Basico,1206.8,Uruguay,Romance,2022-02-14,3
16935,38,Basico,0.0,Argentina,Comedia,2022-01-11,1
16936,40,Basico,584.5,Chile,Crimen,2018-11-22,2
16937,31,Estandar,720.2,Colombia,Documental,2025-09-19,0
16938,33,Basico,443.4,Argentina,Comedia,2023-05-07,1
16939,13,Premium,1390.2,Peru,Drama,2019-07-04,0
16940,30,Estandar,613.7,Peru,Crimen,2023-08-20,0
16941,28,Basico,665.1,Chile,Accion,2024-10-12,0
16942,30,Estandar,951.7,Mexico,Accion,2023-04-05,2
16943,20,Basico,115.3,Mexico,Accion,2025-12-26,0
16944,28,Estandar,1164.5,Argentina,Documental,2025-04-14,1
16945,48,Estandar,1051.7,Brasil,Accion,2022-03-12,1
16946,25,Basico,1121.2,Brasil,Romance,2020-01-24,0
16947,48,Basico,545.3,Colombia,Comedia,2022-05-07,1
16948,35,Basico,888.5,Mexico,Comedia,2023-07-06,1
16949,36,Premium,1292.0,Colombia,Romance,2023-04-25,0
16950,28,Estandar,820.5,Mexico,Crimen,2019-07-18,3
16951,42,Estandar,3628.4,Colombia,Documental,2019-11-02,1
16952,23,Premium,1371.3,Chile,Crimen,2020-03-02,0
16953,36,Basico,312.2,Brasil,Thriller,2020-07-15,2
16954,37,Estandar,307.7,Argentina,Documental,2018-05-13,0
16955,25,Estandar,754.2,Uruguay,Accion,2022-08-01,1
16956,54,Basico,682.0,Chile,Crimen,2018-03-03,2
16957,25,Premium,999.7,Argentina,Documental,2021-01-10,0
16958,41,Premium,936.3,Mexico,Thriller,2022-08-19,2
16959,31,Estandar,1188.0,Argentina,Thriller,2020-06-30,2
16960,30,Basico,1162.6,Colombia,Crimen,2025-07-12,2
16961,42,Estandar,840.6,Chile,Accion,2020-04-10,0
16962,39,Estandar,1122.3,Peru,Documental,2020-04-17,0
16963,35,Basico,1114.4,Uruguay,Crimen,2022-02-14,3
16964,13,Estandar,776.5,Argentina,Drama,2019-12-27,0
16965,32,Premium,1119.3,Uruguay,Documental,2022-12-05,0
16966,47,Estandar,1197.8,Uruguay,Thriller,2024-12-02,0
16967,43,Estandar,796.6,Chile,Drama,2023-06-30,1
16968,20,Basico,212.7,Uruguay,Comedia,2025-09-18,0
16969,33,Estandar,998.5,Brasil,Accion,2021-08-23,0
16970,47,Basico,533.6,Chile,Documental,2023-02-18,0
16971,35,Premium,1113.2,Brasil,Accion,2020-10-07,0
16972,28,Estandar,836.1,Argentina,Documental,2022-10-18,1
16973,53,Estandar,999.7,Colombia,Romance,2022-07-17,0
16974,29,Basico,402.0,Colombia,Documental,2018-06-21,0
16975,27,Estandar,1094.4,Argentina,Accion,2024-10-26,0
16976,21,Estandar,514.3,Argentina,Romance,2022-04-08,1
16977,35,Basico,770.6,Argentina,Drama,2021-07-05,0
16978,41,Basico,576.5,Mexico,Drama,2022-06-03,0
16979,36,Basico,488.5,Mexico,Accion,2024-11-09,0
16980,34,Estandar,1031.6,Peru,Thriller,2024-05-31,0
16981,24,Estandar,1015.1,Brasil,Comedia,2024-08-29,1
16982,22,Premium,1023.9,Mexico,Romance,2024-01-06,1
16983,64,Basico,126.7,Mexico,Romance,2023-11-22,1
16984,27,Basico,463.5,Colombia,Accion,2025-03-12,3
16985,39,Estandar,1309.3,Brasil,Romance,2025-11-24,0
16986,35,Basico,0.0,Peru,Documental,2018-06-07,3
16987,23,Premium,1092.1,Argentina,Accion,2023-11-03,1
16988,39,Estandar,914.0,Peru,Drama,2019-03-24,1
16989,42,Basico,490.1,Peru,Accion,2023-01-24,1
16990,30,Basico,0.0,Colombia,Crimen,2023-02-15,1
16991,47,Basico,686.6,Argentina,Documental,2018-06-23,0
16992,41,Basico,451.4,Mexico,Romance,2020-10-03,1
16993,31,Basico,906.5,Peru,Thriller,2023-10-26,1
16994,27,Basico,431.3,Mexico,Drama,2022-02-14,2
16995,59,Basico,826.8,Mexico,Thriller,2022-06-09,2
16996,25,Basico,494.8,Argentina,Thriller,2018-06-10,0
16997,52,Basico,635.4,Brasil,Romance,2024-04-03,0
16998,26,Basico,856.4,Mexico,Crimen,2022-05-06,1
16999,35,Estandar,306.7,Mexico,Drama,2023-10-16,0
17000,39,Basico,106.9,Chile,Accion,2025-01-27,0
17001,23,Premium,1119.3,Uruguay,Documental,2018-07-21,2
17002,30,Estandar,835.7,Peru,Documental,2020-02-17,1
17003,37,Estandar,1120.8,Brasil,Drama,2021-04-07,0
17004,13,Estandar,1203.6,Argentina,Crimen,2022-12-06,3
17005,33,Basico,518.3,Peru,Drama,2022-06-19,0
17006,29,Basico,0.0,Brasil,Romance,2021-06-01,0
17007,31,Estandar,566.2,Uruguay,Crimen,2021-03-17,1
17008,39,Basico,14.3,Brasil,Documental,2023-03-05,0
17009,40,Basico,239.2,Mexico,Drama,2019-11-13,1
17010,42,Estandar,271.4,Chile,Crimen,2022-09-27,1
17011,27,Premium,1204.4,Chile,Drama,2021-04-20,0
17012,32,Premium,1245.6,Chile,Romance,2024-11-16,0
17013,46,Basico,485.1,Mexico,Comedia,2018-08-12,5
17014,18,Basico,572.6,Uruguay,Romance,2025-09-27,0
17015,47,Basico,265.4,Brasil,Romance,2023-10-19,0
17016,33,Premium,1413.6,Brasil,Crimen,2019-08-06,0
17017,35,Estandar,1100.5,Mexico,Drama,2023-03-14,2
17018,36,Basico,545.3,Colombia,Romance,2025-03-31,1
17019,50,Premium,1328.2,Mexico,Romance,2023-01-25,5
17020,52,Premium,1301.1,Colombia,Crimen,2019-01-06,2
17021,39,Basico,344.0,Uruguay,Romance,2023-08-13,0
17022,13,Basico,207.2,Mexico,Romance,2019-04-09,0
17023,16,Basico,1119.0,Uruguay,Drama,2022-02-14,2
17024,39,Premium,916.6,Uruguay,Crimen,2024-07-25,1
17025,36,Basico,410.7,Chile,Crimen,2025-10-22,0
17026,19,Basico,623.8,Colombia,Thriller,2024-02-17,1
17027,41,Basico,955.1,Chile,Romance,2022-02-14,2
17028,49,Basico,55.2,Brasil,Romance,2022-05-30,1
17029,36,Basico,320.3,Peru,Documental,2022-08-21,0
17030,40,Estandar,1632.7,Argentina,Accion,2021-08-17,1
17031,25,Premium,1111.6,Colombia,Drama,2023-01-21,4
17032,45,Basico,677.8,Argentina,Crimen,2018-04-13,2
17033,39,Estandar,1041.1,Brasil,Documental,2020-01-03,0
17034,41,Basico,415.4,Colombia,Comedia,2023-02-02,0
17035,24,Estandar,1034.9,Chile,Romance,2024-08-14,0
17036,17,Estandar,600.0,Argentina,Thriller,2025-12-28,0
17037,21,Basico,880.1,Brasil,Comedia,2020-07-04,0
17038,37,Premium,668.8,Colombia,Thriller,2023-02-06,1
17039,25,Estandar,655.5,Peru,Drama,2019-01-05,1
17040,51,Estandar,530.1,Colombia,Romance,2020-10-21,0
17041,13,Estandar,1320.8,Argentina,Romance,2021-08-20,0
17042,44,Estandar,1213.1,Peru,Comedia,2025-10-04,1
17043,67,Basico,693.4,Argentina,Romance,2025-04-10,1
17044,38,Estandar,1128.5,Argentina,Documental,2022-02-14,2
17045,59,Basico,1067.4,Brasil,Romance,2019-11-03,0
17046,38,Estandar,715.8,Colombia,Drama,2019-05-22,0
17047,45,Estandar,768.8,Chile,Drama,2019-01-09,0
17048,41,Basico,1027.7,Peru,Comedia,2019-04-13,1
17049,46,Estandar,1266.2,Colombia,Comedia,2025-12-02,0
17050,27,Basico,671.7,Brasil,Accion,2023-01-15,4
17051,53,Basico,585.3,Chile,Comedia,2025-02-10,2
17052,31,Estandar,612.6,Uruguay,Comedia,2022-01-26,1
17053,35,Estandar,1197.6,Brasil,Accion,2018-12-16,1
17054,40,Basico,228.0,Mexico,Crimen,2023-11-16,0
17055,46,Basico,99.8,Argentina,Documental,2025-12-07,0
17056,32,Estandar,882.0,Brasil,Thriller,2022-04-23,0
17057,20,Estandar,627.7,Argentina,Accion,2023-09-27,1
17058,60,Basico,491.2,Colombia,Comedia,2024-11-12,1
17059,25,Estandar,780.4,Colombia,Crimen,2019-10-17,1
17060,36,Premium,1209.7,Chile,Accion,2022-04-01,0
17061,20,Premium,543.0,Mexico,Comedia,2024-03-04,2
17062,16,Basico,729.5,Colombia,Crimen,2022-04-08,1
17063,13,Estandar,1001.2,Brasil,Drama,2018-06-29,1
17064,34,Estandar,867.4,Colombia,Drama,2019-12-01,0
17065,18,Basico,0.0,Brasil,Thriller,2021-10-04,0
17066,52,Estandar,1329.4,Peru,Comedia,2024-05-05,4
17067,46,Estandar,1443.1,Colombia,Accion,2025-05-25,0
17068,13,Estandar,514.3,Mexico,Thriller,2022-02-14,2
17069,29,Premium,1475.2,Uruguay,Crimen,2019-10-27,3
17070,38,Estandar,609.6,Colombia,Crimen,2019-08-16,1
17071,32,Basico,413.9,Uruguay,Documental,2020-01-03,2
17072,34,Premium,1077.1,Argentina,Documental,2025-12-26,0
17073,23,Basico,335.6,Uruguay,Thriller,2022-02-14,3
17074,20,Estandar,1334.0,Uruguay,Comedia,2022-09-15,1
17075,13,Estandar,579.9,Uruguay,Documental,2021-06-15,0
17076,31,Basico,1144.5,Peru,Romance,2021-06-21,0
17077,47,Premium,1562.2,Uruguay,Documental,2023-01-02,1
17078,29,Estandar,685.3,Brasil,Crimen,2021-03-28,1
17079,56,Estandar,888.0,Chile,Thriller,2025-01-09,0
17080,31,Estandar,864.6,Argentina,Drama,2020-01-11,0
17081,28,Basico,817.1,Brasil,Drama,2019-04-27,0
17082,27,Estandar,1066.3,Uruguay,Crimen,2019-06-23,0
17083,24,Estandar,997.2,Mexico,Comedia,2020-04-10,0
17084,26,Premium,952.5,Brasil,Documental,2018-01-15,0
17085,48,Basico,392.3,Colombia,Drama,2024-12-25,1
17086,29,Basico,942.6,Chile,Crimen,2020-11-02,0
17087,41,Estandar,63.4,Peru,Comedia,2018-02-20,0
17088,24,Premium,952.6,Colombia,Crimen,2023-02-22,1
17089,35,Premium,3628.4,Colombia,Crimen,2023-08-01,1
17090,31,Estandar,797.2,Brasil,Drama,2023-08-05,1
17091,25,Basico,662.0,Peru,Comedia,2024-02-05,1
17092,50,Basico,359.5,Colombia,Documental,2018-01-24,2
17093,18,Basico,577.9,Argentina,Crimen,2024-10-26,2
17094,13,Premium,1352.6,Peru,Romance,2023-07-15,1
17095,13,Basico,711.5,Peru,Documental,2020-09-01,2
17096,44,Premium,1160.7,Brasil,Thriller,2020-06-07,2
17097,28,Estandar,928.8,Colombia,Thriller,2024-08-08,0
17098,39,Basico,817.5,Uruguay,Comedia,2025-05-25,0
17099,31,Premium,792.2,Brasil,Drama,2023-05-03,0
17100,37,Basico,683.7,Argentina,Thriller,2023-02-02,1
17101,15,Basico,358.1,Colombia,Comedia,2022-08-07,0
17102,46,Basico,343.1,Colombia,Thriller,2022-12-15,0
17103,37,Basico,666.7,Uruguay,Drama,2018-11-22,0
17104,13,Premium,667.2,Brasil,Romance,2024-09-28,0
17105,37,Premium,989.9,Colombia,Documental,2024-09-24,0
17106,14,Premium,1366.2,Uruguay,Documental,2018-01-27,1
17107,39,Basico,640.7,Argentina,Accion,2020-09-29,1
17108,39,Basico,334.8,Mexico,Comedia,2024-02-20,2
17109,43,Basico,594.9,Chile,Accion,2021-02-13,1
17110,29,Basico,142.9,Peru,Drama,2024-12-13,0
17111,50,Estandar,817.3,Colombia,Documental,2025-01-18,0
17112,19,Estandar,722.7,Argentina,Thriller,2024-04-02,2
17113,50,Estandar,3628.4,Brasil,Romance,2020-04-30,0
17114,34,Basico,937.8,Argentina,Documental,2018-07-20,0
17115,55,Estandar,1493.2,Chile,Documental,2020-01-28,1
17116,28,Estandar,684.1,Chile,Accion,2019-08-31,0
17117,28,Estandar,782.8,Peru,Thriller,2018-08-14,2
17118,13,Estandar,2981.8,Brasil,Romance,2025-04-29,2
17119,23,Estandar,309.2,Chile,Crimen,2021-11-30,0
17120,62,Estandar,1174.3,Peru,Comedia,2018-05-31,2
17121,56,Estandar,447.7,Brasil,Drama,2019-08-19,0
17122,46,Premium,1185.8,Peru,Comedia,2018-05-13,1
17123,52,Basico,511.7,Argentina,Accion,2025-06-25,0
17124,19,Basico,354.5,Colombia,Accion,2024-06-25,0
17125,33,Basico,382.4,Argentina,Documental,2024-10-07,0
17126,13,Estandar,823.6,Peru,Thriller,2022-02-14,1
17127,15,Premium,1926.8,Mexico,Comedia,2021-09-18,1
17128,41,Premium,1298.5,Uruguay,Thriller,2018-12-26,1
17129,14,Estandar,1221.9,Colombia,Documental,2018-07-20,0
17130,38,Estandar,905.2,Colombia,Thriller,2019-03-23,1
17131,32,Basico,3628.4,Mexico,Accion,2022-04-09,1
17132,18,Basico,615.1,Argentina,Comedia,2020-01-01,0
17133,34,Basico,1002.4,Colombia,Accion,2019-10-23,0
17134,26,Estandar,958.0,Brasil,Documental,2025-07-15,0
17135,44,Premium,1036.9,Chile,Comedia,2021-03-10,2
17136,55,Basico,171.6,Colombia,Comedia,2024-11-08,0
17137,26,Basico,427.9,Chile,Romance,2025-05-31,1
17138,35,Estandar,1316.7,Uruguay,Documental,2025-10-03,2
17139,29,Basico,204.4,Mexico,Drama,2025-11-06,0
17140,35,Basico,3619.2,Chile,Crimen,2024-09-02,0
17141,23,Premium,1388.3,Peru,Accion,2024-06-02,0
17142,33,Premium,903.0,Colombia,Romance,2024-04-21,0
17143,48,Estandar,675.0,Brasil,Accion,2019-12-28,1
17144,33,Basico,683.6,Peru,Comedia,2023-02-09,0
17145,25,Basico,498.7,Brasil,Drama,2024-06-29,1
17146,50,Estandar,1424.4,Colombia,Comedia,2022-01-15,1
17147,42,Basico,336.4,Argentina,Documental,2018-05-27,1
17148,27,Estandar,870.1,Peru,Drama,2019-01-17,0
17149,34,Estandar,325.0,Brasil,Thriller,2021-05-10,0
17150,13,Basico,902.7,Chile,Romance,2021-08-15,0
17151,47,Basico,7.9,Colombia,Drama,2022-02-18,2
17152,39,Basico,3159.8,Brasil,Thriller,2022-04-02,3
17153,45,Premium,919.8,Chile,Crimen,2018-10-05,3
17154,52,Basico,226.7,Colombia,Thriller,2022-10-17,1
17155,13,Basico,191.5,Mexico,Documental,2024-03-04,1
17156,33,Basico,331.8,Uruguay,Thriller,2018-09-23,2
17157,43,Premium,722.5,Chile,Documental,2021-04-14,1
17158,28,Estandar,902.8,Colombia,Romance,2023-04-13,2
17159,27,Basico,620.5,Uruguay,Drama,2019-07-06,2
17160,46,Basico,504.5,Chile,Thriller,2019-05-15,0
17161,32,Basico,258.7,Chile,Drama,2025-10-16,0
17162,32,Estandar,1098.8,Uruguay,Thriller,2021-01-29,0
17163,21,Basico,517.4,Chile,Documental,2021-09-10,1
17164,16,Estandar,606.7,Mexico,Crimen,2023-11-29,2
17165,18,Premium,1120.8,Chile,Accion,2022-08-22,1
17166,31,Estandar,1106.4,Chile,Romance,2023-11-19,0
17167,48,Premium,1313.8,Brasil,Thriller,2020-05-09,0
17168,16,Premium,1400.3,Brasil,Accion,2025-10-21,0
17169,37,Basico,992.3,Argentina,Documental,2020-05-06,2
17170,34,Premium,1003.7,Uruguay,Crimen,2024-11-11,0
17171,25,Basico,936.5,Uruguay,Accion,2018-08-27,2
17172,43,Basico,0.0,Mexico,Drama,2019-03-24,1
17173,31,Basico,0.0,Chile,Drama,2024-05-29,1
17174,28,Premium,736.0,Colombia,Documental,2025-01-20,1
17175,37,Estandar,373.2,Colombia,Crimen,2023-12-07,0
17176,43,Estandar,728.0,Colombia,Documental,2018-12-26,0
17177,27,Basico,928.6,Brasil,Drama,2023-06-05,0
17178,30,Estandar,834.9,Brasil,Documental,2025-09-21,1
17179,47,Basico,370.0,Brasil,Drama,2024-10-13,1
17180,35,Premium,1347.4,Colombia,Crimen,2025-12-05,0
17181,47,Estandar,827.1,Chile,Documental,2021-03-22,0
17182,46,Estandar,1259.0,Argentina,Documental,2022-02-14,1
17183,27,Basico,453.3,Mexico,Thriller,2024-10-29,1
17184,20,Basico,121.7,Uruguay,Comedia,2022-02-14,3
17185,42,Estandar,572.8,Brasil,Comedia,2020-11-29,1
17186,32,Basico,544.3,Colombia,Documental,2023-11-23,2
17187,34,Estandar,551.2,Uruguay,Comedia,2024-06-13,0
17188,40,Estandar,986.6,Colombia,Comedia,2024-12-27,1
17189,46,Estandar,1061.2,Uruguay,Crimen,2021-12-20,1
17190,20,Basico,449.6,Brasil,Comedia,2019-06-16,1
17191,46,Estandar,383.9,Mexico,Accion,2024-11-21,1
17192,42,Estandar,1161.0,Colombia,Romance,2024-04-23,0
17193,46,Basico,669.5,Mexico,Documental,2023-07-27,1
17194,46,Basico,789.9,Peru,Romance,2023-10-30,1
17195,15,Basico,198.8,Brasil,Thriller,2025-02-01,0
17196,38,Basico,667.2,Chile,Thriller,2023-08-01,2
17197,30,Basico,542.9,Colombia,Documental,2023-07-11,0
17198,37,Basico,655.7,Argentina,Accion,2020-01-07,1
17199,39,Estandar,231.8,Colombia,Drama,2024-11-01,1
17200,24,Basico,849.8,Chile,Romance,2020-08-11,2
17201,13,Basico,1062.7,Colombia,Drama,2025-12-12,1
17202,25,Basico,180.6,Mexico,Drama,2021-04-04,1
17203,36,Basico,1162.0,Peru,Comedia,2020-03-03,0
17204,30,Premium,1055.4,Mexico,Crimen,2018-01-07,0
17205,27,Premium,1337.1,Mexico,Drama,2019-04-30,1
17206,43,Premium,1247.8,Colombia,Drama,2018-04-09,0
17207,26,Basico,177.6,Mexico,Documental,2023-03-20,2
17208,32,Premium,1493.9,Peru,Romance,2025-01-05,1
17209,36,Basico,546.5,Colombia,Romance,2019-04-29,0
17210,44,Estandar,769.7,Brasil,Crimen,2020-04-29,1
17211,18,Basico,534.9,Chile,Thriller,2024-11-25,1
17212,31,Basico,882.6,Colombia,Accion,2022-08-26,0
17213,30,Premium,1130.7,Mexico,Thriller,2022-08-23,0
17214,20,Basico,658.8,Argentina,Comedia,2018-07-06,1
17215,47,Estandar,687.9,Argentina,Thriller,2021-09-29,2
17216,30,Basico,457.8,Argentina,Crimen,2021-12-03,2
17217,44,Basico,1014.4,Chile,Accion,2024-04-14,0
17218,23,Basico,918.3,Argentina,Crimen,2025-02-24,1
17219,39,Basico,570.1,Peru,Documental,2020-05-19,0
17220,20,Premium,1130.0,Argentina,Romance,2018-02-16,1
17221,28,Estandar,820.5,Mexico,Romance,2025-03-08,2
17222,21,Basico,399.8,Uruguay,Accion,2020-04-04,0
17223,28,Estandar,959.3,Colombia,Comedia,2025-09-27,0
17224,52,Estandar,544.1,Mexico,Comedia,2021-02-27,0
17225,37,Estandar,977.3,Chile,Thriller,2020-11-08,2
17226,30,Basico,670.1,Colombia,Accion,2018-10-05,2
17227,50,Basico,154.7,Colombia,Romance,2021-06-14,0
17228,13,Basico,1217.6,Mexico,Romance,2021-05-14,1
17229,46,Premium,1168.3,Argentina,Crimen,2023-09-07,2
17230,40,Basico,1351.5,Colombia,Romance,2024-03-02,0
17231,45,Premium,844.5,Uruguay,Documental,2021-08-19,0
17232,40,Basico,716.3,Brasil,Documental,2018-01-26,0
17233,49,Premium,934.1,Mexico,Drama,2019-04-12,1
17234,38,Basico,521.1,Peru,Thriller,2025-10-09,1
17235,36,Estandar,1138.3,Peru,Thriller,2021-09-27,0
17236,13,Basico,796.2,Brasil,Drama,2021-10-30,2
17237,30,Estandar,983.1,Brasil,Thriller,2022-06-11,1
17238,23,Basico,803.7,Colombia,Accion,2024-05-19,1
17239,41,Estandar,643.0,Argentina,Romance,2024-11-28,0
17240,33,Estandar,1002.4,Colombia,Drama,2018-04-30,0
17241,39,Basico,673.8,Chile,Comedia,2019-12-21,0
17242,56,Basico,927.0,Brasil,Romance,2020-03-05,0
17243,44,Basico,914.3,Colombia,Comedia,2021-09-15,1
17244,32,Basico,939.9,Peru,Drama,2021-10-16,1
17245,39,Basico,691.6,Colombia,Comedia,2025-07-17,1
17246,27,Premium,716.9,Uruguay,Accion,2023-05-17,2
17247,13,Estandar,372.3,Chile,Accion,2023-04-28,0
17248,54,Estandar,869.0,Argentina,Documental,2018-05-26,0
17249,33,Estandar,805.4,Argentina,Drama,2025-03-29,2
17250,38,Basico,577.0,Colombia,Comedia,2019-07-11,1
17251,47,Premium,517.5,Colombia,Comedia,2023-05-27,2
17252,24,Estandar,1363.4,Mexico,Thriller,2019-09-29,0
17253,16,Premium,1477.3,Chile,Drama,2025-01-13,2
17254,26,Estandar,569.4,Argentina,Accion,2023-03-02,0
17255,52,Basico,439.4,Chile,Romance,2024-01-09,0
17256,33,Estandar,542.5,Brasil,Comedia,2021-04-10,3
17257,31,Estandar,132.1,Uruguay,Romance,2023-03-10,1
17258,24,Estandar,762.1,Mexico,Comedia,2022-02-14,3
17259,36,Estandar,806.7,Brasil,Documental,2018-08-18,1
17260,32,Basico,576.6,Colombia,Documental,2023-11-05,1
17261,61,Basico,5.4,Mexico,Documental,2021-05-11,2
17262,40,Basico,1226.6,Mexico,Comedia,2024-05-03,0
17263,35,Basico,1228.4,Chile,Accion,2025-08-09,1
17264,41,Basico,724.7,Peru,Comedia,2021-07-16,1
17265,24,Basico,1028.2,Peru,Documental,2024-03-24,1
17266,29,Basico,416.9,Chile,Documental,2024-01-04,2
17267,43,Basico,229.6,Argentina,Drama,2018-03-18,1
17268,33,Basico,399.4,Argentina,Comedia,2022-02-14,2
17269,56,Basico,437.6,Peru,Documental,2024-06-23,1
17270,24,Estandar,927.5,Argentina,Accion,2025-09-08,1
17271,30,Estandar,1112.6,Uruguay,Documental,2021-09-20,0
17272,39,Basico,471.8,Argentina,Accion,2021-12-19,0
17273,27,Estandar,918.8,Chile,Crimen,2018-09-29,0
17274,16,Basico,3037.1,Peru,Documental,2019-09-04,0
17275,39,Estandar,1062.4,Argentina,Comedia,2021-02-22,1
17276,26,Basico,855.5,Chile,Drama,2018-05-08,1
17277,27,Basico,725.0,Colombia,Drama,2021-10-21,1
17278,25,Premium,948.6,Colombia,Accion,2022-03-17,0
17279,28,Estandar,801.1,Chile,Comedia,2025-01-10,0
17280,51,Basico,586.1,Argentina,Documental,2023-12-29,0
17281,30,Estandar,386.6,Colombia,Accion,2019-11-11,0
17282,46,Basico,216.7,Uruguay,Documental,2024-05-27,1
17283,35,Basico,0.0,Uruguay,Comedia,2024-10-16,2
17284,55,Basico,193.0,Mexico,Documental,2022-05-15,0
17285,38,Premium,1085.9,Uruguay,Documental,2020-02-07,0
17286,28,Estandar,1099.2,Mexico,Documental,2022-02-14,2
17287,27,Premium,1123.6,Peru,Accion,2019-04-24,2
17288,25,Estandar,206.3,Mexico,Thriller,2021-06-16,1
17289,34,Basico,235.6,Colombia,Romance,2025-11-28,1
17290,13,Basico,1143.3,Colombia,Comedia,2021-07-12,2
17291,37,Estandar,637.1,Colombia,Thriller,2025-12-17,2
17292,41,Basico,2994.7,Uruguay,Romance,2018-05-10,1
17293,51,Estandar,566.3,Colombia,Thriller,2021-01-17,1
17294,32,Estandar,933.8,Uruguay,Romance,2022-08-23,2
17295,18,Basico,378.8,Mexico,Drama,2018-12-22,1
17296,43,Basico,404.8,Peru,Romance,2023-07-29,0
17297,23,Premium,1109.3,Peru,Comedia,2020-08-31,1
17298,56,Premium,941.4,Mexico,Thriller,2022-03-03,0
17299,33,Premium,1168.3,Argentina,Documental,2023-01-26,1
17300,33,Basico,428.8,Uruguay,Comedia,2021-05-24,2
17301,48,Estandar,199.7,Brasil,Documental,2020-06-04,4
17302,45,Premium,1155.5,Argentina,Thriller,2023-11-21,1
17303,34,Basico,794.7,Argentina,Drama,2021-05-23,1
17304,29,Estandar,737.5,Colombia,Crimen,2019-12-18,0
17305,29,Estandar,685.3,Mexico,Documental,2019-04-05,0
17306,38,Premium,1103.6,Brasil,Comedia,2022-02-14,2
17307,60,Estandar,1009.0,Colombia,Thriller,2018-06-03,0
17308,32,Basico,629.3,Peru,Comedia,2020-04-07,0
17309,19,Estandar,1049.7,Uruguay,Accion,2019-01-15,0
17310,38,Estandar,1026.8,Mexico,Accion,2022-12-23,0
17311,29,Premium,1249.4,Argentina,Crimen,2022-02-14,0
17312,43,Estandar,785.7,Brasil,Accion,2018-04-13,2
17313,33,Basico,46.6,Peru,Crimen,2023-05-31,2
17314,47,Estandar,801.0,Brasil,Accion,2023-08-11,0
17315,40,Estandar,1432.9,Argentina,Accion,2019-09-24,1
17316,16,Estandar,825.6,Brasil,Drama,2020-02-19,1
17317,15,Estandar,1380.2,Colombia,Drama,2021-10-25,0
17318,26,Estandar,783.6,Brasil,Accion,2023-06-04,1
17319,25,Basico,76.1,Brasil,Drama,2023-11-15,1
17320,30,Basico,589.7,Colombia,Drama,2021-06-25,1
17321,48,Estandar,1233.1,Colombia,Romance,2021-09-02,1
17322,33,Basico,881.0,Uruguay,Romance,2019-08-10,0
17323,15,Estandar,1002.5,Brasil,Accion,2019-02-07,0
17324,44,Basico,1288.0,Chile,Documental,2023-10-16,0
17325,24,Basico,372.7,Argentina,Accion,2025-08-03,0
17326,18,Estandar,1138.4,Colombia,Accion,2019-06-28,0
17327,31,Basico,450.1,Mexico,Drama,2020-04-20,0
17328,32,Basico,1235.3,Peru,Documental,2018-05-30,0
17329,28,Premium,1446.2,Colombia,Thriller,2023-02-25,1
17330,30,Basico,629.6,Uruguay,Documental,2022-02-14,2
17331,32,Premium,1271.3,Chile,Accion,2023-11-10,0
17332,60,Basico,524.9,Brasil,Comedia,2019-04-20,1
17333,41,Basico,40.0,Argentina,Crimen,2018-01-17,1
17334,28,Estandar,1384.6,Mexico,Drama,2021-06-27,0
17335,30,Premium,1364.6,Brasil,Romance,2018-06-30,1
17336,24,Estandar,565.8,Peru,Romance,2025-09-15,2
17337,50,Basico,861.0,Colombia,Accion,2024-08-31,2
17338,33,Basico,0.0,Uruguay,Crimen,2018-12-23,0
17339,25,Estandar,1233.8,Brasil,Documental,2021-09-27,0
17340,56,Estandar,659.3,Chile,Thriller,2023-03-28,0
17341,43,Basico,740.4,Chile,Drama,2018-07-08,0
17342,44,Basico,610.5,Uruguay,Romance,2019-02-27,2
17343,38,Premium,1463.1,Mexico,Drama,2023-11-03,1
17344,39,Basico,354.9,Colombia,Comedia,2025-05-23,1
17345,14,Premium,1232.6,Peru,Romance,2021-07-03,0
17346,29,Premium,1109.4,Chile,Crimen,2018-04-03,1
17347,33,Basico,1157.0,Brasil,Drama,2024-06-23,0
17348,50,Estandar,1159.5,Peru,Documental,2021-07-02,1
17349,23,Estandar,616.1,Brasil,Romance,2025-03-01,1
17350,33,Premium,1123.6,Peru,Thriller,2020-05-09,0
17351,42,Premium,1082.3,Peru,Romance,2021-08-07,1
17352,22,Basico,301.4,Brasil,Documental,2020-04-01,0
17353,22,Premium,257.3,Colombia,Accion,2020-02-28,0
17354,46,Estandar,1107.3,Uruguay,Romance,2021-03-19,1
17355,36,Basico,584.5,Brasil,Documental,2021-02-07,0
17356,30,Basico,595.6,Mexico,Romance,2023-12-21,1
17357,39,Basico,392.2,Mexico,Comedia,2021-07-31,0
17358,17,Estandar,849.1,Colombia,Drama,2022-12-12,0
17359,30,Premium,940.5,Brasil,Drama,2025-07-11,0
17360,35,Basico,704.3,Argentina,Romance,2019-04-27,2
17361,32,Estandar,489.6,Colombia,Drama,2021-01-21,2
17362,23,Basico,501.1,Peru,Accion,2019-09-04,2
17363,24,Premium,1407.4,Brasil,Crimen,2019-10-08,1
17364,63,Estandar,1422.9,Peru,Accion,2021-01-25,2
17365,28,Estandar,406.9,Uruguay,Crimen,2019-04-14,0
17366,15,Estandar,817.5,Argentina,Thriller,2022-02-14,2
17367,46,Estandar,864.9,Colombia,Thriller,2024-12-26,0
17368,42,Basico,500.7,Uruguay,Documental,2024-04-11,2
17369,45,Estandar,14.1,Colombia,Comedia,2023-10-07,0
17370,45,Premium,1307.5,Peru,Romance,2019-02-24,0
17371,45,Estandar,923.3,Uruguay,Romance,2020-04-26,1
17372,38,Premium,1271.3,Argentina,Comedia,2024-02-01,1
17373,47,Premium,1109.0,Brasil,Documental,2021-12-05,0
17374,13,Basico,936.7,Colombia,Thriller,2024-02-29,1
17375,21,Estandar,688.4,Chile,Accion,2021-07-28,2
17376,23,Basico,920.8,Uruguay,Romance,2021-01-15,1
17377,27,Premium,1081.1,Brasil,Comedia,2019-08-03,0
17378,21,Basico,36.7,Uruguay,Comedia,2025-11-25,4
17379,38,Basico,804.9,Argentina,Drama,2021-03-06,2
17380,32,Basico,565.6,Brasil,Documental,2024-06-09,4
17381,44,Basico,952.1,Brasil,Accion,2020-09-29,0
17382,54,Basico,240.8,Uruguay,Romance,2019-12-03,0
17383,28,Basico,273.8,Mexico,Crimen,2018-10-19,1
17384,40,Estandar,1016.8,Chile,Drama,2021-06-29,0
17385,23,Estandar,87.2,Argentina,Thriller,2024-11-16,0
17386,20,Premium,958.2,Peru,Romance,2021-10-19,1
17387,24,Estandar,1210.6,Brasil,Documental,2024-01-24,0
17388,38,Estandar,616.8,Uruguay,Accion,2022-12-23,1
17389,44,Premium,756.5,Argentina,Comedia,2018-07-27,0
17390,36,Basico,336.3,Brasil,Documental,2019-06-17,1
17391,29,Basico,3309.4,Brasil,Comedia,2018-04-29,2
17392,24,Basico,365.7,Uruguay,Thriller,2023-04-13,0
17393,37,Basico,836.4,Argentina,Documental,2025-07-29,0
17394,25,Basico,0.0,Peru,Thriller,2018-07-26,0
17395,29,Basico,856.4,Mexico,Crimen,2019-03-10,0
17396,16,Estandar,1035.6,Brasil,Comedia,2022-04-21,0
17397,35,Premium,815.0,Brasil,Accion,2018-08-09,0
17398,43,Estandar,1183.3,Brasil,Drama,2018-12-19,1
17399,27,Premium,1117.8,Uruguay,Romance,2022-10-13,1
17400,31,Basico,351.5,Mexico,Comedia,2022-02-14,2
17401,36,Premium,1144.6,Brasil,Accion,2020-01-04,0
17402,26,Estandar,701.5,Colombia,Accion,2025-11-26,1
17403,23,Estandar,1171.3,Argentina,Crimen,2024-09-07,1
17404,22,Estandar,585.8,Uruguay,Accion,2024-08-24,0
17405,18,Estandar,828.0,Brasil,Crimen,2022-02-14,2
17406,18,Estandar,834.9,Peru,Documental,2025-09-27,2
17407,47,Basico,153.6,Mexico,Accion,2025-11-04,0
17408,26,Estandar,678.6,Peru,Documental,2023-01-01,1
17409,39,Estandar,411.0,Colombia,Crimen,2022-02-14,3
17410,25,Premium,1614.9,Uruguay,Romance,2021-12-27,1
17411,14,Estandar,1300.5,Mexico,Romance,2021-07-03,1
17412,22,Estandar,831.4,Brasil,Drama,2021-09-23,0
17413,23,Premium,1358.7,Mexico,Romance,2020-03-22,0
17414,24,Basico,521.4,Chile,Romance,2025-12-30,1
17415,33,Basico,1036.0,Uruguay,Drama,2025-07-10,0
17416,13,Estandar,0.0,Colombia,Documental,2023-12-26,0
17417,22,Basico,1085.3,Colombia,Drama,2018-11-18,1
17418,32,Estandar,999.3,Mexico,Crimen,2023-03-23,0
17419,21,Premium,1011.6,Chile,Drama,2024-05-14,0
17420,34,Estandar,1122.3,Peru,Drama,2019-06-24,4
17421,39,Basico,673.4,Chile,Crimen,2019-01-16,0
17422,45,Basico,339.4,Peru,Drama,2025-11-01,0
17423,34,Premium,1090.0,Chile,Drama,2023-04-03,0
17424,42,Basico,675.5,Chile,Drama,2019-02-03,0
17425,23,Estandar,208.9,Chile,Thriller,2023-02-10,1
17426,26,Basico,130.1,Colombia,Comedia,2021-06-25,0
17427,34,Estandar,1370.6,Brasil,Romance,2025-09-04,0
17428,31,Basico,369.2,Peru,Documental,2025-03-24,1
17429,38,Basico,477.2,Colombia,Drama,2025-12-19,0
17430,29,Estandar,356.6,Mexico,Accion,2023-03-22,0
17431,31,Estandar,1079.8,Chile,Documental,2023-04-12,0
17432,49,Premium,1219.4,Chile,Drama,2020-08-07,0
17433,37,Basico,313.0,Colombia,Drama,2022-02-14,2
17434,25,Estandar,1165.9,Brasil,Thriller,2019-08-12,1
17435,43,Estandar,1142.6,Chile,Documental,2024-12-01,1
17436,32,Premium,1085.7,Colombia,Accion,2020-11-22,1
17437,23,Estandar,1123.2,Uruguay,Thriller,2022-01-28,1
17438,44,Premium,957.8,Colombia,Documental,2022-05-25,1
17439,22,Basico,219.1,Peru,Romance,2020-01-22,1
17440,40,Basico,7.3,Argentina,Crimen,2025-11-05,1
17441,37,Basico,863.6,Chile,Crimen,2025-06-17,0
17442,59,Premium,1006.6,Peru,Romance,2021-09-15,3
17443,27,Premium,1299.3,Brasil,Accion,2021-08-23,2
17444,15,Basico,251.2,Uruguay,Comedia,2023-01-31,1
17445,24,Premium,1085.7,Colombia,Romance,2023-06-20,3
17446,34,Basico,232.8,Peru,Romance,2018-05-04,2
17447,19,Basico,498.8,Mexico,Comedia,2018-09-25,3
17448,26,Estandar,662.9,Brasil,Thriller,2023-01-05,0
17449,13,Basico,977.2,Chile,Romance,2019-04-08,1
17450,32,Premium,641.4,Uruguay,Thriller,2021-12-10,0
17451,31,Basico,448.0,Colombia,Thriller,2023-05-15,1
17452,29,Basico,387.2,Colombia,Comedia,2023-03-05,0
17453,44,Basico,802.6,Colombia,Romance,2019-12-01,0
17454,28,Basico,1161.5,Mexico,Accion,2021-03-02,1
17455,31,Basico,525.9,Brasil,Romance,2021-11-28,1
17456,42,Basico,811.2,Colombia,Thriller,2024-10-11,1
17457,13,Basico,160.9,Argentina,Thriller,2024-06-11,1
17458,19,Basico,503.2,Uruguay,Drama,2019-06-06,0
17459,13,Basico,440.8,Brasil,Drama,2023-09-12,0
17460,26,Basico,752.7,Colombia,Comedia,2019-02-26,0
17461,35,Estandar,362.5,Argentina,Drama,2022-07-20,5
17462,29,Estandar,966.0,Brasil,Thriller,2019-03-15,3
17463,48,Basico,689.1,Mexico,Romance,2021-08-27,3
17464,42,Estandar,703.7,Mexico,Drama,2024-03-27,2
17465,25,Basico,506.2,Uruguay,Accion,2025-04-14,3
17466,13,Basico,563.8,Brasil,Accion,2018-10-18,0
17467,15,Basico,313.1,Colombia,Crimen,2021-05-22,0
17468,29,Premium,1160.2,Mexico,Crimen,2023-12-23,0
17469,28,Premium,1057.5,Brasil,Comedia,2023-03-04,3
17470,39,Premium,1249.8,Brasil,Crimen,2022-02-14,2
17471,56,Basico,366.7,Colombia,Romance,2024-08-15,0
17472,30,Basico,729.7,Chile,Thriller,2022-08-21,1
17473,24,Basico,518.3,Colombia,Thriller,2020-09-04,2
17474,44,Basico,541.4,Chile,Documental,2024-12-18,0
17475,35,Basico,708.2,Peru,Drama,2020-09-25,2
17476,18,Basico,0.0,Peru,Drama,2024-02-23,1
17477,24,Basico,410.9,Uruguay,Comedia,2019-10-14,2
17478,46,Basico,393.2,Mexico,Drama,2023-05-30,0
17479,50,Premium,3532.2,Chile,Thriller,2022-04-22,1
17480,43,Basico,520.8,Brasil,Comedia,2018-09-28,0
17481,64,Basico,669.0,Argentina,Romance,2021-10-27,1
17482,40,Estandar,456.8,Mexico,Documental,2020-05-02,1
17483,28,Estandar,984.9,Colombia,Accion,2025-10-13,0
17484,28,Premium,931.2,Argentina,Documental,2024-08-17,0
17485,26,Basico,639.6,Colombia,Drama,2022-11-01,4
17486,13,Basico,102.7,Mexico,Accion,2022-11-19,0
17487,26,Basico,1046.9,Uruguay,Accion,2024-05-12,0
17488,35,Estandar,927.6,Argentina,Romance,2021-11-02,0
17489,37,Estandar,482.2,Peru,Romance,2024-02-09,1
17490,18,Basico,483.9,Peru,Documental,2025-10-14,0
17491,31,Basico,734.7,Peru,Documental,2020-08-25,0
17492,13,Premium,1127.3,Brasil,Crimen,2019-12-10,0
17493,43,Estandar,522.3,Peru,Comedia,2025-06-07,2
17494,13,Basico,14.0,Brasil,Comedia,2025-07-05,0
17495,37,Premium,1122.6,Colombia,Comedia,2018-11-16,1
17496,36,Estandar,1267.7,Mexico,Crimen,2025-12-25,2
17497,41,Premium,1374.8,Uruguay,Crimen,2024-06-09,0
17498,44,Estandar,826.2,Uruguay,Comedia,2023-06-17,0
17499,67,Estandar,515.6,Peru,Romance,2019-04-14,4
17500,48,Basico,684.6,Brasil,Romance,2024-08-22,0
17501,37,Basico,769.8,Uruguay,Documental,2024-09-07,0
17502,40,Estandar,1258.8,Peru,Drama,2023-03-12,0
17503,36,Premium,1143.5,Colombia,Thriller,2021-08-25,1
17504,36,Estandar,0.0,Uruguay,Drama,2024-03-23,0
17505,28,Basico,161.6,Peru,Documental,2022-02-14,3
17506,41,Basico,107.9,Chile,Thriller,2022-12-29,1
17507,28,Basico,232.8,Colombia,Accion,2019-12-23,1
17508,46,Basico,249.4,Uruguay,Thriller,2021-06-15,0
17509,40,Estandar,940.3,Colombia,Thriller,2022-07-21,1
17510,47,Estandar,868.6,Colombia,Romance,2018-10-13,1
17511,23,Basico,343.1,Argentina,Romance,2024-09-16,0
17512,53,Premium,1133.1,Uruguay,Romance,2019-03-22,0
17513,27,Premium,1401.4,Mexico,Thriller,2025-09-08,0
17514,50,Premium,1327.7,Chile,Crimen,2024-09-08,0
17515,15,Basico,1402.9,Argentina,Accion,2022-04-02,0
17516,47,Basico,1090.7,Brasil,Thriller,2021-09-03,2
17517,34,Basico,298.7,Mexico,Drama,2023-07-18,0
17518,26,Basico,1083.1,Uruguay,Romance,2025-03-26,1
17519,35,Basico,487.5,Brasil,Documental,2025-05-28,1
17520,20,Estandar,826.5,Brasil,Accion,2018-09-09,1
17521,40,Estandar,889.9,Chile,Thriller,2019-01-06,0
17522,13,Premium,1408.4,Argentina,Crimen,2020-06-10,2
17523,32,Estandar,307.4,Uruguay,Thriller,2019-07-24,1
17524,43,Premium,433.2,Colombia,Accion,2024-07-06,0
17525,29,Basico,670.2,Peru,Romance,2025-02-18,1
17526,48,Basico,266.3,Peru,Comedia,2018-01-01,0
17527,32,Basico,593.8,Argentina,Comedia,2019-08-24,0
17528,55,Premium,838.7,Brasil,Comedia,2025-05-30,0
17529,40,Basico,431.5,Brasil,Drama,2019-09-04,0
17530,24,Basico,791.3,Uruguay,Documental,2023-01-30,0
17531,20,Premium,771.6,Peru,Thriller,2023-12-17,1
17532,21,Estandar,1213.9,Argentina,Romance,2021-04-08,1
17533,24,Basico,770.1,Brasil,Crimen,2022-05-17,0
17534,31,Estandar,697.7,Colombia,Romance,2024-11-26,0
17535,71,Estandar,856.4,Brasil,Crimen,2024-06-25,0
17536,27,Estandar,1057.6,Brasil,Romance,2023-01-06,0
17537,13,Basico,0.0,Mexico,Drama,2020-03-12,0
17538,47,Estandar,1297.1,Chile,Documental,2020-04-22,0
17539,24,Estandar,372.8,Uruguay,Accion,2022-02-14,3
17540,29,Basico,677.6,Chile,Romance,2021-07-20,0
17541,27,Basico,424.4,Argentina,Thriller,2022-02-14,2
17542,34,Estandar,789.9,Chile,Drama,2024-05-24,0
17543,21,Estandar,737.1,Chile,Crimen,2025-08-15,2
17544,13,Premium,1459.4,Chile,Comedia,2021-06-01,1
17545,30,Premium,932.7,Brasil,Comedia,2022-11-16,0
17546,26,Basico,406.8,Brasil,Thriller,2021-11-11,0
17547,18,Premium,1316.7,Argentina,Documental,2019-01-01,1
17548,27,Basico,317.4,Colombia,Comedia,2022-02-14,0
17549,53,Estandar,826.6,Peru,Romance,2018-02-03,0
17550,39,Estandar,1277.4,Argentina,Comedia,2024-09-11,1
17551,42,Estandar,942.4,Uruguay,Comedia,2023-09-22,1
17552,33,Basico,122.8,Peru,Thriller,2022-07-14,0
17553,13,Premium,1341.7,Peru,Thriller,2019-06-07,1
17554,48,Basico,943.4,Mexico,Crimen,2021-04-19,1
17555,27,Estandar,608.6,Brasil,Documental,2018-09-13,1
17556,35,Basico,469.6,Peru,Drama,2022-02-21,0
17557,44,Estandar,682.5,Argentina,Crimen,2024-02-27,1
17558,41,Estandar,1168.1,Colombia,Comedia,2018-08-06,0
17559,47,Premium,1001.1,Peru,Drama,2018-01-04,1
17560,46,Estandar,804.0,Uruguay,Thriller,2025-11-20,0
17561,27,Estandar,3628.4,Chile,Drama,2024-04-12,0
17562,38,Premium,1085.7,Colombia,Thriller,2022-01-11,0
17563,29,Basico,1144.4,Colombia,Romance,2019-03-26,1
17564,34,Basico,563.4,Uruguay,Crimen,2021-03-01,0
17565,36,Basico,506.3,Mexico,Drama,2018-05-08,0
17566,52,Basico,443.3,Mexico,Thriller,2020-08-21,0
17567,37,Basico,1045.1,Colombia,Documental,2022-11-04,0
17568,43,Premium,1672.2,Brasil,Crimen,2025-11-16,0
17569,39,Estandar,772.5,Argentina,Romance,2024-08-14,1
17570,27,Basico,704.7,Argentina,Accion,2022-06-03,0
17571,38,Estandar,866.0,Chile,Drama,2025-01-04,1
17572,32,Premium,1213.7,Argentina,Accion,2021-07-27,1
17573,33,Basico,1127.9,Chile,Crimen,2025-12-25,1
17574,47,Estandar,957.0,Colombia,Thriller,2022-04-17,0
17575,48,Estandar,1282.9,Uruguay,Crimen,2022-07-22,1
17576,43,Premium,863.8,Argentina,Thriller,2022-04-12,1
17577,40,Premium,3628.4,Brasil,Accion,2022-11-18,1
17578,26,Estandar,934.3,Colombia,Accion,2024-02-11,1
17579,17,Estandar,936.1,Uruguay,Documental,2020-05-15,0
17580,46,Estandar,795.0,Uruguay,Accion,2025-06-06,1
17581,25,Premium,827.1,Mexico,Documental,2022-02-14,3
17582,46,Estandar,847.7,Brasil,Thriller,2023-04-30,1
17583,44,Estandar,916.8,Chile,Drama,2019-07-24,0
17584,32,Premium,938.2,Chile,Comedia,2020-02-10,1
17585,25,Basico,712.8,Brasil,Drama,2024-03-25,0
17586,45,Basico,978.7,Mexico,Thriller,2022-04-25,0
17587,61,Premium,744.2,Mexico,Crimen,2022-01-15,0
17588,39,Estandar,447.3,Colombia,Comedia,2022-09-05,0
17589,13,Basico,374.5,Argentina,Documental,2019-09-24,1
17590,36,Basico,514.7,Argentina,Documental,2021-03-27,0
17591,28,Estandar,1496.6,Mexico,Documental,2025-07-07,0
17592,43,Basico,789.9,Argentina,Crimen,2019-05-30,0
17593,46,Estandar,594.0,Mexico,Crimen,2019-07-05,1
17594,43,Estandar,849.9,Colombia,Documental,2018-02-17,1
17595,24,Premium,1251.8,Uruguay,Thriller,2018-10-21,1
17596,32,Premium,1130.7,Mexico,Accion,2025-04-09,0
17597,31,Estandar,339.6,Mexico,Drama,2018-03-06,1
17598,38,Estandar,574.4,Chile,Documental,2019-08-13,2
17599,21,Premium,1364.3,Mexico,Comedia,2023-06-17,0
17600,36,Basico,43.1,Colombia,Thriller,2025-05-18,2
17601,44,Basico,624.9,Colombia,Drama,2022-11-24,0
17602,55,Estandar,837.6,Chile,Crimen,2019-07-11,2
17603,26,Basico,228.8,Brasil,Documental,2018-12-13,1
17604,17,Basico,407.3,Mexico,Comedia,2019-07-17,0
17605,49,Premium,816.7,Argentina,Drama,2025-03-15,0
17606,28,Estandar,192.6,Argentina,Accion,2022-08-31,0
17607,44,Basico,762.4,Chile,Romance,2023-02-11,1
17608,18,Basico,395.7,Peru,Drama,2025-10-19,1
17609,35,Basico,1050.2,Brasil,Thriller,2024-10-11,0
17610,29,Basico,957.8,Argentina,Drama,2022-10-10,0
17611,32,Basico,217.1,Argentina,Crimen,2024-12-27,0
17612,47,Premium,1126.1,Chile,Romance,2020-01-07,1
17613,36,Basico,357.2,Brasil,Drama,2023-02-05,0
17614,25,Basico,1168.9,Colombia,Documental,2023-09-18,0
17615,35,Basico,0.0,Peru,Documental,2022-10-04,1
17616,28,Basico,582.6,Brasil,Drama,2024-03-11,1
17617,48,Estandar,518.2,Brasil,Accion,2023-01-18,0
17618,43,Estandar,731.4,Argentina,Drama,2022-04-25,1
17619,26,Estandar,577.9,Mexico,Crimen,2021-12-26,1
17620,23,Basico,704.3,Uruguay,Romance,2020-07-13,1
17621,27,Premium,1123.6,Peru,Crimen,2020-02-01,0
17622,37,Basico,741.9,Colombia,Crimen,2022-10-06,0
17623,24,Basico,429.5,Mexico,Drama,2024-10-12,0
17624,13,Premium,729.4,Mexico,Accion,2018-01-31,1
17625,39,Basico,1115.6,Mexico,Accion,2024-06-25,0
17626,52,Premium,1010.4,Argentina,Documental,2023-08-03,0
17627,15,Estandar,1266.3,Chile,Romance,2020-08-27,0
17628,33,Basico,1037.1,Chile,Crimen,2025-12-26,3
17629,25,Premium,624.8,Colombia,Crimen,2023-08-18,1
17630,17,Basico,774.0,Chile,Documental,2021-01-07,2
17631,26,Estandar,880.1,Brasil,Drama,2022-02-14,2
17632,48,Basico,1196.6,Mexico,Crimen,2024-02-16,1
17633,33,Premium,839.9,Uruguay,Accion,2022-02-14,2
17634,13,Basico,850.7,Mexico,Documental,2022-02-12,0
17635,13,Estandar,3083.5,Brasil,Documental,2018-05-18,1
17636,56,Estandar,963.0,Peru,Crimen,2018-06-05,1
17637,46,Basico,307.8,Chile,Drama,2024-05-16,0
17638,29,Premium,1134.5,Peru,Documental,2022-02-14,2
17639,37,Basico,923.0,Brasil,Comedia,2025-11-27,2
17640,47,Estandar,455.2,Mexico,Accion,2022-02-18,1
17641,35,Estandar,533.9,Peru,Drama,2019-04-09,2
17642,16,Premium,757.2,Mexico,Crimen,2024-07-04,1
17643,52,Estandar,380.1,Mexico,Drama,2023-05-27,0
17644,28,Premium,1277.4,Peru,Romance,2025-09-29,1
17645,59,Basico,904.3,Mexico,Documental,2018-11-24,0
17646,56,Estandar,894.0,Argentina,Accion,2019-08-05,0
17647,32,Basico,1049.8,Uruguay,Accion,2023-11-27,0
17648,36,Premium,1114.4,Peru,Documental,2021-02-18,0
17649,31,Basico,0.0,Argentina,Drama,2023-03-20,0
17650,42,Premium,1627.2,Mexico,Accion,2023-10-19,0
17651,44,Estandar,458.1,Peru,Romance,2018-11-17,0
17652,32,Premium,1659.1,Brasil,Comedia,2023-11-14,1
17653,15,Basico,982.7,Chile,Comedia,2024-11-03,1
17654,52,Basico,3628.4,Peru,Romance,2018-12-29,0
17655,21,Basico,521.6,Argentina,Comedia,2020-10-01,0
17656,36,Basico,547.7,Brasil,Documental,2023-04-20,2
17657,39,Basico,1259.7,Mexico,Accion,2025-01-27,2
17658,27,Estandar,572.7,Chile,Accion,2025-06-11,0
17659,51,Basico,773.4,Brasil,Accion,2025-07-02,0
17660,32,Estandar,1054.2,Mexico,Romance,2018-11-16,1
17661,30,Estandar,1151.8,Mexico,Accion,2025-09-02,1
17662,20,Basico,1039.7,Peru,Comedia,2025-02-08,1
17663,40,Premium,1272.3,Chile,Romance,2024-01-18,1
17664,57,Basico,469.4,Mexico,Thriller,2024-07-02,2
17665,20,Basico,644.2,Peru,Thriller,2021-07-03,1
17666,47,Estandar,479.3,Mexico,Comedia,2024-11-16,1
17667,31,Basico,500.4,Mexico,Comedia,2018-08-05,1
17668,29,Premium,1382.3,Mexico,Comedia,2021-11-08,1
17669,39,Estandar,1345.6,Uruguay,Comedia,2022-02-14,0
17670,19,Estandar,472.1,Colombia,Documental,2018-02-14,0
17671,22,Basico,494.1,Colombia,Documental,2023-04-05,0
17672,36,Estandar,735.9,Chile,Drama,2023-02-03,1
17673,46,Estandar,768.1,Uruguay,Drama,2023-10-01,2
17674,23,Estandar,1020.2,Brasil,Accion,2023-04-06,1
17675,41,Basico,495.5,Mexico,Accion,2024-06-08,0
17676,29,Basico,625.6,Chile,Romance,2021-09-19,3
17677,34,Premium,1642.4,Argentina,Romance,2022-09-21,0
17678,47,Estandar,97.6,Peru,Romance,2021-12-16,1
17679,33,Estandar,820.5,Mexico,Drama,2021-04-21,0
17680,49,Basico,289.2,Chile,Romance,2021-03-30,1
17681,32,Estandar,408.8,Colombia,Comedia,2019-11-18,0
17682,33,Estandar,834.9,Peru,Documental,2018-05-25,2
17683,31,Premium,918.0,Colombia,Comedia,2025-10-17,1
17684,38,Premium,1283.2,Mexico,Comedia,2024-09-13,0
17685,39,Estandar,445.4,Peru,Documental,2021-05-30,1
17686,34,Estandar,1024.9,Colombia,Crimen,2024-04-27,0
17687,21,Basico,504.9,Peru,Thriller,2020-12-02,0
17688,54,Premium,1223.7,Mexico,Documental,2018-09-09,1
17689,13,Premium,1329.8,Mexico,Comedia,2025-01-21,1
17690,38,Estandar,1126.8,Chile,Accion,2023-04-23,2
17691,41,Basico,327.1,Uruguay,Romance,2024-06-26,1
17692,24,Premium,1348.0,Mexico,Thriller,2019-11-24,0
17693,41,Estandar,933.8,Uruguay,Crimen,2024-06-04,1
17694,20,Premium,1085.7,Colombia,Drama,2018-07-31,0
17695,13,Basico,785.1,Brasil,Comedia,2025-05-12,0
17696,31,Estandar,1264.8,Colombia,Comedia,2021-04-10,1
17697,17,Estandar,1106.7,Colombia,Accion,2025-01-01,1
17698,38,Basico,484.1,Mexico,Accion,2018-04-22,1
17699,25,Basico,445.0,Uruguay,Romance,2021-03-20,1
17700,28,Premium,1130.7,Mexico,Romance,2023-06-09,1
17701,42,Basico,810.0,Peru,Romance,2018-12-04,0
17702,28,Premium,1123.6,Peru,Documental,2019-06-04,5
17703,35,Estandar,1470.1,Peru,Comedia,2023-09-02,0
17704,27,Estandar,581.1,Uruguay,Documental,2018-11-11,0
17705,30,Estandar,800.0,Brasil,Comedia,2021-02-12,1
17706,13,Basico,296.2,Chile,Documental,2020-10-29,0
17707,40,Estandar,701.4,Colombia,Drama,2019-06-27,1
17708,36,Estandar,3628.4,Chile,Romance,2024-11-27,1
17709,56,Estandar,683.7,Uruguay,Crimen,2021-02-24,1
17710,27,Estandar,895.1,Peru,Documental,2021-01-02,0
17711,41,Estandar,1221.1,Mexico,Accion,2020-11-18,1
17712,46,Basico,1099.2,Argentina,Accion,2018-02-28,1
17713,26,Basico,860.8,Brasil,Crimen,2019-04-02,0
17714,54,Basico,1189.9,Brasil,Drama,2024-10-09,2
17715,58,Estandar,365.9,Colombia,Accion,2019-12-17,1
17716,48,Basico,0.0,Colombia,Drama,2024-08-20,1
17717,35,Premium,1681.1,Argentina,Thriller,2019-09-12,1
17718,27,Estandar,1353.6,Chile,Crimen,2025-05-23,1
17719,56,Estandar,626.9,Uruguay,Accion,2023-01-04,1
17720,39,Basico,955.5,Colombia,Thriller,2022-02-23,1
17721,22,Estandar,997.5,Argentina,Thriller,2019-12-20,1
17722,47,Basico,119.8,Mexico,Romance,2020-12-06,2
17723,34,Basico,398.9,Chile,Accion,2025-11-10,1
17724,33,Estandar,1353.2,Peru,Thriller,2020-08-25,1
17725,34,Estandar,746.5,Peru,Romance,2023-10-06,1
17726,13,Basico,177.7,Colombia,Accion,2020-01-11,1
17727,35,Premium,1142.4,Peru,Drama,2023-12-01,1
17728,37,Basico,150.1,Uruguay,Drama,2022-02-14,3
17729,32,Premium,1308.3,Argentina,Crimen,2021-11-05,4
17730,26,Estandar,1006.1,Argentina,Drama,2018-12-12,1
17731,33,Basico,598.0,Mexico,Drama,2019-08-18,0
17732,52,Basico,495.1,Peru,Romance,2022-02-14,2
17733,34,Basico,157.1,Uruguay,Thriller,2019-09-24,0
17734,45,Basico,600.4,Mexico,Documental,2023-07-25,1
17735,19,Basico,909.8,Brasil,Romance,2022-08-19,0
17736,60,Basico,967.3,Mexico,Accion,2022-04-19,1
17737,27,Basico,365.2,Chile,Drama,2020-09-01,2
17738,13,Estandar,395.0,Mexico,Drama,2025-05-30,0
17739,38,Estandar,772.7,Mexico,Crimen,2022-12-08,5
17740,44,Premium,1071.1,Peru,Comedia,2025-02-24,2
17741,51,Basico,0.0,Colombia,Documental,2019-11-17,0
17742,30,Estandar,742.0,Uruguay,Thriller,2020-05-13,2
17743,47,Premium,362.4,Chile,Drama,2024-06-24,1
17744,25,Basico,0.0,Chile,Crimen,2021-11-14,0
17745,13,Basico,378.4,Chile,Romance,2018-08-11,1
17746,40,Basico,0.0,Colombia,Drama,2025-03-15,0
17747,47,Basico,613.7,Uruguay,Comedia,2020-12-18,5
17748,33,Basico,471.6,Colombia,Romance,2019-04-21,0
17749,34,Premium,1345.8,Uruguay,Comedia,2018-08-04,0
17750,52,Basico,392.5,Uruguay,Drama,2019-11-18,1
17751,17,Premium,835.0,Peru,Crimen,2023-03-16,5
17752,24,Premium,1299.2,Mexico,Documental,2022-06-22,0
17753,40,Basico,429.4,Colombia,Drama,2023-05-05,0
17754,46,Basico,521.9,Uruguay,Drama,2021-05-19,0
17755,14,Estandar,494.8,Colombia,Drama,2023-05-05,1
17756,48,Premium,1126.1,Chile,Drama,2023-12-22,1
17757,33,Estandar,601.4,Chile,Crimen,2020-08-15,2
17758,36,Estandar,650.4,Argentina,Thriller,2022-04-05,0
17759,33,Basico,849.0,Uruguay,Drama,2025-08-31,2
17760,42,Basico,1117.2,Mexico,Thriller,2025-11-30,3
17761,58,Basico,474.1,Uruguay,Accion,2022-05-17,2
17762,38,Estandar,1085.5,Mexico,Crimen,2023-04-28,0
17763,18,Premium,1150.7,Peru,Romance,2020-12-11,0
17764,32,Basico,252.3,Chile,Thriller,2019-08-18,0
17765,23,Basico,751.0,Peru,Documental,2023-12-13,0
17766,30,Basico,453.5,Chile,Comedia,2022-11-16,0
17767,30,Basico,649.8,Peru,Crimen,2018-02-18,0
17768,37,Basico,181.7,Colombia,Accion,2022-02-14,2
17769,27,Basico,3584.7,Argentina,Thriller,2023-01-13,1
17770,19,Estandar,950.2,Brasil,Thriller,2022-04-14,0
17771,27,Basico,524.3,Brasil,Comedia,2025-08-11,1
17772,51,Premium,1024.9,Argentina,Accion,2021-07-17,1
17773,33,Basico,670.2,Chile,Comedia,2023-12-12,0
17774,48,Estandar,753.3,Brasil,Crimen,2025-08-29,0
17775,39,Basico,336.9,Peru,Thriller,2018-06-18,3
17776,53,Basico,770.8,Chile,Comedia,2019-02-03,2
17777,45,Basico,419.0,Brasil,Accion,2023-12-17,1
17778,43,Basico,716.0,Chile,Drama,2025-02-23,0
17779,44,Basico,976.1,Peru,Drama,2021-12-20,0
17780,41,Estandar,1314.6,Mexico,Drama,2022-11-04,1
17781,13,Basico,498.6,Argentina,Documental,2024-11-05,1
17782,38,Estandar,630.2,Peru,Thriller,2025-04-24,1
17783,29,Basico,542.1,Brasil,Crimen,2021-01-21,1
17784,38,Estandar,492.2,Mexico,Documental,2021-10-04,1
17785,29,Estandar,252.3,Argentina,Thriller,2021-01-12,0
17786,22,Premium,1328.5,Brasil,Drama,2020-12-29,0
17787,42,Basico,637.8,Colombia,Accion,2019-02-07,0
17788,46,Estandar,802.8,Mexico,Romance,2020-11-11,1
17789,42,Basico,624.9,Peru,Comedia,2025-05-04,1
17790,34,Basico,1009.7,Brasil,Accion,2024-07-20,1
17791,19,Basico,3628.4,Uruguay,Accion,2022-05-22,0
17792,40,Basico,770.8,Brasil,Drama,2023-03-04,1
17793,32,Basico,933.4,Uruguay,Accion,2025-07-28,1
17794,46,Basico,893.6,Brasil,Crimen,2020-09-17,2
17795,28,Basico,750.4,Chile,Thriller,2025-07-15,2
17796,41,Estandar,953.3,Chile,Drama,2024-08-08,0
17797,31,Premium,1119.6,Brasil,Thriller,2020-03-09,1
17798,32,Premium,1333.7,Chile,Drama,2023-10-31,1
17799,45,Estandar,578.3,Colombia,Thriller,2021-10-14,0
17800,36,Estandar,1021.1,Peru,Documental,2025-08-07,2
17801,40,Premium,1264.1,Brasil,Documental,2025-09-28,0
17802,55,Premium,858.0,Uruguay,Accion,2020-01-07,2
17803,37,Estandar,1040.5,Chile,Accion,2021-07-07,0
17804,45,Basico,591.1,Uruguay,Romance,2024-02-22,1
17805,29,Estandar,719.3,Colombia,Documental,2018-02-13,2
17806,40,Estandar,576.8,Uruguay,Crimen,2025-07-18,1
17807,50,Estandar,589.6,Mexico,Documental,2018-02-04,2
17808,29,Basico,513.3,Brasil,Documental,2018-10-06,1
17809,18,Estandar,1297.5,Mexico,Crimen,2018-02-18,0
17810,37,Estandar,859.1,Mexico,Romance,2022-08-12,1
17811,28,Premium,1423.5,Chile,Comedia,2019-02-05,0
17812,33,Basico,910.7,Argentina,Documental,2023-11-22,2
17813,51,Estandar,447.1,Chile,Thriller,2019-03-02,3
17814,47,Basico,946.3,Argentina,Romance,2025-09-08,0
17815,30,Premium,1365.6,Peru,Romance,2023-01-01,1
17816,26,Estandar,1025.5,Argentina,Accion,2021-12-10,1
17817,48,Estandar,841.6,Colombia,Comedia,2020-06-17,0
17818,18,Estandar,919.7,Argentina,Accion,2021-03-06,0
17819,50,Basico,619.2,Mexico,Thriller,2020-10-28,1
17820,33,Estandar,1008.5,Argentina,Documental,2020-03-01,0
17821,29,Estandar,338.7,Uruguay,Drama,2018-05-20,0
17822,45,Premium,1457.3,Argentina,Documental,2018-04-08,0
17823,42,Estandar,757.5,Peru,Accion,2024-12-12,1
17824,33,Premium,1011.4,Argentina,Crimen,2019-01-12,1
17825,32,Estandar,3151.9,Argentina,Comedia,2018-08-21,2
17826,23,Basico,804.8,Uruguay,Romance,2024-08-30,0
17827,50,Premium,1135.7,Peru,Comedia,2022-02-14,2
17828,48,Premium,1271.4,Uruguay,Accion,2020-06-07,3
17829,47,Basico,720.1,Colombia,Romance,2024-09-21,0
17830,13,Estandar,39.3,Brasil,Accion,2025-02-26,0
17831,30,Basico,744.1,Argentina,Documental,2019-05-14,0
17832,29,Estandar,1220.6,Mexico,Documental,2025-12-10,1
17833,37,Estandar,824.0,Argentina,Documental,2019-05-07,1
17834,41,Basico,1107.6,Colombia,Thriller,2018-12-20,0
17835,13,Premium,936.4,Mexico,Crimen,2024-10-12,1
17836,16,Basico,700.9,Mexico,Accion,2019-06-17,0
17837,24,Estandar,482.3,Argentina,Accion,2022-03-20,1
17838,22,Estandar,997.3,Brasil,Thriller,2025-05-12,1
17839,41,Basico,615.6,Brasil,Accion,2025-04-07,0
17840,31,Premium,1541.2,Brasil,Comedia,2024-05-07,2
17841,22,Basico,402.6,Chile,Crimen,2020-01-27,1
17842,44,Estandar,290.3,Argentina,Thriller,2019-03-31,1
17843,33,Basico,591.9,Colombia,Comedia,2025-10-20,5
17844,15,Basico,732.3,Uruguay,Accion,2020-01-25,0
17845,53,Estandar,931.8,Peru,Accion,2020-11-03,0
17846,40,Estandar,782.0,Colombia,Documental,2021-04-21,3
17847,45,Basico,1046.1,Uruguay,Drama,2023-03-28,1
17848,42,Basico,597.6,Colombia,Romance,2025-05-29,0
17849,42,Basico,249.1,Brasil,Crimen,2018-11-07,3
17850,55,Estandar,479.7,Argentina,Comedia,2025-03-01,0
17851,46,Premium,783.6,Chile,Accion,2023-02-01,0
17852,40,Basico,847.1,Chile,Romance,2021-02-06,1
17853,37,Estandar,1047.3,Argentina,Crimen,2022-10-15,1
17854,31,Estandar,879.0,Colombia,Thriller,2025-10-06,0
17855,35,Basico,362.7,Chile,Comedia,2025-06-27,1
17856,38,Premium,235.9,Argentina,Thriller,2021-08-17,0
17857,41,Basico,158.6,Colombia,Documental,2020-11-20,0
17858,32,Estandar,914.2,Peru,Romance,2019-10-26,2
17859,36,Basico,858.3,Brasil,Drama,2018-10-31,0
17860,43,Basico,797.6,Argentina,Accion,2021-02-09,0
17861,16,Basico,284.1,Uruguay,Documental,2018-09-13,1
17862,35,Estandar,807.9,Uruguay,Crimen,2022-04-17,0
17863,47,Estandar,758.6,Argentina,Thriller,2022-05-11,0
17864,45,Estandar,1204.7,Peru,Documental,2021-09-24,1
17865,35,Basico,762.4,Uruguay,Crimen,2018-09-04,1
17866,32,Estandar,1268.0,Brasil,Documental,2020-11-23,1
17867,28,Premium,1187.4,Mexico,Thriller,2020-12-20,0
17868,37,Estandar,706.0,Argentina,Drama,2019-12-30,0
17869,42,Estandar,1200.6,Colombia,Romance,2022-12-10,3
17870,25,Estandar,688.5,Mexico,Drama,2018-10-12,0
17871,20,Estandar,687.5,Colombia,Thriller,2023-07-08,1
17872,13,Basico,1239.3,Colombia,Crimen,2020-04-01,1
17873,43,Estandar,989.0,Mexico,Thriller,2024-11-04,0
17874,30,Basico,368.7,Chile,Accion,2022-05-28,0
17875,23,Basico,989.0,Mexico,Documental,2020-01-01,1
17876,46,Estandar,547.1,Argentina,Crimen,2025-03-28,2
17877,19,Basico,542.5,Argentina,Thriller,2023-07-09,1
17878,43,Basico,768.0,Argentina,Accion,2019-03-21,1
17879,39,Basico,351.8,Mexico,Accion,2019-08-13,1
17880,19,Estandar,614.1,Uruguay,Romance,2024-01-24,0
17881,35,Basico,3479.2,Colombia,Comedia,2022-11-02,0
17882,19,Basico,600.9,Colombia,Comedia,2022-02-14,2
17883,42,Estandar,947.2,Colombia,Thriller,2024-11-19,3
17884,25,Estandar,551.2,Argentina,Accion,2025-03-20,0
17885,32,Estandar,1173.1,Chile,Documental,2019-03-12,0
17886,49,Premium,729.0,Colombia,Romance,2022-12-14,0
17887,43,Estandar,938.5,Colombia,Drama,2020-11-26,0
17888,37,Basico,967.3,Brasil,Comedia,2022-02-14,2
17889,14,Basico,1118.8,Peru,Drama,2018-05-23,0
17890,14,Basico,529.9,Chile,Documental,2018-10-26,1
17891,56,Estandar,840.6,Chile,Drama,2018-10-16,1
17892,35,Premium,1508.1,Peru,Drama,2024-05-29,1
17893,40,Premium,1261.5,Argentina,Documental,2020-10-23,1
17894,46,Estandar,1158.5,Colombia,Drama,2023-01-01,0
17895,41,Premium,1016.0,Brasil,Accion,2018-03-18,0
17896,50,Estandar,848.4,Mexico,Documental,2023-08-01,2
17897,57,Basico,0.0,Argentina,Documental,2019-09-02,2
17898,39,Premium,1100.0,Uruguay,Accion,2025-04-28,0
17899,28,Estandar,857.3,Uruguay,Crimen,2025-03-07,1
17900,43,Basico,845.5,Chile,Thriller,2018-01-04,0
17901,34,Estandar,532.2,Mexico,Drama,2018-06-04,0
17902,30,Basico,505.7,Brasil,Thriller,2025-06-15,0
17903,13,Estandar,620.4,Peru,Documental,2022-05-19,1
17904,41,Basico,27.6,Uruguay,Thriller,2020-12-27,2
17905,49,Basico,1079.3,Chile,Documental,2019-09-13,0
17906,41,Premium,775.9,Colombia,Comedia,2025-11-07,0
17907,33,Basico,495.1,Argentina,Comedia,2021-09-12,0
17908,48,Premium,1119.3,Uruguay,Documental,2022-05-22,0
17909,47,Estandar,1237.7,Peru,Drama,2022-02-14,2
17910,25,Basico,759.6,Mexico,Thriller,2018-01-16,1
17911,51,Estandar,982.5,Argentina,Comedia,2023-10-13,1
17912,44,Basico,696.3,Peru,Romance,2025-12-08,1
17913,38,Premium,673.0,Colombia,Comedia,2023-07-03,0
17914,44,Basico,1077.6,Uruguay,Romance,2023-05-13,1
17915,42,Basico,486.0,Peru,Thriller,2022-11-22,5
17916,62,Basico,920.4,Colombia,Crimen,2022-07-13,0
17917,39,Basico,545.3,Colombia,Documental,2018-10-15,0
17918,18,Basico,717.9,Argentina,Crimen,2024-01-22,0
17919,53,Estandar,840.6,Chile,Crimen,2020-07-14,0
17920,53,Basico,267.6,Brasil,Comedia,2018-01-14,2
17921,31,Estandar,701.4,Brasil,Documental,2022-04-24,1
17922,38,Basico,563.3,Brasil,Comedia,2025-09-24,0
17923,27,Premium,1076.7,Uruguay,Romance,2023-05-29,0
17924,23,Basico,755.2,Peru,Crimen,2022-02-14,0
17925,30,Estandar,596.0,Chile,Crimen,2024-05-12,3
17926,56,Basico,594.4,Uruguay,Crimen,2024-01-02,1
17927,34,Premium,911.0,Peru,Drama,2022-01-10,1
17928,20,Estandar,902.5,Argentina,Documental,2021-09-27,1
17929,39,Premium,1339.0,Colombia,Romance,2025-08-24,0
17930,46,Basico,601.6,Uruguay,Comedia,2021-05-25,1
17931,14,Estandar,1391.9,Colombia,Crimen,2022-06-29,1
17932,27,Premium,1170.6,Peru,Accion,2018-08-15,2
17933,43,Estandar,1094.1,Mexico,Romance,2025-02-02,1
17934,43,Estandar,528.4,Peru,Drama,2025-04-04,2
17935,19,Premium,1440.9,Brasil,Romance,2019-01-07,4
17936,36,Basico,647.8,Uruguay,Romance,2022-02-14,2
17937,28,Basico,724.1,Argentina,Crimen,2023-12-30,1
17938,43,Estandar,1384.7,Chile,Romance,2021-10-24,1
17939,29,Estandar,1010.6,Chile,Romance,2018-11-26,2
17940,26,Premium,1251.2,Colombia,Crimen,2023-02-26,0
17941,33,Basico,914.7,Colombia,Romance,2021-04-02,0
17942,47,Basico,617.7,Brasil,Documental,2025-04-07,0
17943,45,Premium,1033.1,Colombia,Comedia,2020-04-11,1
17944,48,Basico,614.5,Uruguay,Thriller,2019-12-25,0
17945,48,Estandar,840.8,Peru,Accion,2024-03-21,2
17946,31,Basico,805.0,Mexico,Accion,2018-06-11,2
17947,35,Premium,1450.8,Mexico,Comedia,2022-04-23,2
17948,24,Basico,424.5,Uruguay,Drama,2025-05-30,0
17949,42,Basico,582.5,Colombia,Crimen,2020-02-22,1
17950,39,Basico,825.0,Mexico,Crimen,2021-05-09,1
17951,49,Premium,1035.5,Brasil,Accion,2025-10-21,0
17952,54,Basico,565.7,Argentina,Crimen,2022-02-14,2
17953,39,Estandar,213.6,Uruguay,Thriller,2019-03-14,0
17954,36,Basico,568.8,Uruguay,Thriller,2025-01-27,0
17955,35,Basico,746.2,Uruguay,Thriller,2025-09-22,0
17956,17,Estandar,912.0,Brasil,Accion,2022-01-11,3
17957,25,Estandar,917.7,Argentina,Comedia,2023-06-16,3
17958,30,Estandar,1178.0,Uruguay,Thriller,2018-12-14,0
17959,38,Estandar,1009.4,Uruguay,Documental,2025-02-04,1
17960,43,Basico,229.5,Uruguay,Comedia,2022-11-29,0
17961,48,Estandar,841.9,Brasil,Comedia,2020-02-16,1
17962,23,Estandar,879.5,Peru,Thriller,2022-02-14,0
17963,42,Estandar,652.4,Chile,Documental,2018-05-27,2
17964,36,Basico,362.2,Mexico,Drama,2020-03-01,1
17965,32,Basico,776.4,Brasil,Accion,2018-04-14,5
17966,42,Estandar,1081.4,Argentina,Thriller,2024-08-25,1
17967,33,Basico,566.8,Chile,Crimen,2020-09-03,0
17968,17,Basico,517.1,Brasil,Documental,2023-06-27,2
17969,29,Basico,757.3,Brasil,Accion,2022-05-12,1
17970,42,Basico,1051.9,Colombia,Drama,2018-09-16,1
17971,33,Basico,550.3,Peru,Romance,2024-01-24,2
17972,31,Premium,1003.2,Brasil,Accion,2025-03-20,1
17973,30,Premium,572.9,Chile,Thriller,2021-06-14,1
17974,38,Basico,820.2,Colombia,Documental,2023-08-09,3
17975,33,Basico,341.9,Chile,Comedia,2022-02-14,3
17976,47,Premium,1090.8,Argentina,Romance,2023-01-15,2
17977,26,Estandar,833.6,Peru,Crimen,2018-03-09,0
17978,26,Basico,0.0,Brasil,Documental,2018-06-01,1
17979,29,Basico,951.7,Peru,Crimen,2021-10-21,1
17980,47,Basico,0.0,Peru,Comedia,2018-08-18,1
17981,17,Basico,978.2,Chile,Comedia,2021-10-15,0
17982,39,Basico,401.2,Peru,Crimen,2018-06-25,0
17983,13,Basico,273.5,Uruguay,Drama,2022-07-19,3
17984,48,Basico,152.9,Brasil,Documental,2019-04-30,1
17985,28,Premium,1238.2,Argentina,Drama,2020-05-17,1
17986,47,Estandar,1141.9,Argentina,Drama,2025-05-02,1
17987,50,Premium,770.9,Chile,Crimen,2025-06-26,0
17988,26,Basico,1079.5,Colombia,Thriller,2023-11-13,0
17989,42,Premium,3503.1,Colombia,Comedia,2023-02-21,0
17990,46,Basico,747.6,Chile,Crimen,2025-08-09,0
17991,13,Premium,1367.4,Peru,Romance,2024-01-07,0
17992,19,Basico,195.7,Brasil,Documental,2019-09-03,3
17993,25,Basico,169.5,Brasil,Crimen,2022-02-14,2
17994,24,Basico,437.0,Mexico,Romance,2020-08-12,0
17995,27,Basico,605.4,Argentina,Crimen,2018-10-23,0
17996,36,Basico,570.9,Mexico,Drama,2018-06-01,0
17997,28,Estandar,959.7,Mexico,Accion,2019-08-03,0
17998,43,Premium,1123.6,Peru,Comedia,2023-06-26,0
17999,35,Basico,699.0,Uruguay,Drama,2025-05-02,1
